"Data Source","World Development Indicators",

"Last Updated Date","2026-07-13",

"Country Name","Country Code","Indicator Name","Indicator Code","1960","1961","1962","1963","1964","1965","1966","1967","1968","1969","1970","1971","1972","1973","1974","1975","1976","1977","1978","1979","1980","1981","1982","1983","1984","1985","1986","1987","1988","1989","1990","1991","1992","1993","1994","1995","1996","1997","1998","1999","2000","2001","2002","2003","2004","2005","2006","2007","2008","2009","2010","2011","2012","2013","2014","2015","2016","2017","2018","2019","2020","2021","2022","2023","2024","2025",
"Uzbekistan","UZB","Intentional homicides, male (per 100,000 male)","VC.IHR.PSRC.MA.P5","","","","","","","","","","","","","","","","","","","","","","","","","","","","","","","","","","","","","","","","","","","","","","","","","","","","","","","","3.2942202808284","3.16707822816507","2.40811880410449","1.82690559894456","1.5530523121292","1.70127827729034","1.73770682476246","","","","",
"Uzbekistan","UZB","Battle-related deaths (number of people)","VC.BTL.DETH","","","","","","","","","","","","","","","","","","","","","","","","","","","","","","","","","","","","","","","","50","297","","","","37","","","","","","","","","","","","","","","","","","","","","",
"Uzbekistan","UZB","High-technology exports (current US$)","TX.VAL.TECH.CD","","","","","","","","","","","","","","","","","","","","","","","","","","","","","","","","","","","","","","","","","","","","","","","","","","","","","","","","","","39348767","12132374","20474819","42220494","15074495","83976163","200637379","96321857","",
"Uzbekistan","UZB","Merchandise exports to low- and middle-income economies within region (% of total merchandise exports)","TX.VAL.MRCH.WR.ZS","","","","","","","","","","","","","","","","","","","","","","","","","","","","","","","","","","14.1809662921769","13.5138919849637","26.3754771475944","20.6992737493639","25.2379333959258","25.6466004227049","28.4038326606508","17.597002954163","17.5970031117383","17.5970030147231","17.5970030611286","16.7847279939443","16.7847278961294","16.7847279516296","16.7847280003067","16.7847279567633","16.7847281044261","16.7847280440017","16.7847280020093","16.7847279995775","16.7847279899313","16.784727953213","16.7847279021276","28.3865274575376","33.8372079061466","35.2972022885928","39.2357301629413","41.1589636831766","45.0054638226379","42.1148824935721","36.3653686750196","","",
"Uzbekistan","UZB","Merchandise exports to low- and middle-income economies in South Asia (% of total merchandise exports)","TX.VAL.MRCH.R5.ZS","","","","","","","","","","","","","","","","","","","","","","","","","","","","","","","","","","0.142970964179783","0.315461112944382","0.480027885015599","0.175334262497785","0.14802839730762","1.09158139461135","4.41860339137759","12.0586229044372","12.0586228509165","12.0586228972888","12.0586229255112","12.1774888978504","12.1774889470967","12.1774889412252","12.1774889108929","12.1774889196721","12.1774888673375","12.1774888969786","12.1774889443166","12.1774888682305","12.1774889185598","12.177488943188","12.1774889408778","9.99152694735998","9.61608228924427","8.51030681807626","5.83197201205393","9.0568851119048","8.09700384252008","6.87800379850562","9.33276446638086","","",
"Uzbekistan","UZB","Merchandise exports to low- and middle-income economies in East Asia & Pacific (% of total merchandise exports)","TX.VAL.MRCH.R1.ZS","","","","","","","","","","","","","","","","","","","","","","","","","","","","","","","","","7.72948724373459","1.65833739231764","3.78284749945978","2.51893138029891","5.69681398206923","5.64885463652703","7.35214606528697","2.83379255443","34.1997571472419","34.1997571059744","34.1997570833972","34.1997572137023","34.5368761171651","34.5368761025685","34.5368761148315","34.5368760938826","34.5368760890428","34.5368760886016","34.536876099405","34.5368760943791","34.5368761234998","34.5368760535597","34.5368760876213","34.53687613026","26.1666651174127","19.7119703721936","25.9124128792785","22.9051549527093","18.4711645982514","18.095503448398","18.0708597903072","15.2569537879613","","",
"Uzbekistan","UZB","Merchandise exports to economies in the Arab World (% of total merchandise exports)","TX.VAL.MRCH.AL.ZS","","","","","","","","","","","","","","","","","","","","","","","","","","","","","","","","","0.130989036263127","","0.0343726646716881","0.0234255119735574","0.552264682967736","0.338013719979289","0.319399266725647","0.289763565963524","0.880030922780201","0.880030852306378","0.880030671756086","0.880030734293042","0.888705612026682","0.888705551825805","0.888705529340778","0.888705549582163","0.888705509670297","0.888705490728979","0.888705525604305","0.888705504161077","0.888705642794781","0.888705553978906","0.888705499443993","0.888705574223883","0.794424065496676","0.799283953265638","0.598955847359348","1.64376600761469","2.14961547287454","1.25469235907825","0.701860549038831","1.94296415589992","","",
"Uzbekistan","UZB","ICT goods exports (% of total goods exports)","TX.VAL.ICTG.ZS.UN","","","","","","","","","","","","","","","","","","","","","","","","","","","","","","","","","","","","","","","","","","","","","","","","","","","","","","","","","","0.1","0.11","0.12","0.16","0.16","0.53","0.85","0.35","",
"Uzbekistan","UZB","Export unit value index (2015 = 100)","TX.UVI.MRCH.XD.WD","","","","","","","","","","","","","","","","","","","","","","","","","","","","","","","","","","","","","","","","","57","53.9","53.3","63.9","71.7","80.4","91.2","98.8","115.4","93.3","115.5","146.3","124.9","122.8","117","100","99.5","106.9","113.1","105.9","110","145.1","167.7","157.5","170","",
"Uzbekistan","UZB","Travel services (% of commercial service imports)","TM.VAL.TRVL.ZS.WT","","","","","","","","","","","","","","","","","","","","","","","","","","","","","","","","","","","","","","","","","","","","","","33.0889767648845","32.9149409222327","39.2123310279789","34.5327972417041","39.8453951556982","39.0179921741496","45.8290338787707","47.5646053533685","44.6707766992235","38.8038776019971","51.7300354018083","40.3717764794144","40.079224930056","43.4169472947714","43.6121489397458","26.9697546961529","33.7039095701544","43.2131433902278","37.5594854565741","41.885547962069","41.3810744557379",
"Uzbekistan","UZB","Import value index (2015 = 100)","TM.VAL.MRCH.XD.WD","","","","","","","","","","","","","","","","","","","","","","","","","","","","","","","","","","","","","","","","","","","","","","31.8","38","55.3","79.8","77.7","75.9","91.4","103.9","113.4","121.4","100","97.3","104.8","150","188.5","171.9","206.6","247.8","311.9","309","",
"Uzbekistan","UZB","Merchandise imports from low- and middle-income economies in Sub-Saharan Africa (% of total merchandise imports)","TM.VAL.MRCH.R6.ZS","","","","","","","","","","","","","","","","","","","","","","","","","","","","","","","","","","","","0.00279954281139523","0.0397814979425237","0.00700615606278769","","","0.139630622004784","0.139630793375681","0.139630741610016","0.139630679101544","0.140261895409547","0.140261844085991","0.140261968554197","0.140261842370644","0.14026191599935","0.140261912577399","0.140261908587619","0.140259998751155","0.140250774633181","0.140250803631773","0.140250805486029","0.140250793167996","0.0985888954013047","0.0845144395164294","0.06352050538628","0.0819787353633712","0.0498194115768484","0.0819881655373311","0.0650894319628237","0.172555369976719","","",
"Uzbekistan","UZB","Merchandise imports from low- and middle-income economies in Europe & Central Asia (% of total merchandise imports)","TM.VAL.MRCH.R2.ZS","","","","","","","","","","","","","","","","","","","","","","","","","","","","","","","","","","32.1703633601432","15.1055728434755","24.4138039677678","22.9833145151821","22.2970295485273","23.1900140711486","22.4708676126637","13.948674841746","13.9486746548342","13.9486747219167","13.948674842109","13.5596617488855","13.5596619166702","13.5596618220126","13.5596617923196","13.5596618343229","13.5596617234847","13.559661817728","13.5608240257898","13.5664906328675","13.5664906079783","13.5664906130251","13.5664906020149","16.4908808696775","17.6609895113567","22.8331452759682","22.1775084848498","21.5815013811932","26.9109653965462","23.7811286715815","19.5776588494894","","",
"Uzbekistan","UZB","Merchandise imports (current US$)","TM.VAL.MRCH.CD.WT","","","","","","","","","","","","","","","","","","","","","","","","","","","","","","","","","2862000000","2829000000","2605000000","2750000000","4710000000","4185000000","3290000000","3110000000","2697000000","2814000000","2425000000","2662000000","3392000000","3666000000","4380000000","6340000000","9277000000","9023000000","8689000000","10472000000","12034000000","13138000000","13925000000","11461000000","11328000000","12035000000","17312000000","21867000000","19932000000","23740000000","28220000000","35575000000","35238000000","41746000000",
"Uzbekistan","UZB","Insurance and financial services (% of commercial service imports)","TM.VAL.INSF.ZS.WT","","","","","","","","","","","","","","","","","","","","","","","","","","","","","","","","","","","","","","","","","","","","","","5.04013602925263","5.32969515423766","5.19889269674198","5.1900065429424","4.89918259197006","1.13768587061315","0.963865214019198","1.70655945342577","1.6486658626487","2.99513163336358","2.42868232991676","3.48815483937079","4.09920582147633","3.62187949177935","3.40062715322606","4.46558568669368","4.15911919126675","3.54796791427267","4.27866679265548","3.33437894939609","3.54400196770483",
"Uzbekistan","UZB","Agricultural raw materials imports (% of merchandise imports)","TM.VAL.AGRI.ZS.UN","","","","","","","","","","","","","","","","","","","","","","","","","","","","","","","","","","","","","","","","","","","","","","","","","","","","","","","","","","3.23782053059222","2.88687464059733","2.0577848414097","2.3553966592251","2.08588191174979","2.4268275125562","1.70808538602168","1.89377211216791","",
"Uzbekistan","UZB","Tariff rate, most favored nation, simple mean, primary products (%)","TM.TAX.TCOM.SM.FN.ZS","","","","","","","","","","","","","","","","","","","","","","","","","","","","","","","","","","","","","","","","","","8.23","","","","","14.96","14.96","14.87","14.91","","","15.02","","13.83","13.84","","","","","7.36","9.82","","","","",
"Uzbekistan","UZB","Tariff rate, most favored nation, weighted mean, all products (%)","TM.TAX.MRCH.WM.FN.ZS","","","","","","","","","","","","","","","","","","","","","","","","","","","","","","","","","","","","","","","","","","5.83","","","","","11.46","11.91","11.82","11.12","","","11.95","","10.59","9.26","","","","","4.53","4.87","","","","",
"Uzbekistan","UZB","Bound rate, simple mean, all products (%)","TM.TAX.MRCH.BR.ZS","","","","","","","","","","","","","","","","","","","","","","","","","","","","","","","","","","","","","","","","","","","","","","","","","","","","","","","","","","","","","","","","","","",
"Uzbekistan","UZB","Tariff rate, most favored nation, simple mean, manufactured products (%)","TM.TAX.MANF.SM.FN.ZS","","","","","","","","","","","","","","","","","","","","","","","","","","","","","","","","","","","","","","","","","","11.8","","","","","15.52","15.52","15.36","15.16","","","15.16","","14.35","13.98","","","","","6.19","6.5","","","","",
"Uzbekistan","UZB","Import volume index (2015 = 100)","TM.QTY.MRCH.XD.WD","","","","","","","","","","","","","","","","","","","","","","","","","","","","","","","","","","","","","","","","","","","","","","36.5","41","56.9","75.2","77.7","72.9","80","92.7","103.3","111.9","100","98","102.2","140.3","179.7","164.8","172.6","188.1","244.1","245.6","",
"Uzbekistan","UZB","International tourism, expenditures for travel items (current US$)","ST.INT.TVLX.CD","","","","","","","","","","","","","","","","","","","","","","","","","","","","","","","","","","","","","","","","","","","","","","","","","","","","","","","1114000000","1594000000","1382000000","1631000000","2243000000","2313000000","888000000","","","","","",
"Uzbekistan","UZB","International tourism, receipts (% of total exports)","ST.INT.RCPT.XP.ZS","","","","","","","","","","","","","","","","","","","","","","","","","","","","","","","","","","","","","","","","","","","","","","","","","","","","","","","5.10541441599704","5.8081408491616","5.48819489189603","6.72724217650885","9.29598328758046","9.86154253722668","2.71730782611764","","","","","",
"Uzbekistan","UZB","Unmet need for contraception (% of married women ages 15-49)","SP.UWT.TFRT","","","","","","","","","","","","","","","","","","","","","","","","","","","","","","","","","","","","","13.7","","","","","","","","","","","","","","","","","","","","","","","","","","10.9609584563432","","","",
"Uzbekistan","UZB","Rural population (% of total population)","SP.RUR.TOTL.ZS","65.6696014404297","65.0843162536621","64.8573150634766","64.7302436828613","64.6450119018555","64.4765510559082","64.3053016662598","63.9746208190918","63.5727005004883","63.4281616210938","63.3537941395461","63.3105354309082","62.8972129821777","62.3223648071289","61.817081451416","61.2591857910156","60.7280120849609","60.269775390625","59.3520278930664","59.083997747005","58.9252662658691","58.827953338623","58.8234252929688","58.807300567627","59.0160369873047","59.372241973877","59.458438873291","59.3585357666016","59.1972427368164","59.3847590952567","59.2284062976584","58.9154773876115","58.4701233981254","57.9105685864766","57.2550372099416","56.5217535257968","55.7289417913185","54.8948262637832","54.0376312004675","53.1755808586476","52.3268994956","51.5098113686013","50.7425407349277","50.0433118518557","49.4303489766618","48.9218763666223","48.5361182790138","48.2912989711127","48.2056427001953","48.3894958496094","48.6678352355957","48.6604499816895","48.6640319824219","48.8723030090332","49.1131286621094","49.3402671813965","49.3427810668945","49.3212623596191","49.4185028076172","49.4079895019531","49.2329597473145","49.0730094909668","49.0152587890625","49.0035158885432","49.0013313293457","48.9826504915701",
"Uzbekistan","UZB","Completeness of birth registration (%)","SP.REG.BRTH.ZS","","","","","","","","","","","","","","","","","","","","","","","","","","","","","","","","","","","","","","","","","","","","","","","99.9","","","","","","","","","","","","","","","","","","","",
"Uzbekistan","UZB","Completeness of birth registration, female (%)","SP.REG.BRTH.FE.ZS","","","","","","","","","","","","","","","","","","","","","","","","","","","","","","","","","","","","","","","","","","","","","","","100","","","","","","","","","","","","","","","","","","","",
"Uzbekistan","UZB","Population, female","SP.POP.TOTL.FE.IN","4221717","4373446","4539005","4710070","4884811","5063793","5244512","5426353","5609693","5791938","5968253","6139043","6311958","6490808","6675423","6865589","7060890","7261113","7459867","7654310","7851095","8053075","8261171","8477996","8706904","8948323","9201034","9460388","9717682","9968168","10204532","10446608","10701719","10948073","11181106","11404222","11618759","11820567","12007013","12176048","12330511","12481489","12635692","12790353","12948136","13110535","13280001","13466650","13673491","13892323","14111263","14325622","14540460","14766728","15010753","15267686","15528721","15790068","16061755","16352254","16657925","16979564","17320246","17670093","18018147","18359298",
"Uzbekistan","UZB","Population growth (annual %)","SP.POP.GROW","","3.69032513859326","3.87632538082316","3.85366881132595","3.7890215741971","3.73845621491939","3.63815746049439","3.53175555111433","3.43926977265143","3.30754425931884","3.10386040207172","2.92280856539907","2.87768980535795","2.89345601598016","2.90314672970829","2.9061788621378","2.89977164999084","2.88819045560464","2.78905753576941","2.65891297111272","2.62276841389339","2.622778168567","2.63235738002068","2.67111372870924","2.74431796090117","2.81683339612151","2.86905937253958","2.8639015887922","2.76417872860282","2.61973219547038","2.41231876405867","2.40407257640565","2.46045204933374","2.31355972382299","2.1387662310173","2.00222286057627","1.87771255752777","1.72779025760169","1.57004048296478","1.40332451286924","1.26281282930164","1.21591389648504","1.2267746913706","1.21806027288929","1.22957581560979","1.25081983337066","1.28947762259063","1.40203000437259","1.53479281387558","1.60393517508693","1.58433607799586","1.5301816854096","1.51059514364954","1.56705560068108","1.66460383205049","1.72657003352444","1.7256215086876","1.69442489458676","1.72706882389247","1.80974442927918","1.86830671569358","1.9382099918182","2.00999064709715","2.02114614047908","1.97065383660565","1.88404754637167",
"Uzbekistan","UZB","Sex ratio at birth (male births per female births)","SP.POP.BRTH.MF","1.074","1.074","1.074","1.074","1.074","1.074","1.074","1.074","1.074","1.074","1.074","1.075","1.074","1.075","1.075","1.075","1.075","1.075","1.076","1.075","1.075","1.075","1.075","1.075","1.075","1.076","1.076","1.076","1.076","1.076","1.076","1.076","1.074","1.072","1.073","1.072","1.069","1.067","1.067","1.067","1.068","1.067","1.067","1.067","1.067","1.067","1.068","1.068","1.07","1.072","1.075","1.077","1.079","1.08","1.082","1.083","1.084","1.085","1.086","1.084","1.082","1.081","1.08","1.079","1.078","",
"Uzbekistan","UZB","Population ages 75-79, female (% of female population)","SP.POP.7579.FE.5Y","0.959123977282229","0.959792237083499","0.964308256985837","0.968849514158067","0.967417163120538","0.961423581098201","0.951651845619588","0.93591404761172","0.923722646116521","0.931743318752435","0.962769252808925","1.01041001100742","1.07090374564408","1.13602951003715","1.19295819852601","1.23452636288936","1.266150494757","1.28977481067812","1.298025909713","1.2797234499256","1.23417171527209","1.1615438101878","1.06244623189618","0.95703035499012","0.871940194129842","0.813387090150137","0.778955930387824","0.770713673197847","0.775858933018128","0.773226334066601","0.758359091903524","0.732371694237977","0.696196596836293","0.662070880513442","0.646876972635802","0.656331488461028","0.686648203994936","0.735104362383986","0.795955663577611","0.861129161120258","0.924937373841902","0.989244913437615","1.05510643975811","1.11701369317119","1.16687842817215","1.20423380112887","1.22819272484214","1.23575276702075","1.23476513788615","1.23861219029432","1.24966839432911","1.27041255172027","1.3013686877386","1.32845272155077","1.33156544511791","1.30559077518361","1.25735725434181","1.1920309652878","1.11815610690874","1.04950060858584","0.990882747727666","0.945150916276499","0.925861561088682","0.939649836591126","0.983877531912688","1.06740195260739",
"Uzbekistan","UZB","Population ages 65 and above, total","SP.POP.65UP.TO","466973","484240","504569","526821","549603","571898","594097","616212","636784","653506","665307","671928","673276","671278","668697","666342","663990","662438","661157","657945","652268","644333","634757","625673","620249","620876","627121","638528","656319","682052","714663","755205","804416","857615","908886","956165","999507","1038140","1073790","1109627","1146315","1184346","1224140","1262640","1294622","1317837","1334416","1345970","1353535","1358425","1362181","1366758","1374663","1388830","1411937","1454071","1511416","1572938","1640432","1713541","1782985","1852586","1937350","2030414","2132447","2248889",
"Uzbekistan","UZB","Population ages 65 and above, female","SP.POP.65UP.FE.IN","244181","255710","269086","283938","299774","315994","332853","350323","367055","380961","391152","397424","399536","399008","398141","397674","397384","397771","398494","398101","396253","393054","388826","384930","383319","385154","390291","398763","410636","425654","443107","463518","487243","512685","537937","562588","586589","609365","631414","653911","676990","701282","726843","751433","771764","786355","796544","803329","807107","808648","809232","810363","813966","821553","835444","860310","892796","927751","966127","1007698","1048743","1089780","1138343","1190755","1246869","1311208",
"Uzbekistan","UZB","Population ages 60-64, female (% of female population)","SP.POP.6064.FE.5Y","4.13482239572193","4.1960499573963","4.22095811747288","4.19284550063046","4.083290018795","3.89600246297588","3.63176749030534","3.29092117670929","2.9330573823788","2.63890060296738","2.42880139538332","2.29698686725169","2.24946029033619","2.2465845356553","2.22479550919811","2.1691512679503","2.0847795331198","1.97183971464428","1.860804077392","1.79867943681403","1.8009779654317","1.85930207657931","1.96671876178329","2.10501384377783","2.24816408632942","2.37931187661151","2.50429462601703","2.62695370564895","2.7366507124153","2.81743345417132","2.8694700124675","2.88566872615494","2.85910155457743","2.81302484980804","2.777985469416","2.75857485061234","2.7604497175645","2.78778094095575","2.81426779499614","2.79986576925452","2.73252676764681","2.6200919369439","2.46948485290715","2.30114046496057","2.14596147839201","2.02504314183048","1.94061363175401","1.90022759929158","1.91145772502428","1.98511084089791","2.14554494004027","2.35351386487791","2.55524919585594","2.74575383253487","2.9079120814259","3.01609556287705","3.09794670147013","3.18737386058122","3.2798189463163","3.38183358030745","3.49274905166007","3.60339062897583","3.71115687386888","3.80151932420503","3.85989746892397","3.88626253264865",
"Uzbekistan","UZB","Population ages 50-54, female (% of female population)","SP.POP.5054.FE.5Y","3.85288734417774","3.60099294686696","3.48603934122126","3.44769749755365","3.38492113615041","3.27377126197694","3.12397958818861","2.93548908447349","2.75240576912193","2.64485715792735","2.63536102066727","2.71039824207114","2.85912843058141","3.05458865409448","3.25872257523775","3.44644890966011","3.62629897744484","3.80257846163381","3.9589515442401","4.07236576517021","4.14066419138577","4.15942331597413","4.11986993127246","4.04802596934311","3.98537735196246","3.93875500128655","3.91579902867439","3.92301583841042","3.92720732820889","3.87432776012603","3.74826578287638","3.55803529719886","3.31660751495192","3.05778026223337","2.82529742585394","2.64563860647399","2.51958922635369","2.45652778147308","2.46515931980752","2.55683124770862","2.76001954663597","3.02455888778338","3.28242806171597","3.52957015613368","3.74485963635459","3.89241156472975","4.00513162631282","4.12429223303494","4.2446950818924","4.37891504462267","4.53178058789704","4.692930610622","4.85331946673903","4.98782804152687","5.0737927670917","5.11160957855696","5.1006164641634","5.04742918143228","4.96849176915936","4.88159323117147","4.80204181499322","4.74662673160002","4.72076435865865","4.72426206245773","4.75058284295272","4.78292265812458",
"Uzbekistan","UZB","Population ages 40-44, female (% of female population)","SP.POP.4044.FE.5Y","3.71408126124987","3.79338126120898","3.98235956999387","4.23913991954686","4.50796356297101","4.75178389006028","4.98534420501429","5.21591573566998","5.41863034382009","5.56072030115651","5.64062931318673","5.65252643225715","5.58470877145342","5.4750113179275","5.38287276947639","5.31830592526773","5.29189625586178","5.31064626804777","5.32536339624845","5.25940940463608","5.09006036163998","4.83515894020862","4.50983280699552","4.153422332741","3.82539512176802","3.56518218917568","3.37535976934766","3.26841791628514","3.25657925709954","3.35117746811651","3.57856178124769","3.87298920376834","4.15271622029677","4.41415144081298","4.63523018205891","4.77413101919622","4.87429853739113","4.99270487586192","5.12590017184124","5.28577909679725","5.47306618002556","5.6722076319497","5.87125343036218","6.04387517514665","6.16438173666008","6.23010783960731","6.23529343993624","6.18181581907898","6.09188611745164","5.99397976832168","5.91124600571735","5.86595821109897","5.8615337526621","5.88970691408415","5.93588809302238","5.98025791203723","6.0167962319627","6.04473647611904","6.05676633541085","6.0652527188378","6.09003540627165","6.13011047074326","6.18953679988148","6.28928778133765","6.43589765362665","6.61104271555053",
"Uzbekistan","UZB","Population ages 30-34, female (% of female population)","SP.POP.3034.FE.5Y","7.64922186873256","7.60399149732368","7.45229406004179","7.25008179282223","7.08509500162852","6.96849180051396","6.9154473366209","6.93476815828237","6.95685191300593","6.8738730564905","6.64656865640319","6.29743156200662","5.85576568667237","5.38085509686505","4.95387370612122","4.62621667465215","4.40069138588114","4.29168395338869","4.30468159182205","4.44755961020654","4.7657234585925","5.17329062666804","5.55423680250657","5.89930061896109","6.17477198699032","6.32874485692709","6.42225645508972","6.53066272391062","6.65377847586381","6.80519730405828","6.97067700063673","7.13619674443609","7.30144882805505","7.43494345694185","7.51138125333934","7.52848813360526","7.48200388699","7.38433729043359","7.26440039666818","7.14658401478049","7.04860922019409","6.99614016420075","6.99380374260468","7.03517303098777","7.10563694672488","7.17873041875368","7.24163376349271","7.28611792836377","7.30606031773451","7.32447004451559","7.36905309719431","7.44069611776717","7.54299356612536","7.69043758373554","7.88294231475263","8.10068401983117","8.33848454099987","8.56213855443814","8.69952229069855","8.72390157111984","8.68938384250691","8.64101718515909","8.57269579196508","8.4885970888778","8.38014586072585","8.22334296832436",
"Uzbekistan","UZB","Population ages 20-24, female (% of female population)","SP.POP.2024.FE.5Y","8.37590487472277","7.82633330486608","7.18154088836651","6.51131373603498","5.9302396755985","5.50338451828501","5.22917049010752","5.12242753097707","5.19433997496298","5.44870253715574","5.91661462044376","6.47794016737952","6.99986382990319","7.48244999062905","7.8842724936137","8.13598135105243","8.31775397168388","8.52429982320202","8.7379445731368","8.96868561633903","9.22156659538787","9.4774040054635","9.71767198621116","9.89858276067936","9.98068831465879","9.96711953553305","9.8591256156645","9.67590386757414","9.46306482672847","9.2526731090407","9.0459950027108","8.88306041539991","8.79014898401598","8.75382401788077","8.75866841795436","8.77081750951534","8.77630304579","8.77787033303353","8.77272307442326","8.7769323839722","8.81334961760099","8.88629518135636","9.00062299714175","9.17626318928559","9.41725934208829","9.69657189059898","10.0003874246842","10.2776043039657","10.4455036391219","10.4834882720294","10.4605941204344","10.4332712394617","10.3908022720463","10.3235903038236","10.2089348882098","10.0198943048737","9.73270754236617","9.35568801856965","8.9262534222987","8.47926250654077","8.02307334266043","7.57481486494043","7.19337935500454","6.90079276888922","6.69228084330758","6.55506835160768",
"Uzbekistan","UZB","Population ages 15-64, male","SP.POP.1564.MA.IN","2086478","2119526","2160804","2208736","2264828","2337661","2426260","2521825","2625672","2734221","2841163","2946774","3057696","3178015","3309139","3452100","3605561","3767616","3930623","4088792","4246119","4403217","4558831","4712526","4864765","5018299","5175054","5335718","5498641","5657853","5799081","5932783","6070282","6203211","6337992","6479240","6626285","6782629","6950885","7128758","7314313","7512931","7721610","7929455","8137521","8354308","8584780","8822083","9056371","9283549","9504790","9717887","9916112","10095629","10258234","10403454","10535285","10662747","10785959","10907125","11028991","11153621","11290000","11441401","11597798","11747861",
"Uzbekistan","UZB","Population ages 15-19, female (% of female population)","SP.POP.1519.FE.5Y","6.11787810504589","5.74111287287955","5.57137522430577","5.61564783206028","5.89252071369803","6.45793578055027","7.16134245079976","7.81905452888892","8.4187947913366","8.90790708499408","9.20141197109204","9.39738566722742","9.61499509225227","9.84730176525775","10.1165207146065","10.4221364271978","10.7335045062659","11.0289573395261","11.2607444114449","11.3852065045706","11.4028354386977","11.3138079979506","11.1327195623962","10.8991611402529","10.6512308708566","10.4193495484768","10.238273220162","10.1189671141906","10.0609286278831","10.0426226765039","10.0189695118321","9.97637702113452","9.92117761273575","9.85252426854133","9.79746547434574","9.78087325904389","9.80061209635211","9.86896440200222","10.0135520799386","10.2371598732199","10.5100230846079","10.8194699038124","11.116130402672","11.3134441514849","11.3800400065322","11.3794856052981","11.3673677949033","11.3268333252888","11.2534977351431","11.1343369692145","10.9427621417459","10.6474992848478","10.2513328240189","9.79370311419022","9.31374661884051","8.82250263726933","8.3452204466807","7.94749585625597","7.64321496488973","7.42703750281269","7.28651699676031","7.21284148441154","7.23015712363439","7.35015939078532","7.51277586979394","7.65419537430558",
"Uzbekistan","UZB","Population ages 05-09, female (% of female population)","SP.POP.0509.FE.5Y","12.801995017667","13.0326962957018","13.2573218139218","13.4860493610394","13.7573695277054","14.0708950780571","14.3926342057532","14.6978919358914","14.9234383168061","15.020489254159","15.0008314829173","14.8590517169412","14.5998662697164","14.2734606944574","13.936788270705","13.6298658155816","13.3963414388029","13.2445062653967","13.1715828962891","13.1515381530144","13.1268559909888","13.0747935990418","12.9913301637262","12.8674858499883","12.7313846155083","12.6212091707692","12.5385799030848","12.4996095561625","12.5463208482394","12.6867293970166","12.8893214853302","13.117095041759","13.3110210290058","13.3968604975899","13.3487420654093","13.2408769313681","13.1394927805973","13.0396923023952","12.9405248416072","12.8183257818957","12.6276239738817","12.3177726504517","11.8885416010457","11.3945169693707","10.8810994447811","10.3536655691905","9.83323005145972","9.38935444227035","9.04511876301378","8.80575584104098","8.66215488074474","8.607298168275","8.66829492779819","8.84874428512532","9.07217645910235","9.2610923488995","9.38329048477334","9.41153324988847","9.39193103767518","9.40949209232843","9.49320246949132","9.60552372267992","9.6948016789138","9.76218404736183","9.82847459286462","9.93633334826673",
"Uzbekistan","UZB","Population ages 0-14, male","SP.POP.0014.MA.IN","1678122","1796209","1919075","2040557","2158143","2264322","2357279","2445114","2527060","2604446","2679067","2751190","2821712","2889954","2953893","3012164","3065563","3115426","3163196","3212641","3266706","3327461","3396803","3477134","3570247","3672994","3782703","3894199","3998623","4094764","4189787","4291833","4395916","4491740","4573245","4640549","4694019","4726989","4734654","4715486","4672904","4612800","4545381","4480245","4420834","4360651","4296389","4244634","4218483","4213679","4216504","4223292","4244634","4294431","4377514","4484445","4601942","4721176","4851472","4999478","5165214","5347705","5529701","5701155","5860337","6008588",
"Uzbekistan","UZB","Population ages 00-04, female (% of female population)","SP.POP.0004.FE.5Y","17.3274641573559","17.6905445167787","17.9855607120944","18.164959721414","18.1752784294009","18.0258355742425","17.7241831342761","17.3017955153305","16.8271968561557","16.3694072373179","15.9773819891166","15.6914616570907","15.5033655560315","15.3922042223245","15.3261909639427","15.2528803612392","15.1527133865056","15.0244952133712","14.8703063251869","14.7272778343182","14.6254302982304","14.5589160315211","14.5384473944432","14.5969097769738","14.7340366487309","14.9073862726785","15.1023352375396","15.2662615564109","15.3018135035605","15.1825490902641","15.0020101361821","14.813784531783","14.6029023282569","14.389053415567","14.1507512763049","13.8389098353224","13.4088976283956","12.8726613906364","12.2892387973595","11.7083104468708","11.1305002335467","10.5706294108568","10.1043100765672","9.7571658203192","9.5266689169263","9.39502814358727","9.35119693707843","9.42174185859141","9.61542301084632","9.85886629107552","10.0730278334041","10.2205125892614","10.2658750044402","10.2579359489794","10.2899434825155","10.3943878594307","10.5373069681656","10.6681174520591","10.7732588757188","10.862270450981","10.9829048630878","11.1957589486915","11.4788698728644","11.7402523008792","11.8922078946298","11.8904467886094",
"Uzbekistan","UZB","Female headed households (% of households with a female head)","SP.HOU.FEMA.ZS","","","","","","","","","","","","","","","","","","","","","","","","","","","","","","","","","","","","","22.2","","","","","","","","","","","","","","","","","","","","","","","","","","","","","",
"Uzbekistan","UZB","Fertility rate, total (births per woman)","SP.DYN.TFRT.IN","6.613","6.752","6.878","6.808","6.823","6.81","6.66","6.567","6.394","6.338","6.313","6.284","6.246","6.162","6.053","5.918","5.749","5.54","5.281","5.159","5.039","4.905","4.817","4.714","4.729","4.691","4.675","4.532","4.263","4.102","4.122","4.19","4.056","3.863","3.66","3.566","3.393","3.186","2.985","2.831","2.696","2.61","2.575","2.503","2.496","2.438","2.461","2.573","2.635","2.559","2.442","2.354","2.337","2.445","2.546","2.583","2.564","2.57","2.713","2.869","3.062","3.273","3.396","3.5","3.486","",
"Uzbekistan","UZB","Mortality rate, infant, male (per 1,000 live births)","SP.DYN.IMRT.MA.IN","","","","","","","","","","","","","","","","","","","","112.2","105.5","99.2","93.3","87.9","83.2","79","75.4","72.4","70.3","68.8","68.3","68.3","68.6","69","68.9","68.6","68","67.1","65.9","64.2","62.1","59.6","56.8","53.6","50.4","47.1","43.8","40.5","37.4","34.4","31.6","29","26.6","24.5","22.6","21","19.7","18.5","17.6","16.8","16.2","15.7","15.2","14.8","14.4","",
"Uzbekistan","UZB","Contraceptive prevalence, any modern method (% of married women ages 15-49)","SP.DYN.CONM.ZS","","","","","","","","","","","","","","","","","","","","","","","","","","","","","","","","","","","","","51.3","","","","63.63278946","","62.8","","","","61.69171209","","","","","","","","","","","","","","","","56.4","","","",
"Uzbekistan","UZB","Mortality rate, adult, female (per 1,000 female adults)","SP.DYN.AMRT.FE","225.678","222.197","218.53","214.689","210.613","206.644","202.649","198.594","194.565","190.444","186.021","181.758","177.765","174.294","170.887","167.666","164.621","161.452","158.627","155.755","153.228","151.109","149.204","147.189","144.055","140.177","136.465","133.899","133.808","136.277","139.904","142.026","149.137","156.247","164.136","160.297","155.816","153.304","156.971","159.174","159.265","156.334","151.067","148.826","148.089","149.542","146.045","138.25","133.674","130.646","132.048","130.862","129.737","128.28","127.087","125.914","124.369","122.241","117.434","116.372","118.01","120.666","119.449","114.255","114.743","",
"Uzbekistan","UZB","Consumption of iodized salt (% of households)","SN.ITK.SALT.ZS","","","","","","","","","","","","","","","","","","","","","","","","","","","","","","","","","","","","","","","","","50.9","","","","","","81.5","","","","","","","","","","","","","","","","","","","",
"Uzbekistan","UZB","International migrant stock, total","SM.POP.TOTL","","","","","","","","","","","","","","","","","","","","","","","","","","","","","","","1653000","","","","","1512577","","","","","1406498","","","","","1329932","","","","","1220149","","","","","1170873","","","","","1162007","","","","1154963","",
"Uzbekistan","UZB","Refugees under the mandate of the UNHCR by country or territory of asylum","SM.POP.RHCR.EA","","","","","","","","","","","","","","","","","","","","","","","","","","","","","","","","","","8000","8000","2623","2894","3150","1070","1015","38349","39579","44933","44683","44452","43949","1415","1052","819","556","309","216","178","143","123","106","26","20","13","13","13","13032","13026","9405","8505","5",
"Uzbekistan","UZB","Internally displaced people (IDP) by country or territory of asylum / origin","SM.POP.IDPC","","","","","","","","","","","","","","","","","","","","","","","","","","","","","","","","","","","","","","","","","","","","","","","","","","3400","3400","3400","3400","3400","3400","","","","","","","","","","","",
"Uzbekistan","UZB","Children in employment, wage workers (% of children in employment, ages 7-14)","SL.WAG.0714.ZS","","","","","","","","","","","","","","","","","","","","","","","","","","","","","","","","","","","","","","","","","","","","","","3.8","3.8","","","","","","","","","","","","","","","","","","","",
"Uzbekistan","UZB","Unemployment, total (% of total labor force) (national estimate)","SL.UEM.TOTL.NE.ZS","","","","","","","","","","","","","","","","","","","","","","","","","","","","","","","","","0.2","0.4","0.4","0.4","","","","","0.4","0.4","0.4","0.002","0.005","0.3","0.2","4.99","4.89","5","5.4","5","4.9","4.9","5.1","5.2","5.2","5.8","9.3","9","5.293","","","","","",
"Uzbekistan","UZB","Gross capital formation (current LCU)","NE.GDI.TOTL.CN","","","","","","","","","","","","","","","","","","","","","","","","","","","","","","","","","195000000","749000000","11808000000","73274000000","128587000000","184615000000","295986000000","364008000000","638098000000","1039238000000","1579442000000","2047552000000","3003945000000","4458552000000","6255100000000","7951200000000","12484500000000","14786900000000","22505039054763.5","28836486661359","39940851211902.6","44088366229683","54680015240691.9","61194484918553.2","69059778383642.3","97059480637709.5","165743008691249","232848100000000","251137900000000","309286300000000","347123900000000","416762845023391","599543488035159","615526276522211",
"Uzbekistan","UZB","Changes in inventories (current US$)","NE.GDI.STKB.CD","","","","","","","","","","","","","","","","","","","","","","","","","","","","","","","","","","","","","","-1388452830.18868","-1062806943.26842","-1391142490.37227","-449731603.195401","-652010463.205167","68712533.9713665","71501225.1117014","367881671.899529","1162103976.8541","1383191677.87878","1046949694.49457","1554064300.87959","537656418.444072","2282998532.51718","3564752444.73158","6196127683.94679","4180380754.24845","4667866078.56684","3665721815.88703","3515042481.97348","2970767374.59196","3076168439.93786","1594086086.14839","2025419801.96354","4286201293.87265","5010241755.71253","2244190289.83588","4550861656.81326","-1081486874.42751",
"Uzbekistan","UZB","Gross fixed capital formation (constant 2015 US$)","NE.GDI.FTOT.KD","","","","","","","","","","","","","","","","","","","","","","","","","","","","","","","6125848863.06609","6432141306.07409","4373856087.19739","4155163282.78908","3241027361.49506","3370668454.54197","3606615247.34655","4219739839.54748","4396794632.6757","4445159373.0629","4485165806.55999","4664572439.47817","4832497047.41801","5049959414.77873","5297297941.42341","5668108797.20605","6183906697.99101","7600021331.48762","9750827370.0603","12169032556.8873","13288583552.2969","13634086724.6566","15079299917.4701","16783260808.1443","18425391885.1954","20164024924.5821","20995619576.3898","25062813377.657","32354037372.264","44526528102.4293","42284075283.6829","43613720202.1405","43495796579.9391","53670926225.9319","70476669298.9566","77898392220.1511",
"Uzbekistan","UZB","Gross fixed capital formation, private sector (current LCU)","NE.GDI.FPRV.CN","","","","","","","","","","","","","","","","","","","","","","","","","","","","","","","","","","","9569000000","53097000000","68344000000","204430000000","301800000000","397521000000","551734000000","1077570000000","1177852000000","1655137000000","2287254000000","2794622000000","4155773000000","6146539000000","9839034000000","13159031000000","","","","","","","","","","","","","","","","",
"Uzbekistan","UZB","Exports of goods and services (constant 2015 US$)","NE.EXP.GNFS.KD","","","","","","","","","","","","","","","","","","","","","","","","","","","","","","","","","","","","3113240254.90835","3222612549.17031","3326858309.41473","2813686034.37252","2585887609.76514","2823198496.07718","2670999109.18222","2490762992.98968","3149959899.76748","4036120803.03869","4519253725.95151","5278581807.6146","7385508626.7945","10144956942.2644","9625985403.35577","10399473773.2692","11926968897.9974","11317072189.1877","12517891000.4228","11621024079.0073","11872252204.8396","12382086071.3389","14126449519.7304","15562350432.4856","18116943635.1424","14474121620.6468","16419423445.5135","19543449809.9883","22919909941.5175","21561860170.8262","22104243132.3171",
"Uzbekistan","UZB","Gross national expenditure (constant LCU)","NE.DAB.TOTL.KN","","","","","","","","","","","","","","","","","","","","","","","","","","","","","","","","","","","","","","","","","","","","","","","","","","","","","","","","","","","","","","","","","","",
"Uzbekistan","UZB","Gross national expenditure deflator (base year varies by country)","NE.DAB.DEFL.ZS","","","","","","","","","","","","","","","","","","","","","","","","","","","","","","","","","","","","","","","","","","","","","","","","","","","","","","","","","","","","","","","","","","",
"Uzbekistan","UZB","Final consumption expenditure (constant 2015 US$)","NE.CON.TOTL.KD","","","","","","","","","","","","","","","","","","","","","","","","","","","","","","","","","","","","27731014544.0208","30094738385.9672","29185750430.7599","29320116831.8731","30944235746.1409","31218106379.5565","33585846820.0728","34737111274.7409","34754797951.931","37328149556.7258","39033879388.0117","42804424912.4086","45894320745.4282","46180940887.7426","48275175527.4374","48411815453.5256","54821106932.3426","60214014391.8272","65687620337.1478","71830310365.5146","79969945468.0879","86891465363.4663","90269114779.3384","95607164787.4416","101257702100.544","99567850131.681","109540189158.73","120205843939.847","127230156831.119","139262463146.789","150212210646.974",
"Uzbekistan","UZB","Households and NPISHs Final consumption expenditure, PPP (constant 2021 international $)","NE.CON.PRVT.PP.KD","","","","","","","","","","","","","","","","","","","","","","","","","","","","","","","","","","","","","","","","","","","","","","","","","","","78919142224.5355","89965717545.2044","99007169645.9514","108093725409.255","118379096196.033","132729637123.162","145583526689.368","151846617345.006","161091736740.159","170679847393.233","166665846459.852","186070162493.224","206988343903.644","221433376345.342","246760422901","270182001300.588",
"Uzbekistan","UZB","Households and NPISHs Final consumption expenditure (constant LCU)","NE.CON.PRVT.KN","","","","","","","","","","","","","","","","","","","","","","","","","","","","","","","","","","","","","","","","","","","","","","","","","","","58170171032427.3","66312443713213.3","72976768745859.7","79674339043104.3","87255538748703.8","97833117224707.4","107307535387677","111923969935249","118738415217753","125805674451011","122847011771242","137149655598985","152568147944853","163215374764829","181883578553679","199147289016688",
"Uzbekistan","UZB","Households and NPISHs Final consumption expenditure (current LCU)","NE.CON.PRVT.CN","","","","","","","","","","","","","","","","","","","","","","","","","","","","","","","","","57000000","2838000000","32361000000","133205000000","297518000000","593894000000","833993000000","1331729000000","1837090000000","2848108000000","4314682000000","5491387000000","6414453000000","7962847000000","10464383000000","14449491000000","19269051000000","26627712000000","58170171032427.3","75842674549710.9","95663090838664.4","118745596111762","143901999302716","175220705398804","209126901623200","249816238407048","318482249018034","388914789284000","430250100000000","540828100000000","681480200000000","807603629732983","1.00115864378328E+15","1.18641910232312E+15",
"Uzbekistan","UZB","General government final consumption expenditure (% of GDP)","NE.CON.GOVT.ZS","","","","","","","","","","","","","","","","","","","","","","","","","","","","","","","","","43.2543003673236","37.2612849909138","30.0951329888899","32.0135619954998","30.8302192420434","20.4993704124566","20.5006079830075","20.6003777024043","18.6999938567392","18.5000101516659","18","17.4","16.2","15.9000025120263","15.2980605825353","15.6090812344803","15.9284882139503","15.4712044005541","11.2042888814914","10.6854666483083","11.0836895299582","11.7907036417822","11.7280252957176","12.0302317934423","12.4448338454055","10.8951961964151","12.4514094241839","14.647243313354","14.5522372981417","15.2195712989142","15.7628828843257","15.2782373679619","14.7961150453787","15.9076603046157",
"Uzbekistan","UZB","General government final consumption expenditure (current LCU)","NE.CON.GOVT.CN","","","","","","","","","","","","","","","","","","","","","","","","","","","","","","","","","192000000","1905000000","19525000000","96933000000","172363000000","200244000000","290321000000","438512000000","608797000000","911181000000","1341036000000","1712856000000","1986282000000","2531821000000","3231700000000","4400200000000","6207300000000","7639000000000","9871242712930","12355366051550","15775752008310","20421669672769.5","24745930232838","30141091987553","36116576111568","40270037657303","61611416340622.9","90825100000000","102604400000000","131066500000000","164230000000000","192781720661665","227184247418670","294236039890137",
"Uzbekistan","UZB","Military expenditure (% of GDP)","MS.MIL.XPND.GD.ZS","","","","","","","","","","","","","","","","","","","","","","","","","","","","","","","","","","","1.52748235149049","0.883906988706055","0.984546296961412","1.11881208629618","","1.30640163668501","0.91880954113644","0.665921193229433","0.476876688257673","0.429913341474552","","","","","","","","","","","","","","","2.86661981035524","","","","","","","",
"Uzbekistan","UZB","Armed forces personnel, total","MS.MIL.TOTL.P1","","","","","","","","","","","","","","","","","","","","","","","","","","","","","","","","","40000","41000","20000","41700","46000","86000","100000","94000","79100","72000","72000","72000","75000","91000","87000","87000","87000","87000","87000","68000","68000","68000","68000","68000","68000","68000","68000","68000","68000","","","","","",
"Uzbekistan","UZB","Logistics performance index: Overall (1=low to 5=high)","LP.LPI.OVRL.XQ","","","","","","","","","","","","","","","","","","","","","","","","","","","","","","","","","","","","","","","","","","","","","","","","2.16","","","2.79","","2.46","","2.39477","","2.404525","","2.58","","","","2.6","","","",
"Uzbekistan","UZB","Logistics performance index: Efficiency of customs clearance process (1=low to 5=high)","LP.LPI.CUST.XQ","","","","","","","","","","","","","","","","","","","","","","","","","","","","","","","","","","","","","","","","","","","","","","","","1.94","","","2.2","","2.25","","1.8","","2.318974","","2.1","","","","2.6","","","",
"Uzbekistan","UZB","Individuals using the Internet, male (% of male population)","IT.NET.USER.MA.ZS","","","","","","","","","","","","","","","","","","","","","","","","","","","","","","","","","","","","","","","","","","","","","","","","","","","","","","","","","","54.4","60.4","74.9","72.3","80.6333","86.9","90.9056","","",
"Uzbekistan","UZB","Fixed broadband subscriptions (per 100 people)","IT.NET.BBND.P2","","","","","","","","","","","","","","","","","","","","","","","","","","","","","","","","","","","","","","","","","","","","0.01072292881496","0.0211837790801537","0.0313806876547859","0.0323569650043262","0.0708376212623368","0.239900135203875","0.317598905743188","0.415705113729521","0.512642664609435","0.753795814305037","1.03047816642845","2.71465494120139","5.81406186655157","8.77864127770599","10.4346190212708","12.7372983265011","10.5554301857614","15.8070422134311","21.8944210928633","25.7992232452287","30.2699233460544","34.7381414135069","",
"Uzbekistan","UZB","Mobile cellular subscriptions (per 100 people)","IT.CEL.SETS.P2","0","","","","","0","","","","","0","","","","","0","0","0","0","0","0","0","0","0","0","0","0","0","0","0","0","0","0","0.002263886","0.003997388","0.016203277","0.040526847","0.072168997","0.110591783","0.164164855","0.214337694185037","0.510205484728889","0.735827351045158","1.24776075726202","2.09033264372718","2.73172471423598","9.47736216612708","21.020299595125","45.0095498148121","58.7627376005608","73.8123181598383","88.2684522563008","69.2849333824939","72.3319640163618","71.5984657244746","70.8415066778981","74.3669818295078","76.2604866788199","71.744368617656","101.259829415713","99.4063901870675","102.410090312681","105.471643327627","106.884847592051","110.492018573638","",
"Uzbekistan","UZB","Rail lines (total route-km)","IS.RRS.TOTL.KM","","","","","","","","","","","","","","","","","","","","","","","","","","","","","","","","","","","","3483","3483","3468","3641","3645","3645","4080","4126","4126","4014","4014","4005","4230","4229.6","4230","4227.2","4258.4","4192","4186","4202","4238","4304","4642","4642","4735","4732","4732","","","","",
"Uzbekistan","UZB","Air transport, freight (million ton-km)","IS.AIR.GOOD.MT.K1","","","","","","","","","","","","","","","","","","","","","","","","","","","","","","","","","36.7000007629","8.6999998093","8.6999998093","8.6999998093","8.1999998093","8.1999998093","49.0999984741","69.4000015259","79.569","103.92","69.055","70.983","83.484","71.582","67.552","66.287","71.69","75.994","153.676","153.81637","110.70799","99.00415","110.23607","114.33452","112.28173","126.79762","89.43028","70.49835","20.00549","38.02591","83.1522172153872","96.45897","","",
"Uzbekistan","UZB","Statistical performance indicators (SPI): Pillar 3 data products score  (scale 0-100)","IQ.SPI.PIL3","","","","","","","","","","","","","","","","","","","","","","","","","","","","","","","","","","","","","","","","","","","","","","39.9625","44.8625","44.41875","44.975","46.29375","45.1875","43","46.075","45.26875","44.7625","45.425","48.33125","52.225","49.95625","50.125","69.075","78.7","75.6875","85.04375","80.1125","",
"Uzbekistan","UZB","CPIA transparency, accountability, and corruption in the public sector rating (1=low to 6=high)","IQ.CPA.TRAN.XQ","","","","","","","","","","","","","","","","","","","","","","","","","","","","","","","","","","","","","","","","","","","","","","1.5","1.5","1.5","1.5","1.5","1.5","2","2","2","2","2","2","2","2.5","2.5","2.5","3","3","3","3","3",
"Uzbekistan","UZB","CPIA efficiency of revenue mobilization rating (1=low to 6=high)","IQ.CPA.REVN.XQ","","","","","","","","","","","","","","","","","","","","","","","","","","","","","","","","","","","","","","","","","","","","","","3","3","3","3.5","3.5","3.5","3.5","3.5","3.5","3.5","4","4","4","4","4.5","4.5","4.5","4.5","4.5","4.5","4.5",
"Uzbekistan","UZB","CPIA equity of public resource use rating (1=low to 6=high)","IQ.CPA.PRES.XQ","","","","","","","","","","","","","","","","","","","","","","","","","","","","","","","","","","","","","","","","","","","","","","3.5","3.5","3.5","3.5","3.5","4","4","4","4","3.5","3.5","3.5","3.5","3.5","4","4","4","4.5","4.5","4.5","4.5",
"Uzbekistan","UZB","CPIA building human resources rating (1=low to 6=high)","IQ.CPA.HRES.XQ","","","","","","","","","","","","","","","","","","","","","","","","","","","","","","","","","","","","","","","","","","","","","","4","4","4","4","4","4","4","4","4","4","4","4","4","4","4","4","4","4","4","4","4",
"Uzbekistan","UZB","CPIA quality of budgetary and financial management rating (1=low to 6=high)","IQ.CPA.FINQ.XQ","","","","","","","","","","","","","","","","","","","","","","","","","","","","","","","","","","","","","","","","","","","","","","3","3","3","3","3.5","3.5","3.5","3.5","3.5","4","4","4","4","4","4","4","4","4","4","4","4",
"Uzbekistan","UZB","External health expenditure (% of current health expenditure)","SH.XPD.EHEX.CH.ZS","","","","","","","","","","","","","","","","","","","","","","","","","","","","","","","","","","","","","","","","","0","0.00107704","0.00018573","3.85530782","2.7263248","3.97712684","2.09718275","1.84729791","1.51909614","1.51474798","1.49865663","1.72345579","1.26832926","1.58226573","1.92020702","1.37646008","0.96426839","1.05472589","0.81049961","0.05306569","0.04834881","0.02530133","0.2105884","0.10427919","","",
"Uzbekistan","UZB","Newborns protected against tetanus (%)","SH.VAC.TTNS.ZS","","","","","","","","","","","","","","","","","","","","","","","","","","","","","","","","","","","","","","","","","","","","","","","","","","","","","","","","","","","","","","","","","","",
"Uzbekistan","UZB","Prevalence of severe wasting, weight for height (% of children under 5)","SH.SVR.WAST.ZS","","","","","","","","","","","","","","","","","","","","","","","","","","","","","","","","","","","","","6.6","","","","","","3.9","","","","1.6","","","","","","","","","","","0.3","","","","1.1","","","","",
"Uzbekistan","UZB","Prevalence of wasting, weight for height, male (% of children under 5)","SH.STA.WAST.MA.ZS","","","","","","","","","","","","","","","","","","","","","","","","","","","","","","","","","","","","","12.2","","","","","","8.8","","","","5.2","","","","","","","","","","","2","","","","2.9","","","","",
"Uzbekistan","UZB","Suicide mortality rate (per 100,000 population)","SH.STA.SUIC.P5","","","","","","","","","","","","","","","","","","","","","","","","","","","","","","","","","","","","","","","","","14.94","14.64","14.49","13.61","13","13.61","12.9","12.47","12.08","11.59","11.27","11.1","11.5","11.42","11.65","12.25","12.32","11.69","10.72","10.14","8.58","8.34","","","","",
"Uzbekistan","UZB","Prevalence of stunting, height for age (modeled estimate, % of children under 5)","SH.STA.STNT.ME.ZS","","","","","","","","","","","","","","","","","","","","","","","","","","","","","","","","","","","","","","","","","29","27.3","25.7","24.1","22.7","21.5","20.2","19.1","17.8","16.6","15.4","14.3","13.2","12.3","11.5","10.7","10","9.3","8.7","8.2","7.7","7.4","7.1","6.9","6.7","",
"Uzbekistan","UZB","Prevalence of stunting, height for age, female (% of children under 5)","SH.STA.STNT.FE.ZS","","","","","","","","","","","","","","","","","","","","","","","","","","","","","","","","","","","","","32.8","","","","","","24.4","","","","19.7","","","","","","","","","","","10.1","","","","7.1","","","","",
"Uzbekistan","UZB","Mortality rate attributed to unintentional poisoning, male (per 100,000 male population)","SH.STA.POIS.P5.MA","","","","","","","","","","","","","","","","","","","","","","","","","","","","","","","","","","","","","","","","","4.7","4.44","4.26","3.9","3.54","3.09","1.87","1.55","1.43","1.32","1.25","1.19","1.27","1.23","1.24","1.16","1.2","1.18","1.11","0.92","0.78","0.74","","","","",
"Uzbekistan","UZB","Prevalence of overweight, weight for height (modeled estimate, % of children under 5)","SH.STA.OWGH.ME.ZS","","","","","","","","","","","","","","","","","","","","","","","","","","","","","","","","","","","","","","","","","13.8","13.7","13.6","13.3","12.8","12.3","11.5","10.7","9.9","9","8.2","7.4","6.8","6.2","5.6","5.2","4.9","4.6","4.4","4.3","4.3","4.4","4.6","5","5.5","",
"Uzbekistan","UZB","Prevalence of overweight, weight for height, female (% of children under 5)","SH.STA.OWGH.FE.ZS","","","","","","","","","","","","","","","","","","","","","","","","","","","","","","","","","","","","","19","","","","","","10.5","","","","11.8","","","","","","","","","","","3.6","","","","3.7","","","","",
"Uzbekistan","UZB","People practicing open defecation, urban (% of urban population)","SH.STA.ODFC.UR.ZS","","","","","","","","","","","","","","","","","","","","","","","","","","","","","","","","","","","","","","","","","0","0","0","0","0","0","0","0","0","0","0","0","0","0","0","0","0","0","0","0","0","0","0","0","0","",
"Uzbekistan","UZB","Prevalence of underweight, weight for age (% of children under 5)","SH.STA.MALN.ZS","","","","","","","","","","","","","","","","","","","","","","","","","","","","","","","","","","","","","15.4","","","","","","7.4","","","","4.4","","","","","","","","","","","2.9","","","","1.8","","","","",
"Uzbekistan","UZB","People with basic handwashing facilities including soap and water, urban (% of urban population)","SH.STA.HYGN.UR.ZS","","","","","","","","","","","","","","","","","","","","","","","","","","","","","","","","","","","","","","","","","","","","","","","","","","","","","","","","","","","87.99571038303","87.99571038303","87.99571038303","87.99571038303","87.99571038303","87.99571038303","87.99571038303","",
"Uzbekistan","UZB","Low-birthweight babies (% of births)","SH.STA.BRTW.ZS","","","","","","","","","","","","","","","","","","","","","","","","","","","","","","","","","","","","","","","","","5.469885011","5.512984808","5.552910075","5.589065481","5.621989474","5.65263358","5.680610325","5.706838381","5.731952655","5.758353979","5.785958625","5.816723465","5.847484032","5.876841042","5.904857496","5.934407732","5.971096792","6.010335766","6.007591474","5.807447235","5.848450503","","","","","",
"Uzbekistan","UZB","People using at least basic sanitation services, urban (% of urban population)","SH.STA.BASS.UR.ZS","","","","","","","","","","","","","","","","","","","","","","","","","","","","","","","","","","","","","","","","","96.2704004656724","96.2299291594268","96.1894578531813","96.1489865469357","96.1085152406901","96.0680439344445","96.027572628199","95.9871013219534","95.9466300157078","95.9061587094622","95.8656874032167","95.8252160969711","95.7847447907255","95.74427348448","95.7038021782344","95.6633308719888","95.6228595657433","95.5823882594977","95.5419169532521","95.5014456470065","95.460974340761","95.4205030345154","95.3800317282698","95.3395604220243","95.2990891157787","",
"Uzbekistan","UZB","Mortality rate attributed to household and ambient air pollution, age-standardized (per 100,000 population)","SH.STA.AIRP.P5","","","","","","","","","","","","","","","","","","","","","","","","","","","","","","","","","","","","","","","","","","","","","","","","","","","","","","","","","","","","151.7","","","","","","",
"Uzbekistan","UZB","Risk of impoverishing expenditure for surgical care (% of people at risk)","SH.SGR.IRSK.ZS","","","","","","","","","","","","","","","","","","","","","","","","","","","","","","","","","","","","","","","","","","","","","","","","91.9","","","","","","","","","","","","","","","","","","",
"Uzbekistan","UZB","Prevalence of current tobacco use (% of adults)","SH.PRV.SMOK","","","","","","","","","","","","","","","","","","","","","","","","","","","","","","","","","","","","","","","","","28.9","","","","","25.6","","24.3","","","22.4","","","","","19.8","","","","","17.7","","17","16.6","16.3","",
"Uzbekistan","UZB","Number of maternal deaths","SH.MMR.DTHS","","","","","","","","","","","","","","","","","","","","","","","","","","470","470","430","390","350","340","330","330","330","330","310","280","260","250","240","230","220","220","210","210","210","210","220","220","220","220","210","210","220","230","230","220","220","230","240","250","250","250","250","","",
"Uzbekistan","UZB","Specialist surgical workforce (per 100,000 population)","SH.MED.SAOP.P5","","","","","","","","","","","","","","","","","","","","","","","","","","","","","","","","","","","","","","","","","","","","","","","","","","","","","43.58","","50.43","","","","","","","","","","","",
"Uzbekistan","UZB","Hospital beds (per 1,000 people)","SH.MED.BEDS.ZS","","","","","","","","","","","","","","","","","","","","","9.17630004882813","","","","","11.8341999053955","11.9556999206543","11.9456996917725","12.2161998748779","12.2850999832153","12.48279953","10.9472999573","10.7540998459","9.394200325","8.6632995605","8.3000001907","7.9299998283","6.4800000191","5.5500001907","5.3899998665","5.59","5.58","5.79","5.71","5.49","5.4","5.38","5.13","5","5","4.92","4.85","4.73","4.51","4.33","4.22","4.22","4.26","4.74","4.65","4.77","4.83","4.78","4.89","","",
"Uzbekistan","UZB","Antiretroviral therapy coverage for PMTCT (% of pregnant women living with HIV)","SH.HIV.PMTC.ZS","","","","","","","","","","","","","","","","","","","","","","","","","","","","","","","","","","","","","","","","","","","","","","","","","","","","","","","","","","","","","","","","","","",
"Uzbekistan","UZB","Incidence of HIV, all (per 1,000 uninfected population)","SH.HIV.INCD.TL.P3","","","","","","","","","","","","","","","","","","","","","","","","","","","","","","","","","","","","","","","","","","","","","","","","","","","","","","","","","","","","","","","","","","",
"Uzbekistan","UZB","Antiretroviral therapy coverage (% of people living with HIV)","SH.HIV.ARTC.ZS","","","","","","","","","","","","","","","","","","","","","","","","","","","","","","","","","","","","","","","","","","","","","","","","","","","","","","","","","","","","","","","","","","",
"Uzbekistan","UZB","People using safely managed drinking water services (% of population)","SH.H2O.SMDW.ZS","","","","","","","","","","","","","","","","","","","","","","","","","","","","","","","","","","","","","","","","","53.7674851686603","55.1148671899941","56.4562515641154","57.7908059787254","59.1177625556977","60.436912850332","61.748505876187","63.0518265073618","64.3466497035217","65.6323531235185","66.9095666488988","68.0666913492941","69.117262636418","70.1788928674112","71.2516260080062","72.3355124474969","73.4305957202854","74.5369165741151","75.6617226221262","76.7745583450954","77.7884720003291","78.8125991266417","79.8452973794026","80.8847523367862","81.9295048040968","",
"Uzbekistan","UZB","People using at least basic drinking water services, urban (% of urban population)","SH.H2O.BASW.UR.ZS","","","","","","","","","","","","","","","","","","","","","","","","","","","","","","","","","","","","","","","","","96.3974516324168","96.4693634701197","96.5412673308554","96.613163214624","96.6850511214254","96.7569310512596","96.8288030041267","96.9006669800265","96.9725229789592","97.0443710009248","97.1162110459232","97.1880431139544","97.2598672050185","97.3316833191154","97.4034914562451","97.4752916164077","97.5470837996031","97.6188680058313","97.6906442350923","97.7624124873862","97.834172762713","97.9059250610725","97.9776693824649","98.0494057268901","98.1211340943482","",
"Uzbekistan","UZB","Mortality from CVD, cancer, diabetes or CRD between exact ages 30 and 70 (%)","SH.DYN.NCOM.ZS","","","","","","","","","","","","","","","","","","","","","","","","","","","","","","","","","","","","","","","","","45.3","44.2","45.3","44.5","43.5","45.2","43.1","42","40.6","38.6","37.8","36.6","35.8","34.3","33.7","32","31.4","30.4","28.4","26.8","27.2","24.6","","","","",
"Uzbekistan","UZB","Mortality rate, under-5, female (per 1,000 live births)","SH.DYN.MORT.FE","","","","","","","","","","","","","","","","","","","","114.5","106.3","98.6","91.5","85.2","79.5","74.5","70.1","66.6","63.9","62.1","60.9","60.5","60.5","60.4","60.1","59.6","58.8","58","56.6","54.8","52.7","50.2","47.6","44.9","42","39","36.1","33.3","30.6","28.1","25.7","23.5","21.5","19.8","18.3","16.9","15.8","14.9","14.2","13.6","13.1","12.6","12.3","12","11.6","",
"Uzbekistan","UZB","Probability of dying among youth ages 20-24 years (per 1,000)","SH.DYN.2024","","","","","","","","","","","","","","","","","","","","","","","","","","","","","","","6.6","6.7","6.8","6.8","6.9","7","7","7.1","7.2","7.1","7","6.7","6.3","5.8","5.3","5","4.7","4.6","4.5","4.4","4.3","4.2","4.2","4.2","4.2","4.2","4.2","4.2","4","3.8","3.7","3.8","3.9","4.1","4.3","",
"Uzbekistan","UZB","Cause of death, by other COVID-19 pandemic-related outcomes (% of total)","SH.DTH.OCVD.ZS","","","","","","","","","","","","","","","","","","","","","","","","","","","","","","","","","","","","","","","","","0","","","","","","","","","","0","","","","","0","","","","0","1.99874972815865","2.75595051723991","","","","",
"Uzbekistan","UZB","Cause of death, by injury (% of total)","SH.DTH.INJR.ZS","","","","","","","","","","","","","","","","","","","","","","","","","","","","","","","","","","","","","","","","","6.99660292426162","","","","","","","","","","5.32225631526131","","","","","5.83307231043512","","","","5.8908615951043","4.46793299242151","4.79771473557985","","","","",
"Uzbekistan","UZB","Number of deaths ages 15-19 years","SH.DTH.1519","","","","","","","","","","","","","","","","","","","","","","","","","","","","","","","1775","1869","1956","2020","2067","2101","2129","2157","2191","2223","2232","2209","2135","2008","1876","1788","1749","1742","1754","1780","1811","1838","1856","1869","1880","1887","1872","1818","1734","1675","1685","1773","1935","2161","2400","",
"Uzbekistan","UZB","Condom use, population ages 15-24, female (% of females ages 15-24)","SH.CON.1524.FE.ZS","","","","","","","","","","","","","","","","","","","","","","","","","","","","","","","","","","","","","","","","","","","2.5","","","","","","","","","","","","","","","","","","","","","","","",
"Uzbekistan","UZB","Total alcohol consumption per capita, male (liters of pure alcohol, projected estimates, male 15+ years of age)","SH.ALC.PCAP.MA.LI","","","","","","","","","","","","","","","","","","","","","","","","","","","","","","","","","","","","","","","","","6.14","6.14","6.41","6.67","7.03","7.5","8.07","6.57","4.9","3.04","3.11","3.22","3.34","3.79","4.16","4.43","4.6","4.52","4.54","4.54","3.67","","","","","",
"Uzbekistan","UZB","Women who believe a husband is justified in beating his wife (any of five reasons) (%)","SG.VAW.REAS.ZS","","","","","","","","","","","","","","","","","","","","","","","","","","","","","","","","","","","","","","","","","","","","","","","","","","","","","","","","","","","","","","","","","","",
"Uzbekistan","UZB","Women who believe a husband is justified in beating his wife when she argues with him (%)","SG.VAW.ARGU.ZS","","","","","","","","","","","","","","","","","","","","","","","","","","","","","","","","","","","","","","","","","","","","","","","","","","","","","","","","","","","","","","","","","","",
"Uzbekistan","UZB","Proportion of seats held by women in national parliaments (%)","SG.GEN.PARL.ZS","","","","","","","","","","","","","","","","","","","","","","","","","","","","","","","","","","","","","","6","6","","7.2","7.2","7.2","7.2","17.5","17.5","17.5","17.5","17.5","22","22","22","22","22","22","16","16","16","16","16","32","32.6530612244898","33.3333333333333","33.5714285714286","38","38",
"Uzbekistan","UZB","Government expenditure on education, total (% of government expenditure)","SE.XPD.TOTL.GB.ZS","","","","","","","","","","","","","","","","","","","","","","","","","","","","","","","","","","","","","","","","","","","","","","","","","","","","","","22.7609691619873","22.9768505096436","22.3652591705322","23.0903301239014","22.5394592285156","25.8752309179907","28.4183284791714","17.0601902008057","15.075309753418","21.8510183445407","22.6481566265995","22.0746450382045","",
"Uzbekistan","UZB","Government expenditure per student, secondary (% of GDP per capita)","SE.XPD.SECO.PC.ZS","","","","","","","","","","","","","","","","","","","","","","","","","","","","","","","","","","","","","","","","","","","","","","","","","","","","","","","","","","","","","","","","","","",
"Uzbekistan","UZB","Current education expenditure, tertiary (% of total expenditure in tertiary public institutions)","SE.XPD.CTER.ZS","","","","","","","","","","","","","","","","","","","","","","","","","","","","","","","","","","","","","","","","","","","","","","","","","","","","","","","","","","","100","","100","100","","","","",
"Uzbekistan","UZB","School enrollment, tertiary, male (% gross)","SE.TER.ENRR.MA","","","","","","","","","","","","","","","","","","","","","","","","","","","","","","","","","","","","","","","","14.0371999740601","14.1580495834351","14.6684999465942","15.2347497940063","15.583869934082","15.5255002975464","11.5943899154663","11.6977996826172","11.5235595703125","11.7935495376587","11.5557804107666","10.7310775004959","10.4133894455281","9.79299839612235","9.96625098123496","9.85079724996003","9.88008405131197","10.1233325966089","10.4579516228922","11.6757407998493","14.9492553852329","16.8682880796365","23.5187921555954","33.613271807049","45.0879054640964","53.2313292525616","55.312508164964",
"Uzbekistan","UZB","Educational attainment, at least completed short-cycle tertiary, population 25+, total (%) (cumulative)","SE.TER.CUAT.ST.ZS","","","","","","","","","","","","","","","","","","","","","","","","","","","","","","","","","","","","","","","","","","","","","","","","","","","","","","51.9322891235352","54.947639465332","55.3037414550781","62.5079116821289","","63.8901710510254","69.1784515380859","","61.6234016418457","61.5149002075195","","","",
"Uzbekistan","UZB","Financial intermediary services indirectly Measured (FISIM) (current LCU)","NV.FSM.TOTL.CN","","","","","","","","","","","","","","","","","","","","","","","","","","","","","","","","","","","","","","","","","","","","","","","","","","","","","","","","","","","","","","","","","","",
"Uzbekistan","UZB","Agriculture, forestry, and fishing, value added (constant 2015 US$)","NV.AGR.TOTL.KD","","","","","","","","","","","","","","","","","","","","","","","","","","","","8455435738.33488","9285782624.41063","8964828631.24519","9486378872.86032","9696700996.40755","9069381826.64159","9205422552.27776","8892438184.78802","9070286949.23268","8553280593.75688","9049370867.73327","9420395073.97039","9938516803.37405","10252474547.9415","10676716413.4422","11317076707.0819","12087114671.7939","13094494342.7127","13860889900.3862","14846402695.5754","15804826377.8744","16550319372.5819","17514027018.8984","18505985879.9706","19630845144.3432","20997692389.0067","22349764482.9673","23687053181.8549","25132430322.5804","26682602683.1934","26989852360.4295","27157263364.4947","28030121979.2979","28818176575.7853","29976344845.1366","31055562294.7314","32314604057.6087","33420446452.0472","34874645593.6796",
"Uzbekistan","UZB","Trade (% of GDP)","NE.TRD.GNFS.ZS","","","","","","","","","","","","","","","","","","","","","","","","","","","","","","","","","","","","","","57.1985913618542","45.4179547762326","36.6188588125863","44.0540299791129","56.776277587152","58.954524710746","70.4592746850874","76.5956691950086","69.5252584247083","67.4712921717973","74.4141929762327","79.7479920348578","68.673142199791","44.1432918113775","44.3313973754476","39.6570271654711","37.5113183619111","32.1925400076306","27.1724545801626","25.6926479568511","41.0443062055515","61.395110017578","62.3003782302878","53.1070769988551","54.7477822134912","60.0483582576289","63.102194304905","57.5295432552977","57.4005392040216",
"Uzbekistan","UZB","External balance on goods and services (current US$)","NE.RSB.GNFS.CD","","","","","","","","","","","","","","","","","","","","","","","","","","","","","","","","","","","","","","-439441509.433962","-43395427.6037257","-44520218.2284981","725368781.43624","293465126.507558","279624982.120333","609678382.440752","840189364.207221","871728035.653315","962915531.782233","1099430936.77779","765050803.760995","219694054.393363","-337193442.26868","-1372179957.12941","-3829747575.49907","-3722289683.64888","-3448939514.51725","-2766183784.59472","-3898761607.81227","-3904001594.1438","-9264669122.96677","-9598533403.68318","-8119830715.35308","-11480513578.3598","-14692114338.7646","-17711481216.394","-17469852045.3194","-19598035105.2962",
"Uzbekistan","UZB","Imports of goods and services (constant 2015 US$)","NE.IMP.GNFS.KD","","","","","","","","","","","","","","","","","","","","","","","","","","","","","","","","","","","","4130106265.73863","5257284952.33535","4878936889.39258","3768383216.35038","3467309578.88202","3266483537.67824","3476132250.82993","3135356594.83342","3415476389.9929","4331931306.90139","4522390710.6786","5915049277.63959","8988095761.48857","12564585890.0529","12900950210.0441","12364723955.8478","15557473782.1539","16774789710.5576","17306781965.1582","16367158391.7621","14638435989.4343","14453722193.0149","16438586001.1784","23393379532.251","26531515914.1653","22589967243.197","27873169132.9269","31671095970.0502","36505289738.5214","35971148925.3379","38732936560.1588",
"Uzbekistan","UZB","Gross capital formation (constant LCU)","NE.GDI.TOTL.KN","","","","","","","","","","","","","","","","","","","","","","","","","","","","","","","","","","","","","","","","","","","","","","","","","","","","","","","","","","","","","","","","","","",
"Uzbekistan","UZB","Gross capital formation (current US$)","NE.GDI.TOTL.CD","","","","","","","","","","","","","","","","","","","","","","","","","","","","","","","","","5690624389.8994","1919169401.93147","2347686669.72057","3230788407.3453","3208258483.03393","2786641509.43396","3132790008.4674","2920474967.90757","2697062428.67408","2405699206.00014","2053810644.57823","2107966314.57574","2947355769.23077","4006102754.86549","5131673940.86568","6293095260.70852","9466560509.55414","10089177276.511","14188326110.6316","16810083747.2441","21135633056.3478","21044682090.7355","23661290292.3591","23829746740.4692","23289670986.6229","18979620296.5712","20539169300.6407","26349858475.1529","24978254658.1258","29151924037.0294","31413514188.5918","35515020120.6172","47386175836.6123","48931312549.2464",
"Uzbekistan","UZB","Gross fixed capital formation (% of GDP)","NE.GDI.FTOT.ZS","","","","","","","","","","","","","","","","","","","","","","","","","","","","","","","","","43.9301488105631","14.6502375108632","18.2004266495678","24.1998260825338","23.000095157758","28.3160836583643","27.9912269676124","25.245929364013","22.8682884875292","26.8186709439019","20.4907250812059","20.0944737911418","21.4419704754914","19.8776643179221","21.6289781253402","23.5133025895708","26.7771453792424","28.3518580027382","21.4339604977437","19.6504803617737","19.8350160432261","20.3985109652514","20.8024545209878","20.6673643249599","20.2047132398358","22.1494872783243","28.4792494779392","35.2793605883172","32.7303082964295","30.6341097344413","28.003289816837","30.9419701578404","35.2972174028982","34.0135011552951",
"Uzbekistan","UZB","Gross fixed capital formation (current LCU)","NE.GDI.FTOT.CN","","","","","","","","","","","","","","","","","","","","","","","","","","","","","","","","","195000000","749000000","11808000000","73274000000","128587000000","276600000000","396400000000","537400000000","744500000000","1320900000000","1526600000000","1978100000000","2629000000000","3165200000000","4569100000000","6628400000000","10435000000000","13998900000000","18883824632734.7","22721410861073.2","28231780882441","35330516770224.5","43892818719969.4","51780958168940.2","58636786364836.8","81867335907320.1","140919540662264","218761400000000","230773700000000","263812000000000","291760100000000","390427645809386","541964681070466","629130726397821",
"Uzbekistan","UZB","Exports of goods and services (% of GDP)","NE.EXP.GNFS.ZS","","","","","","","","","","","","","","","","","","","","","","","","","","","","","","","","","","","","","","27.1091182703234","22.5642195291768","18.1790891922618","24.662704263423","29.6751060849085","30.9204450887224","38.2375863470134","41.7898866324117","37.8090294786289","36.5136876387581","39.6709294075913","41.1685228048386","34.6626309351177","21.7681099099648","21.14783078074","17.2861568343701","16.5044788500077","14.2075529776278","12.1686103143078","10.8545454664346","17.8214088937599","23.1429879161057","24.3107685844352","20.7641734938368","20.3020010917247","22.2329593873839","23.3152321915222","21.5670052817339","22.0359976818514",
"Uzbekistan","UZB","Exports of goods and services (current LCU)","NE.EXP.GNFS.CN","","","","","","","","","","","","","","","","","","","","","","","","","","","","","","","","","","","","","","264810000000","319545000000","386971000000","802919000000","1461588000000","2303635000000","3764108000000","5123858000000","6020483000000","7713480000000","11183235000000","16043291000000","17114882000000","19178218144478.8","24452763654795.1","24603912141231.3","28585996683156.7","29977690693769.5","30487791851539.2","31501346049685.8","65870205026141.8","114514928815671","150747000000000","146403300000000","174834900000000","231640300000000","294193006120802","331146645520002","407588832598776",
"Uzbekistan","UZB","Gross national expenditure (constant 2015 US$)","NE.DAB.TOTL.KD","","","","","","","","","","","","","","","","","","","","","","","","","","","","","","","","","","","","","","","","","","","","","","","","","","","","","","","","103799692208.557","","","","","","","","","","",
"Uzbekistan","UZB","Final consumption expenditure (% of GDP)","NE.CON.TOTL.ZS","","","","","","","","","","","","","","","","","","","","","","","","","","","","","","","","","56.0954207888728","92.7717977490311","79.975214866148","76.0064903646883","84.0466587821667","81.2974621991544","79.3918475198389","83.1622241222177","75.1286091657452","76.3260715083345","75.9136399022845","73.1841019910605","68.5159040861267","65.9071994674504","64.8338358998149","66.8665874423554","65.3746003315388","69.4000923533081","77.2299575320417","76.2775637208003","78.2944315455157","80.3499426734199","79.9285848239677","81.9661751172132","84.5045311784428","78.4838325333767","76.8153392324209","77.3670168535365","75.5740161689595","78.0210638878389","81.171715500698","79.2820231622743","79.9998368720682","80.0505575027639",
"Uzbekistan","UZB","Final consumption expenditure (current LCU)","NE.CON.TOTL.CN","","","","","","","","","","","","","","","","","","","","","","","","","","","","","","","","","249000000","4743000000","51886000000","230138000000","469881000000","794138000000","1124314000000","1770241000000","2445887000000","3759288000000","5655718000000","7204243000000","8400735000000","10494667000000","13696083000000","18849691000000","25476351000000","34266712000000","68041413745357.3","88198040601260.9","111438842846974","139167265784532","168647929535554","205361797386357","245243477734768","290086276064351","380093665348657","479739900000000","532854600000000","671894600000000","845710200000000","1.00038535039465E+15","1.22834289120195E+15","1.48065514221326E+15",
"Uzbekistan","UZB","Households and NPISHs Final consumption expenditure, PPP (current international $)","NE.CON.PRVT.PP.CD","","","","","","","","","","","","","","","","","","","","","","","","","","","","","","","","","","","","","","","","","","","","","","","","","","","101681664388.36","120195726614.401","130227875542.701","138279684753.864","147019245932.919","155611255939.878","162743805143.877","164193429838.9","172433119839.075","176904579710.414","165801876956.001","186070162493.224","227215916754.912","254965483836.026","296816389938.604","332025565520.182",
"Uzbekistan","UZB","Households and NPISHs Final consumption expenditure (annual % growth)","NE.CON.PRVT.KD.ZG","","","","","","","","","","","","","","","","","","","","","","","","","","","","","","","","","","","","","","","","","","","","","","","","","","","","13.9973332315751","10.0498860537671","9.177674501551","9.51523388414684","12.122529558229","9.68426482947318","4.30205999130806","6.08845923393027","5.95195684589306","-2.35177204262047","11.6426469162933","11.2420933749557","6.97866950828067","11.4377728297646","9.49162678691964",
"Uzbekistan","UZB","Households and NPISHs Final consumption expenditure (current US$)","NE.CON.PRVT.CD","","","","","","","","","","","","","","","","","","","","","","","","","","","","","","","","","1663413283.20136","7271832793.9673","6434069132.69201","5873258861.26636","7423103792.41517","8964437735.84906","8827190939.88146","10684603658.5366","7764867492.28623","6592995208.22241","5610550953.79894","5653413840.67371","6293615580.84772","7154785523.02909","8584962917.99298","11436264127.6474","14611048680.6187","18168223686.9038","36673446978.2936","44212102735.2481","50622355900.105","56680787553.5305","62269678678.117","68232701670.701","70525808904.2727","48850635895.9573","39466888428.5529","44010879438.2574","42792810501.6571","50976004072.2493","61671604668.9508","68821056152.0679","79128671199.7058","94314485220.9637",
"Uzbekistan","UZB","General government final consumption expenditure (constant LCU)","NE.CON.GOVT.KN","","","","","","","","","","","","","","","","","","","","","","","","","","","","","","","","","","","","","","","","","","","","","","","","","","","9871242712930","10737044801482.6","11653154399266.9","12650679724578.4","13713150621192.8","14636493098842.1","15027661513414.1","15250830979554","15987144654819.2","16897460355533.8","17109587667228.3","17655920398321.1","18278319325708","18485489758762.6","18699872396411.9","18827809329742.3",
"Uzbekistan","UZB","General government final consumption expenditure (current US$)","NE.CON.GOVT.CD","","","","","","","","","","","","","","","","","","","","","","","","","","","","","","","","","5603076322.36249","4881198545.63344","3881993752.2268","4273958193.75498","4300474051.89621","3022550943.39623","3072830228.61981","3518228498.07445","2573215266.91745","2109264103.33573","1743801932.30433","1763394897.77009","1948863814.75667","2274894423.77846","2651281462.27808","3482603602.74797","4706778889.89991","5212128655.44957","6223335599.97097","7202498019.03653","8348107151.41236","9747867357.71812","10708128668.5142","11737243797.3869","12179928671.7807","7874656025.79459","7634996619.55351","10278067680.1383","10205065950.7952","12353733908.6772","14862247846.3524","16428159971.4148","17955983027.6369","23390318464.4909",
"Uzbekistan","UZB","Military expenditure (current LCU)","MS.MIL.XPND.CN","","","","","","","","","","","","","","","","","","","","","","","","","","","","","","","","","","","991000000","3355000000","6900000000","13700000000","","34860000000","37497000000","41115300000","44537000000","53018000000","","","","","","","","","","","","","","","11624000000000","","","","","","","",
"Uzbekistan","UZB","Arms imports (SIPRI trend indicator values)","MS.MIL.MPRT.KD","","","","","","","","","","","","","","","","","","","","","","","","","","","","","","","","","","","","","","","","","","8000000","9000000","","","","","","","","30000000","","","","18000000","100000000","55000000","5000000","114000000","77000000","46000000","60000000","22000000","17000000","","",
"Uzbekistan","UZB","Logistics performance index: Competence and quality of logistics services (1=low to 5=high)","LP.LPI.LOGS.XQ","","","","","","","","","","","","","","","","","","","","","","","","","","","","","","","","","","","","","","","","","","","","","","","","2.15","","","2.5","","2.39","","2.368254","","2.386613","","2.59","","","","2.6","","","",
"Uzbekistan","UZB","Lead time to import, median case (days)","LP.IMP.DURS.MD","","","","","","","","","","","","","","","","","","","","","","","","","","","","","","","","","","","","","","","","","","","","","","","","","","","2","","25","","18","","20","","3","","","","","","","",
"Uzbekistan","UZB","Individuals using the Internet, female (% of female population)","IT.NET.USER.FE.ZS","","","","","","","","","","","","","","","","","","","","","","","","","","","","","","","","","","","","","","","","","","","","","","","","","","","","","","","","","","43.0468","50.0255","65.9178","69.9073","72.5694","80.9131","87.1292","","",
"Uzbekistan","UZB","Fixed broadband subscriptions","IT.NET.BBND","","","","","","","","","","","","","","","","","","","","","","","","","","","","","","","","","","","","","","","","","","","","2757","5514","8271","8639","19180","65960","88735","118000","147760","220575","306300","820450","1787786","2746360","3320210","4123508","3479566","5309012","7497459","9013979","10791926","12631434","",
"Uzbekistan","UZB","Mobile cellular subscriptions","IT.CEL.SETS","0","","","","","0","","","","","0","","","","","0","0","0","0","0","0","0","0","0","0","0","0","0","0","0","0","0","0","500","902","3731","9510","17232","26826","40389","53128","128012","186900","320815","544100","720000","2530365","5691458","12375274","16417914","20952000","25441789","20274090","21500000","21639200","21783300","23265389","24265460","23226156","33380000","33387000","35069000","36850690","38106914","40176952","",
"Uzbekistan","UZB","Railways, passengers carried (million passenger-km)","IS.RRS.PASG.KM","","","","","","","","","","","","","","","","","","","","","","","","","","","","","","","","","","","","2498","2029","2186","2189","1898","2163","2163","","","2012","2012","2339.3","2264","2477","2632","2905","3025","3437.8","","3760","3758","3934","4294","4329","4385","1795","3130","","","","",
"Uzbekistan","UZB","Air transport, registered carrier departures worldwide","IS.AIR.DPRT","","","","","","","","","","","","","","","","","","","","","","","","","","","","","","","","","","","15600","16200","11500","11500","11700","30800","30075","39673","22543","22325","22698","22183","21514","22265","22406","23176","22924","23773","24328","23962","23149","22579","21486","21730","21514","25300","7424","14343","28140","29916","","",
"Uzbekistan","UZB","Statistical performance indicators (SPI): Pillar 2 data services score (scale 0-100)","IQ.SPI.PIL2","","","","","","","","","","","","","","","","","","","","","","","","","","","","","","","","","","","","","","","","","","","","","","","","","","","","","","","","","4.1","5.9","39.3333333333333","56","74.0666666666667","74.0666666666667","76.6333333333333","76.6333333333333","79.1333333333333","",
"Uzbekistan","UZB","CPIA trade rating (1=low to 6=high)","IQ.CPA.TRAD.XQ","","","","","","","","","","","","","","","","","","","","","","","","","","","","","","","","","","","","","","","","","","","","","","2.5","2.5","2.5","2.5","2.5","2.5","2.5","2.5","2.5","2.5","2.5","2.5","3","3.5","4","4","4","4","4","4","4",
"Uzbekistan","UZB","CPIA public sector management and institutions cluster average (1=low to 6=high)","IQ.CPA.PUBS.XQ","","","","","","","","","","","","","","","","","","","","","","","","","","","","","","","","","","","","","","","","","","","","","","2.4","2.4","2.5","2.7","2.8","2.8","2.9","2.9","2.9","3","3.2","3.2","3.2","3.3","3.4","3.4","3.7","3.7","3.7","3.7","3.7",
"Uzbekistan","UZB","CPIA quality of public administration rating (1=low to 6=high)","IQ.CPA.PADM.XQ","","","","","","","","","","","","","","","","","","","","","","","","","","","","","","","","","","","","","","","","","","","","","","2.5","2.5","2.5","3","3","3","3","3","3","3","3","3","3","3","3","3","3.5","3.5","3.5","3.5","3.5",
"Uzbekistan","UZB","Changes in inventories (current LCU)","NE.GDI.STKB.CN","","","","","","","","","","","","","","","","","","","","","","","","","","","","","","","","","","","","","","-91985000000","-100414000000","-173392000000","-106402000000","-281662000000","52842000000","69452000000","374945000000","1293352000000","1686000000000","1322800000000","2049500000000","788000000000","3621214422028.79","6115075800285.76","11709070329461.6","8757849459458.49","10787196520722.6","9413526749613.03","10422992018805.5","15192144730389.5","24823468028985.1","14086600000000","20364100000000","45474300000000","55363900000000","26335199214005.6","57578806964692.7","-13604449875609.6",
"Uzbekistan","UZB","Gross fixed capital formation (annual % growth)","NE.GDI.FTOT.KD.ZG","","","","","","","","","","","","","","","","","","","","","","","","","","","","","","","","4.99999999762795","-32.0000000145051","-5.00000000110741","-21.9999999778692","3.99999995640611","7.00000002927139","17.000000004215","4.19586988441473","1.09999998698522","0.899999980642363","4.00000001462095","3.60000000254333","4.50000000469548","4.8978319691211","6.99999999779135","9.10000000422031","22.8999999944481","28.3000000231799","24.7999999902785","9.20000000144543","2.60000000000001","10.5999999999995","11.3000000000004","9.78433866828905","9.43607088641497","4.12415008867511","19.3716302892102","29.0918018050876","37.6227875059586","-5.03621754112018","3.14455243383465","-0.270381938653358","23.3933631432461","31.3125639052319","10.5307515168063",
"Uzbekistan","UZB","Gross fixed capital formation, private sector (% of GDP)","NE.GDI.FPRV.ZS","","","","","","","","","","","","","","","","","","","","","","","","","","","","","","","","","","","14.7493125516357","17.5360723517796","12.224552275594","20.9278994297882","21.3111813794788","18.6747061531668","16.9472293893599","21.8782612226666","15.8096695390728","16.813663145063","18.654710056276","17.5504100882977","19.6723913485981","21.8039694927279","25.2478432016587","26.6508781665438","","","","","","","","","","","","","","","","",
"Uzbekistan","UZB","Exports of goods and services (annual % growth)","NE.EXP.GNFS.KD.ZG","","","","","","","","","","","","","","","","","","","","","","","","","","","","","","","","","","","","","3.51313375475996","3.23482139580385","-15.4251316802394","-8.09608541338832","9.17715392640713","-5.39102677712681","-6.74789128805516","26.4656616720711","28.1324502999745","11.9702294973203","16.8020679454818","39.9146379836448","37.3630098468595","-5.11556176987366","8.03542014144136","14.6881963263796","-5.11359352091631","10.6106843816234","-7.16468070687991","2.16184153930247","4.2943315025894","14.087799409093","10.164627075966","16.4152144866515","-20.1072658162351","13.4398609867401","19.0264071990203","17.2766843334055","-5.92519680119349","2.51547388394941",
"Uzbekistan","UZB","Gross national expenditure (% of GDP)","NE.DAB.TOTL.ZS","","","","","","","","","","","","","","","","","","","","","","","","","","","","","","","","","100.025569599436","107.422035259894","98.1756415157158","100.206316447222","107.046753939925","100.196861275759","100.292481488647","100.262559544502","94.7286214522669","97.426065417335","97.1136345333011","93.9841019910605","93.0159040861267","93.9071994674504","94.4439168942812","95.07233416105","97.4109464251805","99.3478803295555","102.774153555966","101.216631910988","106.355977781904","105.804906375908","105.843496725807","106.39076591686","108.300736686132","104.743606444421","110.311307723087","114.918120851795","111.192550221661","113.935694206245","114.488852333496","112.311096927984","119.047061864424","113.328543840319",
"Uzbekistan","UZB","Gross national expenditure (current US$)","NE.DAB.TOTL.CD","","","","","","","","","","","","","","","","","","","","","","","","","","","","","","","","","12957113995.4633","14072200741.5322","12663749554.6394","13378005462.3666","14931836327.3453","14773630188.6792","15032811176.9687","17123307124.5186","13035145187.8778","11107956202.6899","9408163530.68151","9524775053.01954","11189835164.8352","13435781803.152","16367918321.1367","21211962991.1039","28784388080.0728","33469529618.8644","57085108688.8962","68224684501.5287","80106096107.8649","87473337001.9844","96639097638.9903","103799692208.557","105995408562.676","75704912218.3231","67641054347.5079","80638806806.2064","77976141056.6096","92481662017.9559","107947366703.895","120764236244.1","144470830063.955","166636116234.701",
"Uzbekistan","UZB","Final consumption expenditure (annual % growth)","NE.CON.TOTL.KD.ZG","","","","","","","","","","","","","","","","","","","","","","","","","","","","","","","","","","","","","8.52375537214569","-3.02042152202642","0.460383574621417","5.53926481119014","0.885045717924029","7.58451012924613","3.4278261936813","0.0509157973737473","7.40430604244618","4.56955367876932","9.65967406651092","7.21863648289273","0.624522027255409","4.53484619290347","0.283043872125432","13.2391058231844","9.837283048918","9.09025249454815","9.35136635615493","11.331755440223","8.65515145079155","3.88720503416928","5.91348438627313","5.91016094417741","-1.66886264828065","10.0156215222689","9.73675037721722","5.84357021343051","9.45711819851161","7.86266970493155",
"Uzbekistan","UZB","Households and NPISHs final consumption expenditure (% of GDP)","NE.CON.PRVT.ZS","","","","","","","","","","","","","","","","","","","","","","","","","","","","","","","","","12.8411204215492","55.5105127581173","49.8800818772581","43.9929283691885","53.2164395401233","60.7980917866978","58.8912395368313","62.5618464198134","56.428615309006","57.8260816600004","57.9136399022845","55.7841019910605","52.3159040861267","50.0072032354899","49.5357753172796","51.2575062078751","49.4461121175885","53.928887952754","66.0256686505504","65.5920970724919","67.2107420155578","68.5592390316374","68.20055952825","69.9359433237709","72.0596973330372","67.5886363369616","64.363929810258","62.7197718120273","61.0217646879589","62.8014925889247","65.4088326163724","64.0037857943122","65.2037218266895","64.1428971981481",
"Uzbekistan","UZB","Households and NPISHs Final consumption expenditure per capita (constant 2015 US$)","NE.CON.PRVT.PC.KD","","","","","","","","","","","","","","","","","","","","","","","","","","","","","","","","","","","","","","","","","","","","","","","","","","","1429.25715928499","1604.57334541708","1739.35704050298","1869.46329648245","2013.54896616704","2218.99684210198","2392.25093984984","2453.24445556047","2558.04631517716","2661.69179236094","2550.98660923628","2793.32047277071","3045.51427056294","3192.86168269424","3488.62338701283","3748.45828182264",
"Uzbekistan","UZB","Households and NPISHs final consumption expenditure: linked series (current LCU)","NE.CON.PRVT.CN.AD","","","","","","","","","","","","","","","","","","","","","","","","","","","","","","","","","67824107.491382","3376926615.09725","38506244605.7654","158500179620.87","354015663379.318","706672464815.562","992365454018.605","1584619839392.83","2185947186514.8","3388954090159.05","5134025539633.91","6534182844996.13","7632535960884.56","9474964752025.11","12451533989877.1","17193400539995.8","22928178706683","31684224577852.1","58170171032427.3","75842674549710.6","95663090838664.1","118745596111762","143901999302716","175220705398804","209126901623200","249816238407048","318482249018034","388914789284000","430250100000000","540828100000000","681480200000000","807603629732983","1.00115864378328E+15","1.18641910232312E+15",
"Uzbekistan","UZB","Households and NPISHs Final consumption expenditure per capita, PPP (current international $)","NE.CON.PCAP.PP.CD","","","","","","","","","","","","","","","","","","","","","","","","","","","","","","","","","","","","","","","","","","","","","","","","","","","3582.16846260765","4170.10405835638","4450.42400498358","4652.1121775862","4864.48317902983","5060.63627954486","5202.04738463632","5160.20337919791","5326.36795844609","5366.48519003446","4936.58192543099","5433.70559338056","6503.22589084051","7151.44419226577","8162.84970299797","8960.72464658822",
"Uzbekistan","UZB","General government final consumption expenditure (constant 2015 US$)","NE.CON.GOVT.KD","","","","","","","","","","","","","","","","","","","","","","","","","","","","","","","","","","","","","","","","","","","","","","","","","","","7915911381.39529","8610212271.98448","9344855579.0736","10144787492.9673","10996800325.343","11737243797.3869","12050928162.6691","12229891416.6759","12820353425.5448","13550350511.5764","13720458880.8851","14158572055.6753","14657683960.4628","14823817327.5167","14995734279.6872","15098329004.1917",
"Uzbekistan","UZB","Military expenditure (% of general government expenditure)","MS.MIL.XPND.ZS","","","","","","","","","","","","","","","","","","","","","","","","","","","","","","","","","","","4.49555434585375","3.00818621165795","2.80805137513125","3.5144696100991","","3.88327451609454","2.796805866751","2.17500416588419","1.37717501783429","1.36315276062988","","","","","","","","","","","","","","","11.0555837926511","","","","","","","",
"Uzbekistan","UZB","Armed forces personnel (% of total labor force)","MS.MIL.TOTL.TF.ZS","","","","","","","","","","","","","","","","","","","","","","","","","","","","","","","","","0.54039032663488","0.537897996959696","0.255159874884907","0.519848488475071","0.563019094425401","1.02955899798051","1.17025378708754","1.07307504036589","0.885311826187882","0.787813143414927","0.770967505325833","0.755456917131413","0.770532851205791","0.916720108426834","0.860061558658917","0.841774297669969","0.822335851602974","0.795971105333967","0.778896314665516","0.594229662948566","0.580243791135445","0.569348678508226","0.558482845213851","0.5480277850087","0.538778162053379","0.531194017130538","0.523262761859347","0.51557819516697","0.519020934175094","","","","","",
"Uzbekistan","UZB","Logistics performance index: Frequency with which shipments reach consignee within scheduled or expected time (1=low to 5=high)","LP.LPI.TIME.XQ","","","","","","","","","","","","","","","","","","","","","","","","","","","","","","","","","","","","","","","","","","","","","","","","2.73","","","3.72","","2.96","","3.08254","","2.832432","","3.09","","","","2.8","","","",
"Uzbekistan","UZB","Logistics performance index: Quality of trade and transport-related infrastructure (1=low to 5=high)","LP.LPI.INFR.XQ","","","","","","","","","","","","","","","","","","","","","","","","","","","","","","","","","","","","","","","","","","","","","","","","2","","","2.54","","2.25","","2.011111","","2.44683","","2.57","","","","2.4","","","",
"Uzbekistan","UZB","Individuals using the Internet (% of population)","IT.NET.USER.ZS","","","","","","","","","","","","","","","","","","","","","","","","","","","","","","","0","","","","","0.00153","0.00429","0.0105","0.0208","0.0307","0.484347307694947","0.597567993875805","1.08193974248733","1.91259517784997","2.59372542084924","3.34350988825952","6.38832196706805","7.49060468138629","9.0801145234501","11.9","15.89999962","18.6","23.60000038","26.79999924","35.5","42.79999924","46.79130173","48.6999988524556","55.2000006732722","70.3999986481458","71.09999824","76.59043014","83.90000012","89.01361047","89.50550079","",
"Uzbekistan","UZB","Secure Internet servers","IT.NET.SECR","","","","","","","","","","","","","","","","","","","","","","","","","","","","","","","","","","","","","","","","","","","","","","","","","","","2","8","27","41","73","177","2221","6548","9193","15196","16044","20376","25630","29373","35148","",
"Uzbekistan","UZB","Fixed telephone subscriptions","IT.MLT.MAIN","","","","","","","","","","","","","","","","350000","390000","460000","500000","550000","580000","660000","720000","780000","850000","930000","1010000","1100000","1200000","1350000","1402844","1458455","1528900","1543300","1557100","1544200","1531300","1541000","1536700","1599380","1655044","1662963","1681127","1717068","1750400","1793500","1841870","1822146","1849563","1856592","1892164","1927735","1980038","2000000","2507711","2816611","3412921","3444330","3460258","5662750","5474233","5766587","5685854","6147117","6322641","",
"Uzbekistan","UZB","Liner shipping connectivity index (maximum value in 2004 = 100)","IS.SHP.GCNW.XQ","","","","","","","","","","","","","","","","","","","","","","","","","","","","","","","","","","","","","","","","","","","","","","","","","","","","","","","","","","","","","","","","","","",
"Uzbekistan","UZB","Air transport, passengers carried","IS.AIR.PSGR","","","","","","","","","","","","","","","","","","","","","","","","","","","","","","","","","4032500","2217300","2217300","2217300","1566200","1566200","1560200","1657600","1744510","2256380","1451004","1465798","1588049","1639276","1665190","1940378","2033933","1850056","2114050","2275947","2593509","2614085","2545935","2486673","2383631","2581865","3056558","3685192","933769","2010914","4227000","4849939","","",
"Uzbekistan","UZB","Statistical performance indicators (SPI): Pillar 4 data sources score (scale 0-100)","IQ.SPI.PIL4","","","","","","","","","","","","","","","","","","","","","","","","","","","","","","","","","","","","","","","","","","","","","","","","","","","","","","","","34.6","36.225","35","38.425","38.425","45.875","57.5083333333333","61.6333333333333","63.2833333333333","68.2083333333333","",
"Uzbekistan","UZB","Statistical performance indicators (SPI): Overall score (scale 0-100)","IQ.SPI.OVRL","","","","","","","","","","","","","","","","","","","","","","","","","","","","","","","","","","","","","","","","","","","","","","","","","","","","","","","","","37.73125","43.625","50.5429166666667","53.91","67.8033333333333","71.055","75.7908333333333","81.9920833333333","81.4908333333333","",
"Uzbekistan","UZB","CPIA policies for social inclusion/equity cluster average (1=low to 6=high)","IQ.CPA.SOCI.XQ","","","","","","","","","","","","","","","","","","","","","","","","","","","","","","","","","","","","","","","","","","","","","","3.6","3.6","3.7","3.7","3.7","3.8","3.8","3.8","3.8","3.7","3.7","3.7","3.7","3.7","3.8","3.9","3.9","4","4","4","4",
"Uzbekistan","UZB","CPIA property rights and rule-based governance rating (1=low to 6=high)","IQ.CPA.PROP.XQ","","","","","","","","","","","","","","","","","","","","","","","","","","","","","","","","","","","","","","","","","","","","","","2","2","2.5","2.5","2.5","2.5","2.5","2.5","2.5","2.5","3","3","3","3","3","3","3.5","3.5","3.5","3.5","3.5",
"Uzbekistan","UZB","IDA resource allocation index (1=low to 6=high)","IQ.CPA.IRAI.XQ","","","","","","","","","","","","","","","","","","","","","","","","","","","","","","","","","","","","","","","","","","","","","","3","3","3.13333333333333","3.3","3.33333333333333","3.35833333333333","3.38333333333333","3.38333333333333","3.38333333333333","3.38333","3.43333","3.475","3.55833333333333","3.58333333333333","3.675","3.74166666666667","3.816667","3.841667","3.841667","3.841667","3.841667",
"Uzbekistan","UZB","CPIA financial sector rating (1=low to 6=high)","IQ.CPA.FINS.XQ","","","","","","","","","","","","","","","","","","","","","","","","","","","","","","","","","","","","","","","","","","","","","","2.5","2.5","2.5","3","3","3","3","3","3","3","3","3","3","2.5","2.5","3","3","3","3","3","3",
"Uzbekistan","UZB","CPIA debt policy rating (1=low to 6=high)","IQ.CPA.DEBT.XQ","","","","","","","","","","","","","","","","","","","","","","","","","","","","","","","","","","","","","","","","","","","","","","4","4","4","4","4","4","4","4","4","4","4","4.5","4.5","4.5","4.5","4.5","4.5","4.5","4.5","4.5","4.5",
"Uzbekistan","UZB","Net financial flows, RDB concessional (NFL, current US$)","DT.NFL.RDBC.CD","","","","","","","","","","","","","","","","","","","","","","","","","","","","","","","","","","","","","","","460000","89000","1199000","4458000","6757000","3345000","2608000","0","150000","167000","2731000","18670000","36298000","60320000","57442000","71696409","85146000","114258000","60928000","166569000","44799000","168052000","169985000","91535000","217546000","30602000","330665000","",
"Uzbekistan","UZB","PNG, bonds (NFL, current US$)","DT.NFL.PNGB.CD","","","","","","","","","","","","","","","","","","","","","","","","","","","","","","","","","","","","","","","","","","","","","","","","","","","","","","","","","","","","300000000","300000000","300000000","","100000000","221739000","",
"Uzbekistan","UZB","PPG, official creditors (NFL, US$)","DT.NFL.OFFT.CD","","","","","","","","","","","","","","","","","","","","","","","","","","","","","","","","","60895029.5","455542221.3","-40328074.8","282214947.9","229953883.8","33725188.2","198882253.8","405876096","257566821.4","253795155.4","-29835938.4","-50908515.1","69999757.2","23146987.6","-60042900.9","13532634.1","32152746.6","240747204.3","183517687.4","299356070.2","321094749.9","601922861.5","588473224.5","900895473.7","747390886.5","915749789.8","2452607142.4","3304434576","4221244564.1","2394680272.7","3295672379.7","2709964249.9","3488980137","",
"Uzbekistan","UZB","Net financial flows, IDA (NFL, current US$)","DT.NFL.MIDA.CD","","","","","","","","","","","","","","","","","","","","","","","","","","","","","","","","","","","","","","","","","","","0","210000","4505000","7085000","13388000","15774000","12673000","27603000","32097000","36316000","48247000","72991000","74919000","107966000","104172000","71102000","656801000","153079000","442594000","395372000","796367000","642453000","708506000","",
"Uzbekistan","UZB","Net official flows from UN agencies, ILO (current US$)","DT.NFL.ILOG.CD","","","","","","","","","","","","","","","","","","","","","","","","","","","","","","","","","","","","","","","","","","","","","","","","","","","","","4765.99996909499","8657.00002759695","281509.99546051","191839.993000031","452650.010585785","10999.9999403954","701034.009456635","1006569.98157501","878266.990184784","833999.991416931","1462864.04132843","1363245.96405029","","",
"Uzbekistan","UZB","Net flows on external debt, private nonguaranteed (PNG) (NFL, current US$)","DT.NFL.DPNG.CD","","","","","","","","","","","","","","","","","","","","","","","","","","","","","","","","","","207000","3546000","10750000","52920000","99520000","175423000","213973000","-84138000","-69366000","9605000","106780000","13515000","32177000","80836000","276172000","443841000","1810948000","613050000","178693000","217843000","1352803000","1333500000","452400000","835400000","-114200000","21115000","1324994000","1879752000","3119796000","2774942000","3639026000","3842411000","",
"Uzbekistan","UZB","Present value of external debt (% of GNI)","DT.DOD.PVLX.GN.ZS","","","","","","","","","","","","","","","","","","","","","","","","","","","","","","","","","","","","","","","","","","","","","","","","","","","","","","","","","","","","","","","","","27.993411647499","",
"Uzbekistan","UZB","PPG, IDA (DOD, current US$)","DT.DOD.MIDA.CD","","","","","","","","","","","","","","","","","","","","","","","","","","","","","","","","","","","","","","","","","","","0","213000","4925000","11492000","25655000","42805000","55022000","83413000","114403000","149384000","197964000","272460000","328165000","421027000","509190000","610161000","1251994000","1401315000","1876253000","2247474000","3001658000","3646152000","4330169000","",
"Uzbekistan","UZB","Short-term debt (% of total reserves)","DT.DOD.DSTC.IR.ZS","","","","","","","","","","","","","","","","","","","","","","","","","","","","","","","","","","","","","","","","50.4135576453508","","","","","","","","","","","","","","0.493539682592732","0.632155673388856","0.661579425852802","1.48276483975954","2.63415466255646","3.31191967348323","2.29694624079906","6.80784856936752","10.069134425859","17.5478665533011","20.063451507611","13.820840954718","",
"Uzbekistan","UZB","External debt stocks, long-term (DOD, current US$)","DT.DOD.DLXF.CD","","","","","","","","","","","","","","","","","","","","","","","","","","","","","","","","","59702042.9","939699376.2","956180534.1","1434079410.9","2065829252.8","2292911621.7","2998847126.9","4127051901.1","4237239040.1","4302670927.2","4407470146.5","4647659239.8","4617638937.8","4173761384.6","3941904420.4","4054039159.6","4501046823.5","6392178886.5","7158772482.8","7668625190.3","8071931949.6","9800953006.4","11685190896","13046467362.6","14591610516.1","15587757611.7","16996258116.5","23925665500.5","34002515490.6","39817348857.7","45895658673.5","53266873016.7","63345538498.1","",
"Uzbekistan","UZB","Net ODA provided, total (constant 2023 US$)","DC.ODA.TOTL.KD","","","","","","","","","","","","","","","","","","","","","","","","","","","","","","","","","","","","","","","","","","","","","","","","","","","","","","","","","","","","","","","","","","",
"Uzbekistan","UZB","Net ODA provided, to the least developed countries (current US$)","DC.ODA.TLDC.CD","","","","","","","","","","","","","","","","","","","","","","","","","","","","","","","","","","","","","","","","","","","","","","","","","","","","","","","","","","","","","","","","","","",
"Uzbekistan","UZB","Net bilateral aid flows from DAC donors, Slovenia (current US$)","DC.DAC.SVNL.CD","","","","","","","","","","","","","","","","","","","","","","","","","","","","","","","","","","","","","","","","","","","","","","","","","9999.99977648258","9999.99977648258","","","","","","","1791.00001696497","942.000013310462","413.000001572073","","","781.000009737909","","985.000049695373","","",
"Uzbekistan","UZB","Net bilateral aid flows from DAC donors, New Zealand (current US$)","DC.DAC.NZLL.CD","","","","","","","","","","","","","","","","","","","","","","","","","","","","","","","","","","","","","29999.9993294477","","19999.9995529652","29999.9993294477","29999.9993294477","39999.9991059303","19999.9995529652","19999.9995529652","129999.995231628","159999.996423721","29999.9993294477","","","","","","","","","","","","","","","","","","","",
"Uzbekistan","UZB","Net bilateral aid flows from DAC donors, Lithuania (current US$)","DC.DAC.LTUL.CD","","","","","","","","","","","","","","","","","","","","","","","","","","","","","","","","","","","","","","","","","","","","","","","9999.99977648258","59999.9986588955","119999.997317791","39999.9991059303","29999.9993294477","29999.9993294477","9999.99977648258","9999.99977648258","329.000002238899","9690.99998474121","9922.99988865852","14204.0001228452","9383.00043344498","13319.9999108911","25123.0001449585","19235.0000143051","69859.9964380264","4797336.10153198","","",
"Uzbekistan","UZB","Net bilateral aid flows from DAC donors, Iceland (current US$)","DC.DAC.ISLL.CD","","","","","","","","","","","","","","","","","","","","","","","","","","","","","","","","","","","","","","","","","","","","","","","","","","","","","","","","","","","","","","","","","","",
"Uzbekistan","UZB","Net bilateral aid flows from DAC donors, United Kingdom (current US$)","DC.DAC.GBRL.CD","","","","","","","","","","","","","","","","","","","","","","","","","","","","","","","","","9999.99977648258","959999.978542328","750000","589999.973773956","959999.978542328","949999.988079071","839999.973773956","990000.009536743","649999.976158142","759999.990463257","1370000.00476837","589999.973773956","1450000.04768372","550000.011920929","129999.995231628","50000.0007450581","1000000","1840000.0333786","1230000.01907349","839999.973773956","2589999.91416931","2406002.99835205","2039186.95449829","2299161.91101074","1325463.05656433","2871684.07440186","2991528.03421021","6311203.956604","4216598.03390503","3366873.02589417","1925979.01821136","1815356.96983337","","",
"Uzbekistan","UZB","Net bilateral aid flows from DAC donors, Spain (current US$)","DC.DAC.ESPL.CD","","","","","","","","","","","","","","","","","","","","","","","","","","","","","","","","","","189999.997615814","100000.001490116","","","","70000.0002980232","239999.994635582","29999.9993294477","3009999.99046326","4989999.77111816","4110000.1335144","1279999.97138977","79999.9982118607","79999.9982118607","","360000.014305115","660000.026226044","230000.004172325","1269999.98092651","","29999.9993294477","3732.00001195073","9878.99955362082","-669302.999973297","-725686.013698578","-761799.991130829","-665093.004703522","-671706.020832062","18946.9996839762","-705956.995487213","-720279.99162674","","",
"Uzbekistan","UZB","Net bilateral aid flows from DAC donors, Switzerland (current US$)","DC.DAC.CHEL.CD","","","","","","","","","","","","","","","","","","","","","","","","","","","","","","","","","","239999.994635582","1230000.01907349","460000.00834465","129999.995231628","19999.9995529652","79999.9982118607","730000.019073486","839999.973773956","1279999.97138977","3430000.0667572","5869999.88555908","9899999.61853027","6599999.90463257","3000000","5050000.19073486","4139999.8664856","2119999.88555908","1000000","2180000.0667572","2619999.88555908","3380000.11444092","4219999.79019165","4847270.01190186","5492541.79000854","8113642.69256592","3143436.90872192","3552270.88928223","7953238.96408081","6645545.95947266","6104641.91436768","11633997.9171753","","",
"Uzbekistan","UZB","Net bilateral aid flows from DAC donors, Austria (current US$)","DC.DAC.AUTL.CD","","","","","","","","","","","","","","","","","","","","","","","","","","","","","","","","","","109999.999403954","79999.9982118607","39999.9991059303","29999.9993294477","39999.9991059303","29999.9993294477","29999.9993294477","39999.9991059303","50000.0007450581","209999.993443489","319999.992847443","270000.010728836","300000.011920929","400000.005960464","360000.014305115","3519999.98092651","349999.994039536","319999.992847443","529999.971389771","442806.005477905","267439.007759094","326956.003904343","354326.993227005","359284.01350975","332356.989383698","362619.012594223","428817.003965378","532042.026519775","2135438.91906738","2313817.02423096","3232484.10224915","","",
"Uzbekistan","UZB","Stocks traded, total value (current US$)","CM.MKT.TRAD.CD","","","","","","","","","","","","","","","","","","","","","","","","","","","","","","","","","","","","","","","","","","","","","","","","","","","","","","","","","","","","","31070000","36770000","104680000","29390000","10200000","14570000",
"Uzbekistan","UZB","S&P Global Equity Indices (annual % change)","CM.MKT.INDX.ZG","","","","","","","","","","","","","","","","","","","","","","","","","","","","","","","","","","","","","","","","","","","","","","","","","","","","","","","","","","","","","","","","","","",
"Uzbekistan","UZB","Secondary income receipts (BoP, current US$)","BX.TRF.CURR.CD","","","","","","","","","","","","","","","","","","","","","","","","","","","","","","","","","","","","","","","","","","","","","","351364152.664086","760701849.016206","997179343.47512","2960308203.0186","1372515682.3387","2395507979.13312","3513521060.42967","4805649475.81159","4733476757.90382","5238341751.03265","2874041416.16411","3727212238.42966","4816057258.61685","4822910030.616","6040286590.47987","5395952124.27571","6892317923.79197","11684610947.4088","9685366463.60314","11595066709.2388","15143148077.8291",
"Uzbekistan","UZB","Travel services (% of service exports, BoP)","BX.GSR.TRVL.ZS","","","","","","","","","","","","","","","","","","","","","","","","","","","","","","","","","","","","","","","","","","","","","","15.273523103256","15.769688015931","20.9969167264522","18.0052641071739","25.7448354880139","20.0304324029613","19.1371413124028","13.9973824165722","23.5071832076933","21.1474404962625","22.2873506437048","24.0563034566207","30.5971859479613","41.6213226920828","48.3802588491146","20.5245945532152","25.9027604374152","33.2796435910549","39.8783995760868","48.923524871578","50.3610075415232",
"Uzbekistan","UZB","Service exports (BoP, current US$)","BX.GSR.NFSV.CD","","","","","","","","","","","","","","","","","","","","","","","","","","","","","","","","","","","","","","","","","","","","","","819641890.30261","1002784037.29013","1325574037.98895","1538407354.72854","1367638871.40515","1415384613.26697","1842931749.42263","2135968733.88696","2443876643.158","2371227164.68178","2363979686.01975","1904748495.23854","2250685632.89195","2749547230.08908","3127107332.77026","1704280294.41462","2300026405.14203","4316655817.14785","5433008853.89549","6547224307.44168","9274060899.25362",
"Uzbekistan","UZB","Primary income receipts (BoP, current US$)","BX.GSR.FCTY.CD","","","","","","","","","","","","","","","","","","","","","","","","","","","","","","","","","","","","","","","","","","","","","","701341486.688467","681686107.820601","745261612.295636","720965715.812763","877241830.164258","1125850761.24821","1491541149.35098","1351840971.39136","1752936514.1882","1623836419.24983","2025214696.46395","2210414205.4335","2597539363.5465","3205168279.40567","2957254347.54308","1938906678.6052","2554032264.1158","4321403221.37245","5317642947.94594","5667402982.75865","6428837349.60827",
"Uzbekistan","UZB","Technical cooperation grants (BoP, current US$)","BX.GRT.TECH.CD.WD","","","","","","","","","","","","","","","","","","","","","","","","","","","","","","","","","1510000","4060000","10310000","27730000","35300000","31510000","35950000","45740000","39190000","46520000","73750000","86650000","101860000","72480000","83480000","36330000","46780000","43250000","55260000","45510000","40450939","45869662","40703098","35482688","37856686","45778399","41305380","67105101","67293542","75914657","59299875","55933954","","",
"Uzbekistan","UZB","Reserves and related items (BoP, current US$)","BN.RES.INCL.CD","","","","","","","","","","","","","","","","","","","","","","","","","","","","","","","","","","","","","","","","","","","","","","601435456.465054","714200238.758822","1617728025.39712","3780444536.6235","2405036643.99946","1255363952.94108","2524518628.35707","-66303910.8293135","745727019.767669","-367590496.447877","217776975.939345","552413575.594086","-255997236.167111","-1563677963.1559","1406589604.88997","1395599041.07501","-468888319.334275","-1321692718.60104","-2692013535.77467","-612558275.135805","2020579843.20114",
"Uzbekistan","UZB","Net trade in goods (BoP, current US$)","BN.GSR.MRCH.CD","","","","","","","","","","","","","","","","","","","","","","","","","","","","","","","","","","","","","","","","","","","","","","1358759093.4161","1478357643.61652","1699703188.63758","1316526687.33079","1642540141.14045","662961966.80584","-67941060.870846","-2497090927.85721","-2812084342.3728","-2957869452.07116","-2094500711.84038","-2392104950.97083","-2215786814.26733","-6866855260.73498","-7291325300.42994","-6216148443.54531","-8766676092.79914","-11659947357.5385","-14858973274.1914","-13533889534.599","-15521615764.4251",
"Uzbekistan","UZB","Current account balance (% of GDP)","BN.CAB.XOKA.GD.ZS","","","","","","","","","","","","","","","","","","","","","","","","","","","","","","","","","","","","","","","","","","","","","","8.02147599172507","9.98278095339078","8.10827572787105","10.775516002095","5.22767728940485","4.10238879075232","4.12954871071007","1.60515911912695","1.59150571044043","2.27365092203661","0.918048539753847","0.217874038430629","2.04476697126481","-5.85985590733897","-4.80432180452473","-4.31770821939444","-6.03366775527398","-3.01865917303125","-7.25129879099619","-4.71597432187069","-3.93381123699979",
"Uzbekistan","UZB","Foreign direct investment, net outflows (% of GDP)","BM.KLT.DINV.WD.GD.ZS","","","","","","","","","","","","","","","","","","","","","","","","","","","","","","","","","","","","","","","","","","","","","","0.0178146825025187","0.0124030068956201","0.0102718223201467","0.00870313281923931","0.0128157739100032","0.0053090321047037","0.00540224231839101","0.00409732881706738","0.0052267357307401","0.00485222138919219","0.00468823966271823","0.00594378229061531","0.0112903804199465","0.00293502945023229","0.00477713234445635","0.0161275722530623","0.00310133350595286","0.00433144805355572","0.0109063220763641","0.030243973951333","0.107580147404507",
"Uzbekistan","UZB","Imports of goods, services and primary income (BoP, current US$)","BM.GSR.TOTL.CD","","","","","","","","","","","","","","","","","","","","","","","","","","","","","","","","","","","","","","","","","","","","","","5242215194.87564","6102044077.10661","8803568696.12104","11713246249.9439","12114397446.3972","12914859612.5067","15950496011.3269","17369965866.5123","17875602999.6019","16910770627.5269","15266441185.9996","15838738000.4626","17854790658.477","25141162450.8677","28808762584.7248","24416894636.1879","30132561843.2393","38950612729.837","46969464889.8329","48142945664.6192","58239359816.9804",
"Uzbekistan","UZB","Insurance and financial services (% of service imports, BoP)","BM.GSR.INSF.ZS","","","","","","","","","","","","","","","","","","","","","","","","","","","","","","","","","","","","","","","","","","","","","","5.01021093095486","5.30408237229074","5.17986136681981","5.17029584084305","4.88245449941287","1.13374322320776","0.960873161290709","1.70262130522117","1.64617752048919","2.97903995987544","2.42043411129429","3.46684427156245","4.07686024271169","3.60471584582611","3.38364220706495","4.43053025783727","4.13421676597206","3.53612547660577","4.2619937704048","3.32289810668373","3.5330389418884",
"Uzbekistan","UZB","Trade in services (% of GDP)","BG.GSR.NFSV.GD.ZS","","","","","","","","","","","","","","","","","","","","","","","","","","","","","","","","","","","","","","","","","","","","","","16.7942384170708","15.2714744605399","15.4913798633436","13.5823647372099","11.8835713336536","7.32772143516905","7.35564261197393","7.43288067937745","7.04320504986855","5.75802196066435","5.59208180972434","5.46481125052553","8.77673912214785","12.9498778603618","12.1487833369897","7.54918946393628","9.02700793298888","12.3568347923692","12.6516282392772","14.0177668671355","15.58067822866",
"Uzbekistan","UZB","Food production index (2014-2016 = 100)","AG.PRD.FOOD.XD","","","","","","","","","","","","","","","","","","","","","","","","","","","","","","","","","33.88","33.41","33.55","34.74","32.63","33.12","34","34.82","36.97","37.49","40.19","43.59","45.52","48.66","54.3","56.05","59.08","64.11","68.9","73.94","80.17","86.92","93.08","100.51","106.41","101.18","105.38","105.01","106.82","109.7","114.43","","","",
"Uzbekistan","UZB","Rural land area (sq. km)","AG.LND.TOTL.RU.K2","","","","","","","","","","","","","","","","","","","","","","","","","","","","","","","417200.724782","","","","","","","","","","414875.197896","","","","","","","","","","","","","","","412602.140661","","","","","","","","","","",
"Uzbekistan","UZB","Forest area (% of land area)","AG.LND.FRST.ZS","","","","","","","","","","","","","","","","","","","","","","","","","","","","","","","","","6.18662059238364","6.28349177244946","6.38036318758815","6.47723460272685","6.57410601786554","6.67097743300423","6.76784861307005","6.86472002820874","6.7928870436847","6.88276941852809","6.97181030072653","7.06140195513872","7.15084351834219","7.23996269350165","7.32899942640817","7.41577282652574","7.50509144040719","7.59450412322655","7.6844723004781","7.77762735510281","7.86948141349243","7.96137580342781","8.05307155527101","8.05583295506128","8.1397486557828","8.19844389770035","8.25712061408984","8.31637366503615","8.37322137751049","8.43180461723851","8.49046413042492","8.54914331101781","","",
"Uzbekistan","UZB","Urban land area where elevation is below 5 meters (sq. km)","AG.LND.EL5M.UR.K2","","","","","","","","","","","","","","","","","","","","","","","","","","","","","","","0","","","","","","","","","","0","","","","","","","","","","","","","","","0","","","","","","","","","","",
"Uzbekistan","UZB","Land under cereal production (hectares)","AG.LND.CREL.HA","","","","","","","","","","","","","","","","","","","","","","","","","","","","","","","","","1201210","1272300","1512900","1648000","1731700","1827305","1672567","1719430","1530356","1400856","1533700","1794600","1668243","1616629","1617537","1536025","1563027","1620512","1685429","1600010","1616297","1623342","1641688","1657418","1677312","1644316","1522676","1558575","1602008","1507228","1501020","1480604","","",
"Uzbekistan","UZB","Agricultural land (% of land area)","AG.LND.AGRI.ZS","","","","","","","","","","","","","","","","","","","","","","","","","","","","","","","","","65.1716031969911","64.9905970850964","64.974141984015","64.9811941701928","64.974141984015","64.9670897978373","64.2548189938881","64.2477668077104","62.6839310495109","62.6848141019612","62.0447751949366","61.6343601520612","61.2224763853868","60.8077568148602","60.3923368131238","59.9586223347646","59.5457913098927","59.1336063035475","58.7255558716379","58.3214206223369","57.907296925195","57.5048934231933","58.6109332727536","57.984566500227","57.9805306962693","57.9525543137807","57.9234067278426","58.0070592775022","58.2832179734483","58.3012029873846","58.4792534698583","58.0551458073301","","",
"Uzbekistan","UZB","Adolescents out of school, male (% of male lower secondary school age)","SE.SEC.UNER.LO.MA.ZS","","","","","","","","","","","","","","","","","","","","","","","","","","","","","","","","","","","","","","","","","","","","","","","","3.25837993621826","4.30730009078979","4.81066989898682","4.51857995986938","7.32465982437134","6.76495470988462","6.23693180819848","4.66695938364313","5.71168771876427","5.40358069332976","4.80998860802132","3.85171745899429","0.817203123570363","3.47735185439838","2.71988330520686","2.7673400599016","2.69845167174038","2.95139427495938","2.47044494926695",
"Uzbekistan","UZB","Secondary education, teachers","SE.SEC.TCHR","","","","","","","","","","","","","","","","","","","","","","192100","","","","","226300","","","281500","292600","302400","313300","324300","337200","340200","","","","307460","310043","315439","318366","329692","334461","339315","348445","352001","357560","367224","342064","329168","337652","283382","306761","302586","306569","307968","300075","295201","298876","298010","303736","312964","438311","452226",
"Uzbekistan","UZB","Trained teachers in upper secondary education, female (% of female teachers)","SE.SEC.TCAQ.UP.FE.ZS","","","","","","","","","","","","","","","","","","","","","","","","","","","","","","","","","","","","","","","","","","","","","","","","","","","","","","","","","100","94.1608734130859","100","100","100","100","100","100","100","100",
"Uzbekistan","UZB","Trained teachers in lower secondary education, female (% of female teachers)","SE.SEC.TCAQ.LO.FE.ZS","","","","","","","","","","","","","","","","","","","","","","","","","","","","","","","","","","","","","","","","","","","","","","","","","","","","","","","81.2058348017221","81.2750029243186","81.9512849840106","99.0108353521346","100","100","100","100","100","100","100","100",
"Uzbekistan","UZB","Progression to secondary school, female (%)","SE.SEC.PROG.FE.ZS","","","","","","","","","","","","","","","","","","","","","","","","","","","","","","","","","","","","","","","","","97.06659","100","100","98.80802","99.15171","99.57197","99.71149","100","98.9429","98.76971","98.01484","98.8142","98.54042","98.98625","98.87471","98.96368","98.81284","99.39881","","","","","","","","",
"Uzbekistan","UZB","School enrollment, secondary (% net)","SE.SEC.NENR","","","","","","","","","","","","","","","","","","","","","","","","","","","","","","","","","","","","","","","","","","","","","","","","","","","85.91028","86.60566","88.29952","88.51988","88.07015","88.74141","89.80656","90.85635","","","","","","","","",
"Uzbekistan","UZB","Secondary education, vocational pupils (% female)","SE.SEC.ENRL.VO.FE.ZS","","","","","","","","","","","","","","","","","","","","","","","","","","","","","","","","","","","","","","","","45.14746","43.96225","45.37922","43.54549","42.89591","44.58555","46.89727","47.64947","","","","","","49.15327","49.10878","49.13458","49.07323","49.1113","49.00815","","","","","","","","",
"Uzbekistan","UZB","Pupil-teacher ratio, lower secondary","SE.SEC.ENRL.LO.TC.ZS","","","","","","","","","","","","","","","","","","","","","","","","","","","","","","","","","","","","","","","","","","","","","","","","","","","","","10.58343","9.33363","8.9533","8.90712","8.78566","8.76802","8.49857","","","","","","","",
"Uzbekistan","UZB","Secondary education, pupils","SE.SEC.ENRL","","","","","","","","","","","","","","","","","","","","","","2879300","","","","","3115000","","","3170300","3186300","3194600","3225500","3194000","3218800","3318900","","","","3410955","3565979","","","4258787","4338358","4515852","4542174","4598037","4497372","4506226","4448978","4370300","4335596","4195583","4082709","3964383","3908744","3892888","3949245","4738495","3929535","3883336","4022812","4112120","4195088","4362103",
"Uzbekistan","UZB","Educational attainment, at least completed upper secondary, population 25+, female (%) (cumulative)","SE.SEC.CUAT.UP.FE.ZS","","","","","","","","","","","","","","","","","","","","","","","","","","","","","","","","","","","","","","","","","","","","","","","","","","","","","","89.760498046875","90.1748428344727","90.3000564575195","91.0283889770508","","95.2751388549805","95.8122406005859","97.9614181152611","95.0128784179688","96.034538269043","","","",
"Uzbekistan","UZB","Educational attainment, at least completed lower secondary, population 25+, total (%) (cumulative)","SE.SEC.CUAT.LO.ZS","","","","","","","","","","","","","","","","","","","","","","","","","","","","","","","","","","","","","","","","","","","","","","","","","","","","","","99.8928680419922","99.8681564331055","99.8860626220703","99.9035186767578","","99.9048690795898","99.9171905517578","","99.9351272583008","99.9783325195312","","","",
"Uzbekistan","UZB","Lower secondary completion rate, male (% of relevant age group)","SE.SEC.CMPT.LO.MA.ZS","","","","","","","","","","","","","","","","","","","","","","","","","","","","","","","","","","","","","","","","","","91.3734970092773","94.9672088623047","95.2352905273438","94.9468078613281","96.4379577636719","98.4653396606445","96.1696395874023","92.4553833007812","93.007568359375","92.7592913682623","91.2199019977384","90.9427723316884","86.1898695362166","94.8016051235427","91.8062439890508","93.6992078808433","93.7781732604292","92.2993196261123","93.920674934247","92.7719396331348","95.9701309465843","97.1243382386927","95.7638882147953","95.8373542603618","97.5624265723604",
"Uzbekistan","UZB","Children out of school, male (% of male primary school age)","SE.PRM.UNER.MA.ZS","","","","","","","","","","","","","","","","","","","","","","","","","","","","","","","","","","","","","","","","","","","","","","","","5.13270998001099","2.68917989730835","2.09001994132996","2.81310682855763","3.85634987031347","4.34836966919809","4.27949186365089","2.33744258677473","1.89687921380313","1.24304841063299","1.39497515633892","","1.50658690096891","1.07629557264444","1.48825777231915","4.02928814316818","4.92350760534342","","",
"Uzbekistan","UZB","Children out of school, primary","SE.PRM.UNER","","","","","","","","","","","","","","","","","","","","","","","","","","","","","","","","","","","","","","","","","","","","","","","","124903","64669","51681","67860","90668","100061","97381","57099","51623","38752","44956","9453.96966064302","40438","31580","37201","107838","130836","15823.7150720488","18501.3503015465",
"Uzbekistan","UZB","Primary education, teachers (% female)","SE.PRM.TCHR.FE.ZS","","","","","","","","","","","","","","","","","","","","","","77.816291809082","","","","","77.8774337768555","","","77.9239807128906","78.3098602294922","79.5680465698242","79.6029586791992","79.5963973999023","80.3108978271484","80.5418090820312","80.4194030761719","83.7309875488281","85.1719589233398","83.7488403320312","83.4094314575195","85.1269073486328","84.4028930664062","84.6371383666992","83.6912689208984","84.4533920288086","85.6488723754883","84.9303970336914","84.9275817871094","89.1512222290039","90.4994502622519","86.8243974816538","85.9764219551405","86.3704194992539","86.8157519600855","90.1398906908942","90.7650189289554","90.5794537993491","91.6887342714229","91.2980182606135","91.6383847326742","92.0048618532145","91.737875047077","92.3526112632378","92.8526113780908","93.2129156744589",
"Uzbekistan","UZB","Trained teachers in primary education, female (% of female teachers)","SE.PRM.TCAQ.FE.ZS","","","","","","","","","","","","","","","","","","","","","","","","","","","","","","","","","","","","","","","","","","","","","","","100","100","100","100","100","100","","","","","","98.9435657098223","99.0335063709297","99.9741921212233","99.2279891936378","100","100","100","100","100",
"Uzbekistan","UZB","Persistence to last grade of primary, total (% of cohort)","SE.PRM.PRSL.ZS","","","","","","","","","","","","","","","","","","","","","","","","","","","","","","","","","","","99.6748809814453","","","","","99.5315475463867","97.7405700683594","97.7190628051758","96.8438873291016","97.4310684204102","98.615608215332","98.4248199462891","98.9451522827148","98.4190521240234","98.3747329711914","99.730583190918","98.0783233642578","98.687858581543","98.1919326782227","99.1825485229492","98.3215713500977","99.2061004638672","99.1685180664062","99.2765502929688","98.3101501464844","99.7092590332031","98.0887298583984","","","","","",
"Uzbekistan","UZB","Persistence to grade 5, male (% of cohort)","SE.PRM.PRS5.MA.ZS","","","","","","","","","","","","","","","","","","","","","","","","","","","","","","","","","","","","","","","","","","","","","","","","","","","","","","","","","","","","","","","","","","",
"Uzbekistan","UZB","Over-age students, primary, male (% of male enrollment)","SE.PRM.OENR.MA.ZS","","","","","","","","","","","","","","","","","","","","","","","","","","","","","","","","","","","","","","","","","","","","","","","","1.17245","1.26353","1.11684","0.94129","1.05725","1.00421","0.95807","1.27401","1.0748","0.9262","0.46517","","","","","","","","",
"Uzbekistan","UZB","Net intake rate in grade 1, female (% of official school-age population)","SE.PRM.NINT.FE.ZS","","","","","","","","","","","","","","","","","","","","","","","","","","","","","","","","","","","","","","","","","","","","","","","","","","76.01821","","","78.47746","78.9144","79.20467","","","87.1044","","","","","","","","",
"Uzbekistan","UZB","Gross intake ratio in first grade of primary education, total (% of relevant age group)","SE.PRM.GINT.ZS","","","","","","","","","","","","","","","","","","","","","","","","","","","","","","","","","","","104.70877","102.29483","","","","102.9607","98.488","96.42602","97.73693","98.81044","96.53551","95.62481","92.99216","92.75471","93.3955","93.64563","96.61954","95.55227","98.92328","98.35319","99.57678","103.94015","106.57707","106.02217","101.6438","","","","","","","",
"Uzbekistan","UZB","School enrollment, primary, female (% gross)","SE.PRM.ENRR.FE","","","","","","","","","","","","","","","","","","","","","","110.535362243652","","","","","117.207382202148","","","112.814308166504","113.703269958496","113.736381530762","105.179313659668","104.25724029541","103.63355255127","102.179557800293","98.9296417236328","101.622871398926","102.250099182129","102.863731384277","99.1631927490234","97.870849609375","97.3063735961914","97.3274078369141","96.7132415771484","96.5837097167969","95.9531097412109","95.9432983398438","96.2850875854492","96.6205596923828","96.0004302558313","94.7417182036559","94.5859611516143","95.022775566515","96.3838764225923","96.4015572132154","97.2111206718769","97.5839174359485","97.8937677411884","98.1989105320635","98.4925874968453","97.8691655481982","93.7264790451294","93.5333279331684","94.2978303762203","118.449261561906",
"Uzbekistan","UZB","Primary education, pupils","SE.PRM.ENRL","","","","","","","","","","","","","","","","","","","","","","1391000","","","","","1612000","","","1651200","1711300","1777900","1715100","1769300","1852841","1901980","2451355","2497437","2528920","2569852","2601953","2597886","2567685","2513342","2451125","2383326","2277191","2164897","2071317","1995747","1970922","1948128","1955692","1981330","2033877","2134601","2260515","2391489","2485178","2505930","2508453","2504025","2464118","2543859","2641505","3411511",
"Uzbekistan","UZB","Educational attainment, at least completed primary, population 25+ years, female (%) (cumulative)","SE.PRM.CUAT.FE.ZS","","","","","","","","","","","","","","","","","","","","","","","","","","","","","","","","","","","","","","","","","","","","","","","","","","","","","","","","","","","99.9814529418945","100","100","99.9956817626953","100","","","",
"Uzbekistan","UZB","Primary school starting age (years)","SE.PRM.AGES","","","","","","","","","","","7","7","7","7","7","7","7","7","7","7","7","7","7","7","7","7","7","7","7","7","7","7","7","7","7","7","7","7","7","7","7","7","7","7","7","7","7","7","7","7","7","7","7","7","7","7","7","7","7","7","7","7","7","7","7","7",
"Uzbekistan","UZB","School enrollment, preprimary, male (% gross)","SE.PRE.ENRR.MA","","","","","","","","","","","","","","","","","","","","","","","","","","","","","","","","60.5462913513184","58.2836799621582","51.1481590270996","48.0176010131836","43.465389251709","38.4323081970215","30.3506202697754","27.2268199920654","24.2147998809814","24.2107105255127","25.7559700012207","27.0403995513916","27.9102306365967","26.6177101135254","27.0670604705811","27.3140697479248","28.0008201599121","26.79368019104","25.8192405700684","25.5647602081299","24.8404006958008","24.5817203521729","24.199390411377","24.1390705108643","25.4603099822998","25.3683795928955","27.4612903594971","28.4348106384277","33.9530715942383","42.1791305541992","44.6263885498047","","","","",
"Uzbekistan","UZB","Preprimary education, duration (years)","SE.PRE.DURS","","","","","","","","","","","","","","","","","","","","","","","","","","","","","","","","","","","","","","","4","4","4","4","4","4","4","4","4","4","4","4","4","4","4","4","4","4","4","4","4","4","4","4","4","4","4","4",
"Uzbekistan","UZB","Learning poverty: Share of Male Children at the End-of-Primary age below minimum reading proficiency adjusted by Out-of-School Children (%)","SE.LPV.PRIM.MA","","","","","","","","","","","","","","","","","","","","","","","","","","","","","","","","","","","","","","","","","","","","","","","","","","","","","","","","","","","","","","","","","","",
"Uzbekistan","UZB","Learning poverty: Share of Female Children at the End-of-Primary age below minimum reading proficiency adjusted by Out-of-School Children (%)","SE.LPV.PRIM.FE","","","","","","","","","","","","","","","","","","","","","","","","","","","","","","","","","","","","","","","","","","","","","","","","","","","","","","","","","","","","","","","","","","",
"Uzbekistan","UZB","School enrollment, primary and secondary (gross), gender parity index (GPI)","SE.ENR.PRSC.FM.ZS","","","","","","","","","","","","","","","","","","","","","","","","","","","","","","","","","","","","","","","","0.991530001163483","0.98293000459671","","","0.981280028820038","0.974910020828247","0.979789972305298","0.984019994735718","0.990320026874542","0.994419991970062","0.999260008335114","0.995100021362305","0.988789975643158","0.989549994468689","0.98811000585556","0.987169981002808","0.987200021743774","0.98676997423172","0.986500024795532","0.988600015640259","0.991859972476959","0.992630004882813","0.994019985198975","","","","",
"Uzbekistan","UZB","Literacy rate, adult male (% of males ages 15 and above)","SE.ADT.LITR.MA.ZS","","","","","","","","","","","","","","","","","","","","","","","","","","","","","","","","","","","","","","","","","99.1600036621094","","","","","","","","","","","","","99.9899978637695","99.9899978637695","99.9899978637695","99.9899978637695","","100","100","","100","100","","","",
"Uzbekistan","UZB","Literacy rate, youth (ages 15-24), gender parity index (GPI)","SE.ADT.1524.LT.FM.ZS","","","","","","","","","","","","","","","","","","","","","","","","","","","","","","","","","","","","","","","","","1","","","","","","","","","","","","","1","1","1","1","","1","1","","1","1","","","",
"Uzbekistan","UZB","Coverage of social insurance programs in 4th quintile (% of population)","per_si_allsi.cov_q4_tot","","","","","","","","","","","","","","","","","","","","","","","","","","","","","","","","","","","","","","","","","","","","","","","","","","","","","","","","","","","22.4499756592396","","","","","","","",
"Uzbekistan","UZB","Coverage of social insurance programs (% of population)","per_si_allsi.cov_pop_tot","","","","","","","","","","","","","","","","","","","","","","","","","","","","","","","","","","","","","","","","","","","","","","","","","","","","","","","","","","","20.2193390313398","","","","","","","",
"Uzbekistan","UZB","Coverage of social safety net programs in 4th quintile (% of population)","per_sa_allsa.cov_q4_tot","","","","","","","","","","","","","","","","","","","","","","","","","","","","","","","","","","","","","","","","","","","","","","","","","","","","","","","","","","","3.6702786229181","","","","","","","",
"Uzbekistan","UZB","Coverage of social safety net programs (% of population)","per_sa_allsa.cov_pop_tot","","","","","","","","","","","","","","","","","","","","","","","","","","","","","","","","","","","","","","","","","","","","","","","","","","","","","","","","","","","7.04296937638022","","","","","","","",
"Uzbekistan","UZB","Coverage of unemployment benefits and ALMP in 4th quintile (% of population)","per_lm_alllm.cov_q4_tot","","","","","","","","","","","","","","","","","","","","","","","","","","","","","","","","","","","","","","","","","","","","","","","","","","","","","","","","","","","","","","","","","","",
"Uzbekistan","UZB","Coverage of unemployment benefits and ALMP (% of population)","per_lm_alllm.cov_pop_tot","","","","","","","","","","","","","","","","","","","","","","","","","","","","","","","","","","","","","","","","","","","","","","","","","","","","","","","","","","","","","","","","","","",
"Uzbekistan","UZB","Benefit incidence of social protection and labor programs to poorest quintile (% of total SPL benefits)","per_allsp.ben_q1_tot","","","","","","","","","","","","","","","","","","","","","","","","","","","","","","","","","","","","","","","","","","","","","","","","","","","","","","","","","","","16.1291758446788","","","","","","","",
"Uzbekistan","UZB","PPP conversion factor, GDP (LCU per international $)","PA.NUS.PPP","","","","","","","","","","","","","","","","","","","","","","","","","","","","","","","0.000635317301371146","0.00117208568198815","0.00930699239462257","0.107178069231101","1.40468769631741","6.47943813499689","11.5522656238719","18.8615614290437","25.9258134758241","36.8417335947718","53.0631685676367","75.3715348678984","107.974941363043","134.224615898271","151.516448368734","178.394265125536","213.666786518697","253.583386861903","315.444691977582","367.627924793164","506.206196837317","601.998399324912","706.904613251908","804.3101035232","935.237245846632","1058.67768324759","1179.95670461133","1432.90717805091","1799.89237531589","2111.31955499463","2353.38338692144","2591.1123046875","2758.77238159432","3030.49254994173","3373.14097211991","3670.12629350113",
"Uzbekistan","UZB","Terms of trade adjustment (constant LCU)","NY.TTF.GNFS.KN","","","","","","","","","","","","","","","","","","","","","","","","","","","","","","","","","","","","","","872790906634.086","742951847840.463","681007759546.174","1417026820233.93","1142613607553.63","920008862991.548","652936163589.042","849000886537.765","260921930841.132","1388346961053.31","2742097531540.28","2667172239244.55","3210551743007.13","0","630147046998.008","-205080244251.887","-1406509232953.5","-817425223639.703","-2966330707763.95","-5977365914535.34","-5939121721427.87","-6134808220475.09","-6341823207003.99","-3570729134409.79","-4088517149330.45","-6354444980640.25","-8162312911563.81","-5370882951226.26","-2285396749335.03",
"Uzbekistan","UZB","Taxes less subsidies on products (constant LCU)","NY.TAX.NIND.KN","","","","","","","","","","","","","","","","","","","","","","","","","","","","4062890957700","4434020422400","4570752327900","4664511348400","4641071593300","4125396972700","4008198197100","3907993238700","3892361267400","4390583509600","4759392524600","4992602758300","5187314266400","5405700198000","5592376825900","5704814981100","5863681964400","6345257592500","6978740614300","7403438692500","8028992143000","9040582590500","10162010501000","9463633200000","10086106100000","10514827654075.6","11222411164390.7","11904099789488.1","12674692593151.8","13394816490557.6","14152596169996.9","14987082001243.3","15688023477323.9","15946590027607.3","16687465357846.9","16303547171737.5","17476299282090","18542244266434.6","19909939191971.4",
"Uzbekistan","UZB","Net primary income (Net income from abroad) (current LCU)","NY.GSR.NFCY.CN","","","","","","","","","","","","","","","","","","","","","","","","","","","","","","","","","-2442000","-19000000","-216700000","-774020000","-2925840000","-11593750000","-9542480000","-20939520000","-51813210000","-88557950000","-111509350000","-112675440000","-50042720000","-27044442000","-108483880000","1176299880000","2270997180000","1314661140000","1355781051400","1945542053300","1498681501600","2560294829000","2576466499900","3663614137600","2528431291800","6202594132500","12165359597000","6505803359500","1609447440500","3791410203700","11205976297071.1","11671276937122.9","14532524940301.6","4672301570634.44",
"Uzbekistan","UZB","Gross savings (current LCU)","NY.GNS.ICTR.CN","","","","","","","","","","","","","","","","","","","","","","","","","","","","","","","","","","","","","","","","","","","","","","5521037763319.67","7912283158486.62","11231024216112.8","18923058620026.9","17687481251143.7","24595916921456.4","34512010275829.9","40410273905108.3","44648862837733.6","55176809904134.5","54730857833800","57258915562378.9","107835972295216","160840901058833","195049834670182","223234498464532","259259586432434","326904900265752","376419032545999","455471461839913","546349527678998",
"Uzbekistan","UZB","Other people in need of international protection by country or territory of asylum","SM.POP.OPIP.EA","","","","","","","","","","","","","","","","","","","","","","","","","","","","","","","","","","","","","","","","","","","","","","","","","","","","","","","","","","","","","","","","","","7700",
"Uzbekistan","UZB","Asylum-seekers by country or territory of origin","SM.POP.ASYS.EO","","","","","","","","","","","","","","","","","","","","","","","","","","","","","","","","","","","","","","","","","372","662","1532","1524","1332","1465","2151","1835","1838","1576","1612","1503","1429","1776","1975","2659","3087","3541","4606","5002","5171","4946","8720","17459","22765","17404",
"Uzbekistan","UZB","Children in employment, wage workers, female (% of female children in employment, ages 7-14)","SL.WAG.0714.FE.ZS","","","","","","","","","","","","","","","","","","","","","","","","","","","","","","","","","","","","","","","","","","","","","","4.47","4.47","","","","","","","","","","","","","","","","","","","",
"Uzbekistan","UZB","Unemployment, male (% of male labor force) (national estimate)","SL.UEM.TOTL.MA.NE.ZS","","","","","","","","","","","","","","","","","","","","","","","","","","","","","","","","","0.2","0.2","0.3","0.3","","","","","","","","","","","","","","4.3","4.6","5.1","5","5","5.2","5.3","5.3","6","","6","3.943","","","","","",
"Uzbekistan","UZB","Share of youth not in education, employment or training, total (% of youth population)  (modeled ILO estimate)","SL.UEM.NEET.ME.ZS","","","","","","","","","","","","","","","","","","","","","","","","","","","","","","","","","","","","","","","","","","","","","","25.255","24.792","24.066","24.346","24.77","24.88","24.297","23.814","23.482","23.011","22.153","21.106","20.481","19.082","17.825","18.241","16.563","14.975","13.966","13.538","13.683",
"Uzbekistan","UZB","Share of youth not in education, employment or training, female (% of female youth population) (modeled ILO estimate)","SL.UEM.NEET.FE.ME.ZS","","","","","","","","","","","","","","","","","","","","","","","","","","","","","","","","","","","","","","","","","","","","","","32.83","32.301","31.382","31.657","31.885","31.82","30.626","30.015","29.586","28.951","28.002","26.82","26.07","24.819","23.637","24.353","22.249","20.785","19.452","18.983","19.105",
"Uzbekistan","UZB","Unemployment with basic education (% of total labor force with basic education)","SL.UEM.BASC.ZS","","","","","","","","","","","","","","","","","","","","","","","","","","","","","","","","","","","","","","","","","","","","","","","","","","","","","","","","","","","","","","","","","","",
"Uzbekistan","UZB","Unemployment with advanced education, male (% of male labor force with advanced education)","SL.UEM.ADVN.MA.ZS","","","","","","","","","","","","","","","","","","","","","","","","","","","","","","","","","","","","","","","","","","","","","","","","","","","","","","","","","","","","","1.686","","","","","",
"Uzbekistan","UZB","Unemployment, youth male (% of male labor force ages 15-24) (modeled ILO estimate)","SL.UEM.1524.MA.ZS","","","","","","","","","","","","","","","","","","","","","","","","","","","","","","","","2.994","4.567","5.943","9.062","9.928","14.029","14.723","18.488","18.985","17.804","16.797","15.548","14.067","12.807","11.293","9.666","8.063","8.132","8.72","9.306","9.931","10.101","10.134","10.759","10.777","10.736","11.979","10.208","8.514","8.262","9.018","6.826","6.897","6.933","7.5",
"Uzbekistan","UZB","Labor force, total","SL.TLF.TOTL.IN","","","","","","","","","","","","","","","","","","","","","","","","","","","","","","","6909043","7173725","7402057","7622263","7838223","8021568","8170238","8353091","8545155","8759872","8934705","9139223","9338915","9530656","9733524","9926694","10115555","10335312","10579619","10930045","11169651","11443387","11719212","11943472","12175844","12408130","12621150","12801349","12995383","13189076","13101591","13396633","13993646","14231376","14455298","14638807",
"Uzbekistan","UZB","Part time employment, female (% of total female employment)","SL.TLF.PART.FE.ZS","","","","","","","","","","","","","","","","","","","","","","","","","","","","","","","","","","","","","","","","","","","","","","","","","","","","","","","","","","","","","","","","","","",
"Uzbekistan","UZB","Labor force participation rate, total (% of total population ages 15+) (modeled ILO estimate)","SL.TLF.CACT.ZS","","","","","","","","","","","","","","","","","","","","","","","","","","","","","","","56.158","56.919","57.276","57.572","57.822","57.797","57.502","57.408","57.31","57.299","56.977","56.763","56.46","56.135","55.904","55.595","55.209","54.974","54.898","55.405","55.374","55.55","55.798","55.877","56.061","56.286","56.447","56.468","56.552","56.626","55.517","56.03","57.685","57.743","57.701","57.499",
"Uzbekistan","UZB","Ratio of female to male labor force participation rate (%) (modeled ILO estimate)","SL.TLF.CACT.FM.ZS","","","","","","","","","","","","","","","","","","","","","","","","","","","","","","","51.2916811975213","51.7581600403686","52.0640169300972","52.2667966999657","52.5490144512091","52.5392732152725","52.4869767564852","52.6950316984535","52.7630442007311","53.0082448686016","53.1561372688383","53.1866474556643","53.4998575363282","53.4786287461106","53.5549247878015","53.4578280044101","53.5471236910086","53.6316435908888","53.731030141968","54.0088313708065","54.2043462533738","53.7785953362286","53.8781640555027","53.9538533549933","53.8589177477305","53.8878719160679","53.9086128443367","54.0483070715882","54.1019985841093","54.3038784595069","54.2719915601272","54.5433252042602","55.2567894595321","55.4614163909734","55.5932705647823","55.696373743795",
"Uzbekistan","UZB","Labor force with basic education (% of total working-age population with basic education)","SL.TLF.BASC.ZS","","","","","","","","","","","","","","","","","","","","","","","","","","","","","","","","","","","","","","","","","","","","","","","","","","","","","","","","","","","","","12.621","","","","","",
"Uzbekistan","UZB","Labor force with advanced education, male (% of male working-age population with advanced education)","SL.TLF.ADVN.MA.ZS","","","","","","","","","","","","","","","","","","","","","","","","","","","","","","","","","","","","","","","","","","","","","","","","","","","","","","","","","","","","","78.084","","","","","",
"Uzbekistan","UZB","Labor force participation rate, female (% of female population ages 15-64) (modeled ILO estimate)","SL.TLF.ACTI.FE.ZS","","","","","","","","","","","","","","","","","","","","","","","","","","","","","","","41.092","41.953","42.449","42.86","43.274","43.32","43.133","43.225","43.226","43.383","43.248","43.132","43.095","42.86","42.725","42.41","42.105","41.899","41.815","42.265","42.261","42.109","42.296","42.367","42.462","42.699","42.915","43.094","43.29","43.567","42.809","43.447","45.242","45.533","45.716","45.782",
"Uzbekistan","UZB","Labor force participation rate for ages 15-24, male (%) (national estimate)","SL.TLF.ACTI.1524.MA.NE.ZS","","","","","","","","","","","","","","","","","","","","","","","","","","","","","","","","","","","","","","","","","","","","","","","","","","","","","","","","","","","","","45.516","","","","","",
"Uzbekistan","UZB","Children in employment, work only (% of children in employment, ages 7-14)","SL.TLF.0714.WK.ZS","","","","","","","","","","","","","","","","","","","","","","","","","","","","","","","","","","","","","","","","","4.096171","","","","","1","1","","","","","","","","","","","","","","","","","","","",
"Uzbekistan","UZB","Children in employment, work only, female (% of female children in employment, ages 7-14)","SL.TLF.0714.WK.FE.ZS","","","","","","","","","","","","","","","","","","","","","","","","","","","","","","","","","","","","","","","","","3.554502","","","","","2.1","","","","","","","","","","","","","","","","","","","","",
"Uzbekistan","UZB","Children in employment, study and work, male (% of male children in employment, ages 7-14)","SL.TLF.0714.SW.MA.ZS","","","","","","","","","","","","","","","","","","","","","","","","","","","","","","","","","","","","","","","","","95.57774","","","","","100","","","","","","","","","","","","","","","","","","","","",
"Uzbekistan","UZB","Children in employment, male (% of male children ages 7-14)","SL.TLF.0714.MA.ZS","","","","","","","","","","","","","","","","","","","","","","","","","","","","","","","","","","","","","","","","","21.99937","","","","","5.3","5.3","","","","","","","","","","","","","","","","","","","",
"Uzbekistan","UZB","Employment in services, female (% of female employment) (modeled ILO estimate)","SL.SRV.EMPL.FE.ZS","","","","","","","","","","","","","","","","","","","","","","","","","","","","","","","","50.2272368453054","50.3657610667799","51.0209961125596","51.1576126326084","51.7079168443289","52.3090209368521","52.5665420244096","53.6033511545871","54.2258518156191","54.8083476742967","55.5551534105304","56.2430257514521","56.9657821585446","57.7368100102332","58.5249013391459","59.335158660727","60.238097757586","61.160332775158","61.9604745356925","62.7046833693253","62.2856982893537","62.9532495957618","62.1993073063591","61.7501091823325","61.6824723875548","61.6331344832273","61.1370581425028","57.6247877155675","57.3036963535804","55.8198123513687","55.7500071001346","56.2477606305037","56.7192074580236","57.2064534696012","57.667397470907",
"Uzbekistan","UZB","Children in employment, self-employed (% of children in employment, ages 7-14)","SL.SLF.0714.ZS","","","","","","","","","","","","","","","","","","","","","","","","","","","","","","","","","","","","","","","","","","","","","","","","","","","","","","","","","","","","","","","","","","",
"Uzbekistan","UZB","Child employment in manufacturing, male (% of male economically active children ages 7-14)","SL.MNF.0714.MA.ZS","","","","","","","","","","","","","","","","","","","","","","","","","","","","","","","","","","","","","","","","","","","","","","","","","","","","","","","","","","","","","","","","","","",
"Uzbekistan","UZB","Employment in industry, female (% of female employment) (modeled ILO estimate)","SL.IND.EMPL.FE.ZS","","","","","","","","","","","","","","","","","","","","","","","","","","","","","","","","13.7359880917588","13.441310515666","13.0497679256247","12.703807298857","12.463708089353","12.2180524485076","12.1751669739757","12.0785974206612","12.2924363149562","12.2838446734886","12.2952599658308","12.3402238967878","12.4131114521062","12.547240302652","12.6926726639995","12.8493409421178","13.0287697292925","13.2086566889851","13.374307009945","13.4670816008979","13.4255884810656","13.2723192628959","13.2447930562759","13.1648564694958","13.1466928420635","13.2391375154404","13.6144120717623","14.9603832487292","15.5923066809414","15.8584286739661","15.5445008037352","15.478885822442","15.4262754602557","15.3999688487338","15.376961423472",
"Uzbekistan","UZB","Contributing family workers, female (% of female employment) (modeled ILO estimate)","SL.FAM.WORK.FE.ZS","","","","","","","","","","","","","","","","","","","","","","","","","","","","","","","","9.79362978346441","9.84577616069504","9.92665665915489","10.0886448756461","10.0504587753189","9.96553537250794","9.93258842602936","9.81682565097291","9.665548933541","9.46773437451811","9.21818575308509","8.92647278108474","8.58096498599916","8.21268081520274","7.81137378188723","7.40111691490387","6.98770064746275","6.55458686809462","6.12721588099213","5.71178606066297","5.35458128973233","5.03154498139217","4.72494488405354","4.43695960572381","4.17130564755748","3.92111976007988","3.67733362288716","3.42534705732498","3.18705032181102","2.95493318252125","2.60578348565489","2.4315967598116","2.20655328171943","1.96921388438754","1.72947763435199",
"Uzbekistan","UZB","Wage and salaried workers, total (% of total employment) (modeled ILO estimate)","SL.EMP.WORK.ZS","","","","","","","","","","","","","","","","","","","","","","","","","","","","","","","","47.1127679694888","47.1892783318115","47.0358299448531","47.0188698980329","46.9507659777975","46.9385363510902","47.072925145426","47.1704204976367","47.4085603297278","47.717456863161","48.0191192218427","48.3498593979982","48.6978302506903","49.0795350734615","49.4819267741844","49.876670783427","50.273697391463","50.6676374142496","51.0712223185913","51.4481816552148","51.8166757295565","52.09127392043","52.3486468186099","52.6192481537957","52.8566177545184","53.0779178215495","53.2890915531105","53.5012685546399","53.6882972823073","53.391457444822","53.7386856391275","53.9107517869433","54.1071529015752","54.331823212731","54.5641701020897",
"Uzbekistan","UZB","Vulnerable employment, male (% of male employment) (modeled ILO estimate)","SL.EMP.VULN.MA.ZS","","","","","","","","","","","","","","","","","","","","","","","","","","","","","","","","46.4327906647942","46.2796860774802","46.4099755066798","46.9003981730279","46.9312734951224","46.7571920652952","46.7909345860016","46.7250487689355","46.5757414481863","46.3528180008039","46.1130016791997","45.8613775772152","45.5058965791946","45.0812565301573","44.5982421557114","44.2028088253692","43.8176532963099","43.3670400126647","42.9529394614041","42.6095490618337","42.3260916442584","42.0271761213727","41.7524343064037","41.442269998088","41.2033522528858","40.985999479523","40.7664187910281","40.3774118214929","40.0781738215467","40.584430026938","40.2562011429676","39.9433246677038","39.8266381533242","39.617477349532","39.4087871488553",
"Uzbekistan","UZB","Employment to population ratio, 15+, male (%) (modeled ILO estimate)","SL.EMP.TOTL.SP.MA.ZS","","","","","","","","","","","","","","","","","","","","","","","","","","","","","","","","74.087","73.738","73.435","72.275","71.848","69.794","69.318","67.651","67.36","67.342","67.544","67.54","67.681","67.933","68.177","68.256","68.529","68.412","68.782","68.464","68.653","68.968","69.024","69.124","69.343","69.522","68.979","69.707","70.372","69.181","69.456","71.949","71.941","71.827","71.346",
"Uzbekistan","UZB","Female share of employment in senior and middle management (%)","SL.EMP.SMGT.FE.ZS","","","","","","","","","","","","","","","","","","","","","","","","","","","","","","","","","","","","","","","","","","","","","","","","","","","","","","","","","","","","","","","","","","",
"Uzbekistan","UZB","Employers, total (% of total employment) (modeled ILO estimate)","SL.EMP.MPYR.ZS","","","","","","","","","","","","","","","","","","","","","","","","","","","","","","","","12.9387140022295","13.0466153981648","12.9727783468355","12.5487092747524","12.6248117016036","12.7108098428571","12.5879764351738","12.49353125205","12.4389077839505","12.4043633415803","12.3766955840971","12.3490771621495","12.3641255507939","12.3940477358316","12.4370427804953","12.4207697237057","12.3811102769521","12.3857175283542","12.3641618263202","12.2972391960469","12.2264329771253","12.2167804944557","12.2072254980803","12.2080922934713","12.1907162535746","12.1770327713119","12.1938586325806","12.2961510003375","12.3553065856589","12.2293222984454","12.2514113988575","12.2095090530034","12.1514732963317","12.1365063505493","12.1204474989602",
"Uzbekistan","UZB","Employment to population ratio, ages 15-24, total (%) (national estimate)","SL.EMP.1524.SP.NE.ZS","","","","","","","","","","","","","","","","","","","","","","","","","","","","","","","","","","","","","","","","","","","","","","","","","","","","","","","","","","","","","30.377","","","","","",
"Uzbekistan","UZB","Employment to population ratio, ages 15-24, female (%) (national estimate)","SL.EMP.1524.SP.FE.NE.ZS","","","","","","","","","","","","","","","","","","","","","","","","","","","","","","","","","","","","","","","","","","","","","","","","","","","","","","","","","","","","","19.792","","","","","",
"Uzbekistan","UZB","Child employment in agriculture (% of economically active children ages 7-14)","SL.AGR.0714.ZS","","","","","","","","","","","","","","","","","","","","","","","","","","","","","","","","","","","","","","","","","","","","","","","","","","","","","","","","","","","","","","","","","","",
"Uzbekistan","UZB","Annualized average growth rate in per capita real survey mean consumption or income, total population (%)","SI.SPR.PCAP.ZG","","","","","","","","","","","","","","","","","","","","","","","","","","","","","","","","","","","","","","","","","","","","","","","","","","","","","","","","","","","","","","","","","","",
"Uzbekistan","UZB","Average transaction cost of sending remittances from a specific country (%)","SI.RMT.COST.OB.ZS","","","","","","","","","","","","","","","","","","","","","","","","","","","","","","","","","","","","","","","","","","","","","","","","","","","","","","","","","","","","","","","","","","",
"Uzbekistan","UZB","Poverty headcount ratio at societal poverty line (% of population)","SI.POV.SOPO","","","","","","","","","","","","","","","","","","","","","","","","","","","","","","","","","","","","","","","79.8","","93.8","","93.1","93.3","","","","","","","","","","","","","","","","","","22.1","20.8","20.6","20.2","17.2",
"Uzbekistan","UZB","Poverty gap at $4.20 a day (2021 PPP) (%)","SI.POV.LMIC.GP","","","","","","","","","","","","","","","","","","","","","","","","","","","","","","","","","","","","","","","55.2","","68.1","","66","67.7","","","","","","","","","","","","","","","","","","3","2.9","2.7","1.8","1.5",
"Uzbekistan","UZB","Poverty headcount ratio at $3.00 a day (2021 PPP) (% of population)","SI.POV.DDAY","","","","","","","","","","","","","","","","","","","","","","","","","","","","","","","","","","","","","","","79.8","","93.8","","93.1","93.3","","","","","","","","","","","","","","","","","","4.4","4.4","4.1","2.7","2.3",
"Uzbekistan","UZB","Income share held by highest 10%","SI.DST.10TH.10","","","","","","","","","","","","","","","","","","","","","","","","","","","","","","","","","","","","","","","32.5","","28.5","","27.4","28.3","","","","","","","","","","","","","","","","","","24.7","23.2","25.3","25.7","24.2",
"Uzbekistan","UZB","Income share held by second 20%","SI.DST.02ND.20","","","","","","","","","","","","","","","","","","","","","","","","","","","","","","","","","","","","","","","9.6","","11.7","","12.6","12","","","","","","","","","","","","","","","","","","12.6","13.2","12.3","12.1","12.6",
"Uzbekistan","UZB","UHC service coverage sub-index on service capacity and access","SH_UHC_SCI_CAPACITY","","","","","","","","","","","","","","","","","","","","","","","","","","","","","","","","","","","","","","","","","97","97","97","97","97","97","97","97","97","97","97","97","96","95","94","90","86","81","76","83","82","87","89","85","","",
"Uzbekistan","UZB","Proportion of population facing impoverishing out-of-pocket health expenditure, based on the societal poverty line (%)","SH_UHC_FH40_IMPOV","","","","","","","","","","","","","","","","","","","","","","","","","","","","","","","","","","","","","","","","","25.87","","21.83","21.32","","","","","","","","","","","","","","","","","","","","","","",
"Uzbekistan","UZB","Domestic private health expenditure per capita (current US$)","SH.XPD.PVTD.PC.CD","","","","","","","","","","","","","","","","","","","","","","","","","","","","","","","","","","","","","","","","","21.75516149","18.6303433","15.28998775","15.27038702","16.81123924","18.87656147","21.76871861","27.47250645","35.39763082","40.9067404","54.27911359","64.35974711","72.44897101","79.40503138","54.33813903","64.76915461","71.97704149","53.66447207","50.3603754","57.55738111","64.70920444","95.08351439","112.66485076","123.98415093","","",
"Uzbekistan","UZB","Out-of-pocket expenditure (% of current health expenditure)","SH.XPD.OOPC.CH.ZS","","","","","","","","","","","","","","","","","","","","","","","","","","","","","","","","","","","","","","","","","60.58262634","60.84382248","62.07057571","59.28883362","59.55812836","57.62801743","56.89520645","58.1313591","57.3164978","56.41966629","58.04501724","58.18222427","56.24570847","56.05225754","45.40990829","48.41368866","54.65854645","56.68790817","60.34236145","57.68497086","53.11314392","60.31319046","65.53957367","64.05923462","","",
"Uzbekistan","UZB","Domestic general government health expenditure (% of GDP)","SH.XPD.GHED.GD.ZS","","","","","","","","","","","","","","","","","","","","","","","","","","","","","","","","","","","","","","","","","2.00684047","2.03427196","1.93376124","1.89574766","1.80486059","1.81541967","1.9279021","1.79759741","1.91604054","1.9971329","2.12282252","2.08887649","2.33609509","2.40117002","2.31306577","2.35756874","2.05541873","1.7881006","1.73769212","2.01079655","2.80912924","2.71542764","2.23423076","2.38440657","","",
"Uzbekistan","UZB","Price level index (GDP)","PA.NUS.GDP.PLI","","","","","","","","","","","","","","","","","","","","","","","","","","","","","","","26.177062273224","26.2797123341528","27.160306624332","27.4623325802966","27.9282400047838","28.5690608028209","28.8230180236325","28.4702814023301","27.440530774581","29.5585154001699","22.4283226542274","17.4475184304957","14.0404069234026","13.8184997939209","14.8662135369637","16.0290999627595","17.5291886685506","20.0702335503453","23.9190697586884","25.083440782274","31.9138241994306","35.0931915777347","37.4075064957035","38.3921017685985","40.4698496677368","41.2259717606152","39.7927767392993","28.0199667059329","22.3045873919249","23.8923879859579","23.4068253125977","24.4226495249425","24.9659373360084","25.8247598536574","26.6603264677911","29.1756994968891",
"Uzbekistan","UZB","Net secondary income (Net current transfers from abroad) (constant LCU)","NY.TRF.NCTR.KN","","","","","","","","","","","","","","","","","","","","","","","","","","","","","","","","","","","882362115.544406","1289774985.94541","-131118655.255805","1888125000","2886524654.76551","2960646940.16349","1030596796.44843","4254834119.88235","14757274044.1576","40797936966.2648","41337483258.914","69929075984.1437","","","","","","","","","","","","","","","","","","","","",
"Uzbekistan","UZB","Taxes less subsidies on products (current LCU)","NY.TAX.NIND.CN","","","","","","","","","","","","","","","","","","","","","","","","","","","","2080000","1230000","0","-345700","-193400","-3972100","480674000","5340100000","39797500000","80661600000","120931600000","203926752000","285800000000","407600000000","584100000000","938000000000","1345100000000","1724900000000","1690100000000","2138600000000","2859100000000","3854600000000","4764200000000","9463633200000","11627502900000","14316821300000","15928401700000","18380404500000","20146866800000","22431460800000","34791995003000","45575797000000","45262672100000","44361502800000","51992805800000","59778165000000","58478887600000","60421490300000","81510599000000",
"Uzbekistan","UZB","Net primary income (Net income from abroad) (current US$)","NY.GSR.NFCY.CD","","","","","","","","","","","","","","","","","","","","","","","","","","","","","","","","","-71264126.9750479","-48683870.0089425","-43084663.0528834","-34127996.875473","-73000000","-175000000","-101000000","-168000000","-219000000","-205000000","-145000000","-116000000","-49100000","-24300000","-89000000","931000000","1722017879.89081","897000000","854753624.06921","1134143879.37843","793062273.963614","1222104499.27227","1114895844.74924","1426648123.1112","852686386.72973","1212894203.79252","1507553062.65386","736218151.619013","160076149.508608","357361131.907493","1014102156.04592","994583946.733425","1148608559.53572","371425001.981696",
"Uzbekistan","UZB","Gross savings (current US$)","NY.GNS.ICTR.CD","","","","","","","","","","","","","","","","","","","","","","","","","","","","","","","","","","","","","","","","","","","","","","4960768561.93476","6491224328.49294","8888960819.41368","14348694737.6607","12068258655.8206","15506522313.622","20118601473.0377","21384039023.9442","21312223710.8516","23876264679.1743","21312745467.2416","19309956326.3946","21086923142.6692","19931691378.1196","22072482185.4302","22202973550.0937","24436632885.291","29583764537.1534","32077066548.2527","35999141363.4357","43432101146.0987",
"Uzbekistan","UZB","GNI per capita growth (annual %)","NY.GNP.PCAP.KD.ZG","","","","","","","","","","","","","","","","","","","","","","","","","","","","","","","","","","","","","","","","","","","","","","","","","","","","","","","","","","","","","","","","","","",
"Uzbekistan","UZB","GNI, PPP (constant 2021 international $)","NY.GNP.MKTP.PP.KD","","","","","","","","","","","","","","","","","","","","","","","","","","","","","","","","","","","","","","","","","","","","","","","","","","","","","","","","","","","","","","333818871123.002","","","","",
"Uzbekistan","UZB","GNI (constant 2015 US$)","NY.GNP.MKTP.KD","","","","","","","","","","","","","","","","","","","","","","","","","","","","","","","","","","","","","","","","","","","","","","","","","","","","","","","","98991217109.9273","","","","","","","","","","",
"Uzbekistan","UZB","GNI, Atlas method (current US$)","NY.GNP.ATLS.CD","","","","","","","","","","","","","","","","","","","","","","","","","","","","","","","12898746566.6375","13589745819.405","12884363158.8921","13053340126.4609","12854760897.7514","13315689479.8137","13876069638.9783","14540524376.9143","14822688303.9126","15787174557.9654","15434001190.1377","13866839911.6424","11486479566.3762","10835637040.6773","11867567569.5882","13740726596.5257","16053535300.0979","20617518310.4224","26790688732.5336","32069733404.4821","41350491464.8708","54313195213.7223","72130451896.1168","82711252997.2765","90613665271.9397","97425950557.5987","101195196428.797","91808176232.1439","80515207196.8993","73745473010.314","70325102485.5223","80789127847.1857","91700214281.5887","102782090928.853","115193983540.817","136057977530.407",
"Uzbekistan","UZB","Gross domestic savings (current US$)","NY.GDS.TOTL.CD","","","","","","","","","","","","","","","","","","","","","","","","","","","","","","","","","5687312154.67759","946888716.360086","2583012037.46119","3203244209.97558","2225314371.25748","2757615094.33962","3088950042.337","2875633825.4172","3422431210.11032","2699164332.5077","2333435626.69857","2717644697.01649","3787544152.2763","4877830790.51881","6094589472.64792","7392526197.48631","10231611313.3151","10308871330.9043","12647443974.5822","15990017650.2545","16348383879.8067","16245523440.3727","18325957767.3832","17594623518.7282","15165626743.3451","15551112135.897","14216447355.9236","15881714231.5576","17129240734.7326","17840313829.656","17752503320.8563","22277323592.8346","24271411013.8849","29333277443.95",
"Uzbekistan","UZB","GDP per capita, PPP (current international $)","NY.GDP.PCAP.PP.CD","","","","","","","","","","","","","","","","","","","","","","","","","","","","","","","2967.97364009673","2980.72163219196","2641.4027917077","2581.40184047702","2446.53169223236","2426.27829401238","2465.95852753394","2593.72036581923","2693.03826446644","2808.89100203149","2945.25009889847","3099.05298246121","3232.36809797609","3394.10539314526","3699.2358348945","4029.66165860946","4406.27075917245","4885.3859152798","5346.43179238495","5720.01501794187","6131.45344264834","6663.84139781911","6880.85389531695","7244.68983612169","7464.82465708014","7696.35949962497","7861.78630407401","8106.62280505191","8491.93421125471","8909.36758868309","8920.32011703083","9705.60054565692","10809.1380396181","11678.6257366395","12518.4323028403","13601.2917473678",
"Uzbekistan","UZB","GDP per capita (current LCU)","NY.GDP.PCAP.CN","","","","","","","","","","","","","","","","","","","","","","","","","","","","1.4405123700018","1.50930365563705","1.5366530906785","1.58467968365043","2.93610476789721","20.6602113372576","232.515715990869","2888.16095557859","13212.004980105","23941.0780610005","41114.1733476549","58676.7004783814","86969.2475995268","131342.756585756","196303.086736806","293315.191586765","382867.28782904","471045.185530949","604143.684925907","791223.116124424","1041143.14045113","1417352.98497089","1767243.65024098","3103779.72828809","4011621.85484219","4864107.36171192","5826977.23208451","6981382.05301566","8147964.04450358","9276567.45971368","11616038.0071101","15284567.6385215","18810522.0126219","20992933.1694415","25148300.9982334","29819951.4925389","35391988.2884437","42226436.9074199","49918458.4675944",
"Uzbekistan","UZB","GDP, PPP (current international $)","NY.GDP.MKTP.PP.CD","","","","","","","","","","","","","","","","","","","","","","","","","","","","","","","60739449953.7394","62484599310.6933","56750776706.0912","56759747505.3258","54957153343.338","55604448741.7968","57585016681.7605","61624098422.6846","64996287307.1807","68750438636.8507","73004073244.9018","77756116361.9459","82102085041.2309","87266722836.4547","96288704279.0112","106209691594.428","117643212468.788","132276748125.203","146998933838.039","159813375751.204","174044408485.015","192073206722.254","201346879241.937","215341631593.72","225609350821.985","236658021194.355","245952588231.272","257946074012.806","274913547268.712","293694638660.029","299601189809.681","332355634582.91","377659987555.004","416369950100.772","455193470296.924","503974484468.086",
"Uzbekistan","UZB","GDP: linked series (current LCU)","NY.GDP.MKTP.CN.AD","","","","","","","","","","","","","","","","","","","","","","","","","","","","","","","38588823.4313775","73237304.1968302","528179047.192515","6083400147.66562","77197637126.0161","360285585653.078","665237408662.792","1162326717908.9","1685081621347.04","2532885344782.56","3873827444718.32","5860597835566.77","8864967818110.47","11713342353424","14589322490383.1","18947199881197.8","25136447163942.2","33543185792667.9","46370033405573.2","58751859681605.2","88102358100000","115627763000000","142333037800000","173201450000000","210998267900000","250544565599999","290213405499999","369612781003001","494814797600000","620083233800001","705076462800000","861170774300000","1.0418779433E+15","1.2618060318E+15","1.5354317449E+15","1.8496500067E+15",
"Uzbekistan","UZB","Forest rents (% of GDP)","NY.GDP.FRST.RT.ZS","","","","","","","","","","","","","","","","","","","","","","","","","","","","","","","0","0","0","0","0","0","0","0","0.00264200306149357","0.00168680870567367","0.00202798916421563","0.0027116023508441","0.00330020625887402","0.00355068000133666","0.00325098331286317","0.00285331483557995","0.0031991108927118","0.00306486133576994","0.00241564268353832","0.00204170408290201","0.00126063771377259","0.00147510140962599","0.00129459172939756","0.00116464821968604","0.00104922016665292","0.000829688658250525","0.000758354018737819","0.00140426778930117","0.00175681198749663","0.000913189148781614","0.000989891755925739","0.000733723417289998","","","","",
"Uzbekistan","UZB","Gross value added at basic prices (GVA) (current US$)","NY.GDP.FCST.CD","","","","","","","","","","","","","","","","","","","","","","","","","","","","7873038694.75527","10273765063.6497","11948815258.1132","13504779563.2468","13843530551.2955","13069718319.9292","11868284764.7672","11837347145.8747","11595714674.9196","11936377245.509","12919221132.0755","12830559356.4776","14785462130.9371","12037702354.2838","10049306696.9143","8468070166.31341","8749665410.6698","10337617739.4035","12788919438.6041","15576329865.7828","20048516794.884","26626630269.9424","30438585717.9897","49577868809.3093","60626424520.6692","67742766994.4013","75071080785.1632","83350144679.7275","89719176806.5085","90306594289.5967","65472958890.0206","55670498337.3528","65048589399.7112","65714918088.084","76269445721.1643","88876638342.2171","102543180727.997","116580526150.562","140558389282.161",
"Uzbekistan","UZB","GDP deflator (base year varies by country)","NY.GDP.DEFL.ZS","","","","","","","","","","","","","","","","","","","","","","","","","","","","6.7079525385662E-05","6.62027425014984E-05","6.71166934028022E-05","6.97877293041349E-05","0.000133104237874575","0.00108100508332577","0.0127437835852316","0.170587684364753","0.803372384533888","1.45856477881458","2.4224874732642","3.36720806231675","4.85266413152183","7.14761590683219","10.3811599095306","15.1028361081615","19.145137861074","22.1927134155856","26.9488042147179","33.2725589473024","40.55828442873","51.4244916690254","60.3011637934267","100","121.377077008577","139.171601583605","156.923270463417","177.477627869396","195.230686124013","211.91956146702","257.782089314789","326.419541594495","383.035837319382","428.587510773579","483.779335998888","551.717951092703","628.483844755428","716.909849103634","801.880033168474",
"Uzbekistan","UZB","Exports as a capacity to import (constant LCU)","NY.EXP.CAPM.KN","","","","","","","","","","","","","","","","","","","","","","","","","","","","","","","","","","","","","","7008025802627.31","5931818682234.73","5449779503040.9","6623436087028.18","6068343956648.19","5513356282986.47","6461943371182.62","8292224159729.54","8595116111831.92","11122858111042.6","16362103566525.3","21376022470223.9","20962339183987.5","19178218144478.8","22625299524439.2","20665329541187.2","21678393863970","20613518274896.6","18927915829588.1","16857092149124.9","20112208990394.2","22564543106530.3","27068588196607","23121762037979.4","26191407730525.8","29686661706414.8","34105502008079.7","34392480750864.1","38478203982061.3",
"Uzbekistan","UZB","Adjusted net savings, including particulate emission damage (current US$)","NY.ADJ.SVNG.CD","","","","","","","","","","","","","","","","","","","","","","","","","","","","","","","","","","","","","","","","","","","","","","561537524.330975","133869214.390405","2111799464.40153","4357588154.90538","3835522789.55488","5812295360.80808","7088780704.67044","8530302492.05123","7611807823.91955","11500949884.6443","10463913404.0022","8821655733.80267","8504193347.29029","5200238365.11266","6943002868.25481","6167192074.7402","1889277541.85557","","","","",
"Uzbekistan","UZB","Adjusted net national income (annual % growth)","NY.ADJ.NNTY.KD.ZG","","","","","","","","","","","","","","","","","","","","","","","","","","","","","","","","","","","","","","","","","","","","","","","","","","","","","","","","","","","","","","","","","","",
"Uzbekistan","UZB","Adjusted savings: net national savings (current US$)","NY.ADJ.NNAT.CD","","","","","","","","","","","","","","","","","","","","","","","","","","","","","","","","","","","","","","","","","","","","","","3764093963.32688","4968990166.27892","7038715993.46217","11749721023.9536","9037404014.12711","10863625161.351","14479570168.9317","15587012182.93","14307348581.9345","16084845692.259","13083702976.0479","11259271830.6326","12920414826.6352","12688506282.4887","13073640573.2017","11986109250.1744","13490155669.7778","","","","",
"Uzbekistan","UZB","Adjusted savings: particulate emission damage (current US$)","NY.ADJ.DPEM.CD","","","","","","","","","","","","","","","","","","","","","","","","","","","","","","","144018262.307215","152534388.192983","157897097.725327","160147342.371086","173072946.975757","177485936.636954","173295502.846993","170767332.52157","167082455.648453","175249708.927997","136325391.851722","109306767.25121","89193758.1755122","89148456.6478186","98499116.8444486","114162492.873879","129865098.523881","157595601.250752","195802970.042111","211785675.315786","302243676.338909","361755472.701737","403955809.766251","433010743.06584","477013213.903742","505445426.808571","506965670.809514","357678081.52374","294679136.131752","327534720.19261","326158073.046008","352058201.961115","","","","",
"Uzbekistan","UZB","Adjusted savings: mineral depletion (current US$)","NY.ADJ.DMIN.CD","","","","","","","","","","","0","0","0","0","0","0","0","0","0","0","0","0","0","0","0","0","0","0","0","0","0","0","124356763.626984","114721930.770521","106638680.748615","24743073.4046126","16419154.6836184","18161905.0416832","5582467.85215452","7487372.33212901","12770007.2362441","6363876.5203963","12291024.601378","15774231.4021712","65769240.3352426","72323490.1763358","437377145.781094","618598999.61261","1010581359.57589","1161536641.84871","1743891952.91673","2760594666.62068","2657455598.26447","2168138139.92239","1866825989.79555","1615320586.70594","1935266530.11608","1603046477.06549","2236454186.64349","1752108078.78235","2791189640.54217","3848727305.25103","","","","",
"Uzbekistan","UZB","Adjusted savings: net forest depletion (current US$)","NY.ADJ.DFOR.CD","","","","","","","","","","","","","","","","","","","","","","","","","","","","","","","","","","","","","","","0","0","0","0","0","0","0","0","0","0","0","0","0","0","0","0","0","0","0","0","0","0","0","0","","","","",
"Uzbekistan","UZB","Adjusted savings: education expenditure (current US$)","NY.ADJ.AEDU.CD","","","","","","","","","","","","","","","","","","","","","","","","","","","","","","","","","1196919489.79592","1213681000","1205226440.39244","1248375559.53447","1300832175.85574","1365865998.64789","1395712195.17998","1554547300.86351","1220206766.2008","988521603.904009","825160564.617012","848062270.045237","992385815.6488","1157096673.67892","1365405730.75086","1798308642.43727","2362633462.32911","2550141554.84028","3640284495.79939","4297666190.34348","4663845293.91888","4944377321.65762","5297522974.97478","5504096614.22476","5306118726.73065","3745541227.03452","3105355534.87764","3236690041.88106","2948470904.73238","3429104041.58905","","","","",
"Uzbekistan","UZB","Services, value added (constant 2015 US$)","NV.SRV.TOTL.KD","","","","","","","","","","","","","","","","","","","","","","","","","","","","13451726227.3877","13857534131.069","13810653796.0028","12656225537.1201","11875374952.0466","11233257236.6678","11005059947.2424","10661322399.5402","10607035165.1956","11114934954.6402","11706038676.8265","12349053618.3376","12948543227.9834","13650582646.482","14348642177.4706","14821340834.807","15297058743.8035","16421699910.1614","17663157576.1618","19038379786.6715","21418606995.8884","24061236114.3175","25692239206.779","27172077837.146","30114372854.997","32476091642.115","34932718112.1872","37926653634.2225","41140183122.8667","44147063710.4765","47017348789.7552","49721182958.8823","53352929369.5016","53046305692.9789","58869150392.4307","64239222872.9263","68804451971.4189","74113722650.9241","80434987754.1947",
"Uzbekistan","UZB","Textiles and clothing (% of value added in manufacturing)","NV.MNF.TXTL.ZS.UN","","","","","","","","","","","","","","","","","","","","","","","","","","","","","","","","","","","","","","","","","","","","","","","","","","","","","","17.8677511932562","17.5862378611617","18.3502040135572","18.0971437717634","17.7411025498404","15.2801966920598","13.6276247673699","13.2620799082292","14.2446342864869","14.5109306354845","13.6662271644994","","",
"Uzbekistan","UZB","Food, beverages and tobacco (% of value added in manufacturing)","NV.MNF.FBTO.ZS.UN","","","","","","","","","","","","","","","","","","","","","","","","","","","","","","","","","","","","","","","","","","","","","","","","","","","","","","25.2228977672032","25.9461746546468","29.4903142958359","27.6872988387785","21.9357162309938","15.4342942252209","17.6179600997411","16.3821956223949","14.8557562260428","14.7956914854285","14.3706134766864","","",
"Uzbekistan","UZB","Industry (including construction), value added (annual % growth)","NV.IND.TOTL.KD.ZG","","","","","","","","","","","","","","","","","","","","","","","","","","","","","0","7.84368852459234","1.59019810443561","4.0458472443097","-18.9392283477409","-6.29750522161257","-11.0082879899473","-5.15159963098056","1.44922849494338","2.6581049650914","2.315563968937","2.10320553421222","1.77793677276392","2.89566124658147","3.40000612312541","3.17697007823953","5.88365320051274","5.32090030875227","7.8781062677628","8.39434726524593","6.51397865011964","9.88907711618685","26.0693573875336","5.86520810938885","8.35964810956105","10.954554588526","8.60781631815775","9.54238691968048","6.58877214735278","5.03474197229106","117.452872703501","9.56473392836602","3.45285308207485","8.36188685412263","5.61822235168259","6.56328508647763","7.32802738513125","8.39349715202945",
"Uzbekistan","UZB","Manufacturing, value added (% of GDP)","NV.IND.MANF.ZS","","","","","","","","","","","","","","","","","","","","","","","","","","","","","","","","","","","","","","","","","","","","","","","","","","","10.3767858172686","10.392257177889","10.7500772389192","11.7541947252751","12.7584120798368","13.3088494736044","14.0457302204119","2.75764792882454","17.5228194711532","18.5519081357881","20.506652587127","20.421307822824","19.286466038771","19.2284893070203","19.9525528840719","20.7717215964261",
"Uzbekistan","UZB","Manufacturing, value added (current LCU)","NV.IND.MANF.CN","","","","","","","","","","","","","","","","","","","","","","","","","","","","","","","","","","","","","","","","","","","","","","","","","","","9142193000000","12016334500000","15300911500000","20358435700000","26920028500000","33344599100000","40762592000000","10192619200000","86705503699999.9","115037271900000","144587580700000","175862334700000","200941435700000","242626237900000","306357830900000","384204149900000",
"Uzbekistan","UZB","CPIA gender equality rating (1=low to 6=high)","IQ.CPA.GNDR.XQ","","","","","","","","","","","","","","","","","","","","","","","","","","","","","","","","","","","","","","","","","","","","","","3.5","3.5","4","4","4","4","4","4","4","4","4","4","4","4","4","4.5","4.5","4.5","4.5","4.5","4.5",
"Uzbekistan","UZB","CPIA policy and institutions for environmental sustainability rating (1=low to 6=high)","IQ.CPA.ENVR.XQ","","","","","","","","","","","","","","","","","","","","","","","","","","","","","","","","","","","","","","","","","","","","","","3.5","3.5","3.5","3.5","3.5","3.5","3.5","3.5","3.5","3.5","3.5","3.5","3.5","3.5","3.5","3.5","3.5","3.5","3.5","3.5","3.5",
"Uzbekistan","UZB","Trademark applications, resident, by count","IP.TMK.RSCT","","","","","","","","","","","","","","","","","","","","","","","","","","","","","","","","","","","","","","","","","","","","","699","588","1407","2974","2873","3149","4052","4500","6434","4866","5119","4584","6457","6750","7412","8035","8191","10476","","","","",
"Uzbekistan","UZB","Scientific and technical journal articles","IP.JRN.ARTC.SC","","","","","","","","","","","","","","","","","","","","","","","","","","","","","","","","","","","","","380.02","417.37","372.05","348.26","363.31","423.13","370.82","315.43","376.57","347.75","318.62","333.09","305.25","339.19","390.69","373.12","325.89","344.88","329.34","287.05","361.81","336.53","344.46","746.14","1101.71","2104.99","2091.27","4624.44","","",
"Uzbekistan","UZB","Public private partnerships investment in transport (current US$)","IE.PPN.TRAN.CD","","","","","","","","","","","","","","","","","","","","","","","","","","","","","","","","","","","","","","","","","","","","","","","","","","","","","","","","","","","","","","","","","","",
"Uzbekistan","UZB","Investment in transport with private participation (current US$)","IE.PPI.TRAN.CD","","","","","","","","","","","","","","","","","","","","","","","","","","","","","","","","","","","","","","","","","","","","","","","","","25000000","","","","","","","","","","","","","","","","","",
"Uzbekistan","UZB","Firms expected to give gifts in meetings with tax officials (% of firms)","IC.TAX.GIFT.ZS","","","","","","","","","","","","","","","","","","","","","","","","","","","","","","","","","","","","","","","","","","","53.9","15.4","","63","","","52.35465622","","","","","3.211233854","","","","","","6.706094265","","","","","8.327044487","",
"Uzbekistan","UZB","Firms filling taxes electronically (% of firms)","IC.FRM.TAXE.ZS","","","","","","","","","","","","","","","","","","","","","","","","","","","","","","","","","","","","","","","","","","","","","","","","","","","","","","","","","","","","","","","","","86.77481079","",
"Uzbekistan","UZB","Firms where largest owner is also the top manager (% of firms)","IC.FRM.LOTM.ZS","","","","","","","","","","","","","","","","","","","","","","","","","","","","","","","","","","","","","","","","","","","","","","","","","","","","","","","","","","","","","","","","","79.74813843","",
"Uzbekistan","UZB","Firms with female top manager (% of firms)","IC.FRM.FEMM.ZS","","","","","","","","","","","","","","","","","","","","","","","","","","","","","","","","","","","","","","","","","","","","","","","","","11.3822403","","","","","14.92200375","","","","","","12.39871883","","","","","12.33751774","",
"Uzbekistan","UZB","Firms that are partially credit constrained (% of firms)","IC.FRM.CRDC.PT.ZS","","","","","","","","","","","","","","","","","","","","","","","","","","","","","","","","","","","","","","","","","","","","","","","","","","","","","","","","","","","","10.58357048","","","","","15.36487103","",
"Uzbekistan","UZB","Firms competing against unregistered firms (% of firms)","IC.FRM.CMPU.ZS","","","","","","","","","","","","","","","","","","","","","","","","","","","","","","","","","","","","","","","","","","","","","","","","","39.16560364","","","","","21.14664459","","","","","","21.50174141","","","","","16.88899994","",
"Uzbekistan","UZB","Firms with a bank loan/line of credit (% of firms)","IC.FRM.BNKL.ZS","","","","","","","","","","","","","","","","","","","","","","","","","","","","","","","","","","","","","","","","","","","","","","","","","10.476367","","","","","23.84707451","","","","","","22.17981339","","","","","12.25876427","",
"Uzbekistan","UZB","Average time to clear imports through customs (days)","IC.CUS.DURS.IM","","","","","","","","","","","","","","","","","","","","","","","","","","","","","","","","","","","","","","","","","","","","","","4.707317","","","52.47663879","","","","","4.985711575","","","","","","15.44587326","","","","","5.464840889","",
"Uzbekistan","UZB","B-READY: Utility Services Pillar 3: Operational Efficiency of Utility Service Provision","IC.BRE.US.P3","","","","","","","","","","","","","","","","","","","","","","","","","","","","","","","","","","","","","","","","","","","","","","","","","","","","","","","","","","","","","","","","","","",
"Uzbekistan","UZB","B-READY: Taxation Pillar 3: Operational Efficiency of Tax Systems in Practice","IC.BRE.TX.P3","","","","","","","","","","","","","","","","","","","","","","","","","","","","","","","","","","","","","","","","","","","","","","","","","","","","","","","","","","","","","","","","","","",
"Uzbekistan","UZB","B-READY: Pillar 3: Operational Efficiency","IC.BRE.P3.OE","","","","","","","","","","","","","","","","","","","","","","","","","","","","","","","","","","","","","","","","","","","","","","","","","","","","","","","","","","","","","","","","","","",
"Uzbekistan","UZB","B-READY: Market Competition Pillar 2: Public Services that Promote Market Competition","IC.BRE.MC.P2","","","","","","","","","","","","","","","","","","","","","","","","","","","","","","","","","","","","","","","","","","","","","","","","","","","","","","","","","","","","","","","","","","",
"Uzbekistan","UZB","B-READY: Labor Pillar 2: Adequacy of Public Services for Labor","IC.BRE.LB.P2","","","","","","","","","","","","","","","","","","","","","","","","","","","","","","","","","","","","","","","","","","","","","","","","","","","","","","","","","","","","","","","","","","",
"Uzbekistan","UZB","B-READY: International Trade Pillar 2: Quality of Public Services for the Facilitation of International Trade","IC.BRE.IT.P2","","","","","","","","","","","","","","","","","","","","","","","","","","","","","","","","","","","","","","","","","","","","","","","","","","","","","","","","","","","","","","","","","","",
"Uzbekistan","UZB","B-READY: Financial Services Pillar 2: Accessibility of Information in Credit Infrastructure","IC.BRE.FS.P2","","","","","","","","","","","","","","","","","","","","","","","","","","","","","","","","","","","","","","","","","","","","","","","","","","","","","","","","","","","","","","","","","","",
"Uzbekistan","UZB","B-READY: Dispute Resolution Pillar 2: Public Services for Dispute Resolution","IC.BRE.DR.P2","","","","","","","","","","","","","","","","","","","","","","","","","","","","","","","","","","","","","","","","","","","","","","","","","","","","","","","","","","","","","","","","","","",
"Uzbekistan","UZB","B-READY: Business Location Pillar 2: Quality of Public Services and Transparency of Information for Business Location","IC.BRE.BL.P2","","","","","","","","","","","","","","","","","","","","","","","","","","","","","","","","","","","","","","","","","","","","","","","","","","","","","","","","","","","","","","","","","","",
"Uzbekistan","UZB","B-READY: Business Insolvency Pillar 2: Quality of Institutional and Operational Infrastructure for Judicial Insolvency Proceedings","IC.BRE.BI.P2","","","","","","","","","","","","","","","","","","","","","","","","","","","","","","","","","","","","","","","","","","","","","","","","","","","","","","","","","","","","","","","","","","",
"Uzbekistan","UZB","B-READY: Business Entry Pillar 2: Digital Public Services and Transparency of Information for Business Entry","IC.BRE.BE.P2","","","","","","","","","","","","","","","","","","","","","","","","","","","","","","","","","","","","","","","","","","","","","","","","","","","","","","","","","","","","","","","","","","",
"Uzbekistan","UZB","Human capital index plus (HCI+): overall score, male (scale 0–325)","HD_HCIP_OVRL_MA","","","","","","","","","","","","","","","","","","","","","","","","","","","","","","","","","","","","","","","","","","","","","","","","","","","","","","","","","","","","","204.308267816351","","","","","188.046235676513",
"Uzbekistan","UZB","Human capital index plus (HCI+): on-the-job learning pillar score, female (scale -30–87)","HD_HCIP_OTJL_FE","","","","","","","","","","","","","","","","","","","","","","","","","","","","","","","","","","","","","","","","","","","","","","","","","","","","","","","","13.240537778984","","","","","8.46004037815928","","","","","10.6495993455622",
"Uzbekistan","UZB","Human capital index plus (HCI+): education pillar score, total (scale 0–188)","HD_HCIP_EDUC_TO","","","","","","","","","","","","","","","","","","","","","","","","","","","","","","","","","","","","","","","","","","","","","","","","","","","","","","","","","","","","","112.228326008446","","","","","98.1446103238397",
"Uzbekistan","UZB","Voice and Accountability - Governance estimate (approx. -2.5 to +2.5)","GOV_WGI_VA_EST","","","","","","","","","","","","","","","","","","","","","","","","","","","","","","","","","","","","","-1.66544229999999","","-1.8167757","","-1.8848805","","-1.637322","-1.6668581","-1.5860919","-1.74198989999999","-1.6782818","-1.6765853","-1.7076882","-1.66045969999999","-1.65467719999999","-1.6342207","-1.68172339999999","-1.57680969999999","-1.5349076","-1.5932902","-1.5770056","-1.46913229999999","-1.2977614","-1.42495709999999","-1.2394383","-1.0392373","-1.04255529999999","-1.0006156","-1.0401976","",
"Uzbekistan","UZB","Rule of Law - Governance estimate (approx. -2.5 to +2.5)","GOV_WGI_RL_EST","","","","","","","","","","","","","","","","","","","","","","","","","","","","","","","","","","","","","-1.32746109999999","","-1.19913999999999","","-1.20104339999999","","-1.2075551","-1.1640736","-1.07543069999999","-1.3862948","-1.3984929","-1.1632483","-1.131023","-1.22016939999999","-1.3247371","-1.36314689999999","-1.20211579999999","-1.14178319999999","-1.08456739999999","-1.06564789999999","-1.0431822","-0.996347299999999","-0.895606799999999","-0.943947499999999","-0.912569899999999","-0.700166499999999","-0.6719908","-0.6742999","-0.6562072","",
"Uzbekistan","UZB","Government Effectiveness - Governance estimate (approx. -2.5 to +2.5)","GOV_WGI_GE_EST","","","","","","","","","","","","","","","","","","","","","","","","","","","","","","","","","","","","","-1.1224394","","-1.1336066","","-1.1563903","","-1.60802619999999","-1.61429279999999","-1.3575754","-1.38932069999999","-1.3757921","-1.1645575","-1.0113214","-0.9400214","-1.1490114","-1.1231157","-1.1456714","-1.1087144","-0.6758124","-0.617244599999999","-0.5969381","-0.5185929","-0.5399603","-0.5008385","-0.656687999999999","-0.3035457","-0.3830537","-0.298574399999999","-0.1435922","",
"Uzbekistan","UZB","WBL: Supportive Framework Index (scale 0-100)","GD_WBL_OVL_SFR","","","","","","","","","","","","","","","","","","","","","","","","","","","","","","","","","","","","","","","","","","","","","","","","","","","","","","","","","","","","","","","","","","59.08",
"Uzbekistan","UZB","Subsidies and other transfers (current LCU)","GC.XPN.TRFT.CN","","","","","","","","","","","","","","","","","","","","","","","","","","","","","","","","","","","","","","","","","","","","","","","","","","","","","","","","","21302978999706.1","23076819561900","37927063875270.2","46896212040708.3","69943571793651.4","98158414657640.5","123124033264710","138212112616662","","",
"Uzbekistan","UZB","Other expense (current LCU)","GC.XPN.OTHR.CN","","","","","","","","","","","","","","","","","","","","","","","","","","","","","","","","","","","","","","","","","","","","","","","","","","","","","","","","","9223224862854","12171869030729.5","19603696337504","27321039469716.9","23316886630896.5","48146728289064.4","39598907650860.4","61285584505848.5","","",
"Uzbekistan","UZB","Electricity production from renewable sources, excluding hydroelectric (% of total)","EG.ELC.RNWX.ZS","","","","","","","","","","","","","","","","","","","","","","","","","","","","","","","0","0","0","0","0","0","0","0","-0.076194622836617","-3.01293777963898","5.01685800862106","3.34243833274255","0.327955138976051","-1.12633868121948","5.85524859655124","-0.623098709745096","9.03327729730825","3.53798126951093","13.6843362937592","5.68229447338483","-0.177008177008177","4.53942883114915","2.72735840165866","4.38551572787125","3.63511647508204","2.22458719431478","2.11972682528058","0.291499506741204","0.0113361740015263","0.0103886291731596","0.0252631578947368","0.109580594986197","","","","",
"Uzbekistan","UZB","Electricity production from nuclear sources (% of total)","EG.ELC.NUCL.ZS","","","","","","","","","","","","","","","","","","","","","","","","","","","","","","","0","0","0","0","0","0","0","0","0","0","0","0","0","0","0","0","0","0","0","0","0","0","0","0","0","0","0","0","0","0","0","0","","","","",
"Uzbekistan","UZB","Electricity production from oil, gas and coal sources (% of total)","EG.ELC.FOSL.ZS","","","","","","","","","","","","","","","","","","","","","","","","","","","","","","","88.1970705725699","88.8655035539555","87.6627840741686","85.0291969317789","85.0292887029289","86.9597285735359","85.6337656047029","87.4560298779693","87.3887014259279","84.4416036675409","92.4715120993556","90.9172418107133","87.8049274247424","83.2403266177014","87.7261111893599","81.2713731249344","90.4806270633747","90.4796882332538","91.0629654705484","87.0606550505958","84.2385762385762","89.1996818422847","87.4601828291396","89.5683979517191","89.105679393146","88.1122413432732","88.3168418005007","86.9582374219007","90.6210251844314","89.8034030630716","92.4812030075188","92.961338508751","90.6798260377816","","","",
"Uzbekistan","UZB","Access to electricity, rural (% of rural population)","EG.ELC.ACCS.RU.ZS","","","","","","","","","","","","","","","","","","","","","","","","","","","","","","","","","","","","","99.2830513335245","99.0158555986669","99.101657729826","99.1964889120685","99.4","99.4","99.5","99.3","99.2","99.2","99.2","99.2","99.2","99.2","99.2","99.3","99.4","99.6","99.7","99.8","99.9","99.9","100","100","100","99.8","100","100","100","",
"Uzbekistan","UZB","Access to clean fuels and technologies for cooking, rural (% of rural population)","EG.CFT.ACCS.RU.ZS","","","","","","","","","","","","","","","","","","","","","","","","","","","","","","","","","","","","","","","","","71.5","71.6","72.3","72.3","73","73.1","73.3","73.4","73.3","73.8","73.5","73.9","73.4","73.75","73.6","73.6","73.1","73.4","73.1","72.4","71.8","71.5","71.55","70.9","","",
"Uzbekistan","UZB","Public and publicly guaranteed debt service (% of GNI)","DT.TDS.DPPG.GN.ZS","","","","","","","","","","","","","","","","","","","","","","","","","","","","","","","","","0.0363568400367439","0.227085550194098","1.02721230598468","1.70915832021759","2.01824982746538","3.25815743020167","2.22257196507145","2.79101540549855","4.6622317551099","5.75677101235169","6.65194809094247","7.17499565607328","5.65565886128921","4.39256701176125","4.16721262615786","2.73788604811757","1.85504725757748","1.35513621298411","0.768107626132769","0.530311721262709","0.484195010673045","0.423186838600463","0.423487117796081","0.381652963091119","0.456975606727202","0.650650209366445","0.874878047206063","1.06062520325911","1.37519000921404","1.80283840214188","1.89503591110518","2.95657479401168","3.60504118012882","",
"Uzbekistan","UZB","Total debt service (% of GNI)","DT.TDS.DECT.GN.ZS","","","","","","","","","","","","","","","","","","","","","","","","","","","","","","","","","0.0363568400367439","0.227085550194098","1.0738831565296","1.83797258803907","2.17854508094856","3.53064782676262","2.47208138092092","3.4546290109383","6.7018829309377","7.82992788252673","8.06299285128019","8.1302978074138","7.29698601703076","5.56851706147395","4.96472814552195","3.59256467079465","2.77615668070527","2.42955688958236","1.09441149478911","0.905435560434122","0.907513462232288","0.832741542961645","0.975111720999832","1.27876051508114","1.4046824586118","2.61827483541174","1.64477276801511","3.81942597886201","4.68517329741211","6.06070590401969","7.94090063525086","9.12470113380471","9.36618344020154","",
"Uzbekistan","UZB","Net ODA received per capita (current US$)","DT.ODA.ODAT.PC.ZS","","","","","","","","","","","","","","","","","","","","","","","","","","","","","","","","","0.0702812969581817","0.362925975565872","1.25760735593017","3.65308939001843","3.75514190600816","5.88744209943419","6.54816531695134","6.38399945682907","7.473329476309","5.96360329067213","7.2214030259725","7.4714666761101","9.34125006888259","6.41446129149639","5.60360137505239","6.19278019090595","6.52640560417558","6.12780018412379","4.99797308940654","4.98840213642106","8.74549167236","9.93006288732032","10.7423259484334","14.6668446257996","16.3355072024224","20.086519382887","32.6836778115946","35.0077428395492","43.5737777042986","33.9635427041903","45.3536987538336","33.6606227872401","","",
"Uzbekistan","UZB","Net ODA received (% of gross capital formation)","DT.ODA.ODAT.GI.ZS","","","","","","","","","","","","","","","","","","","","","","","","","","","","","","","","","0.0265348736272849","0.415804879498514","1.20331219512195","2.59131799007211","2.73325864811495","5.01964464640398","5.04468874638035","5.35032224190901","6.86828081247385","6.21975074396256","8.93088624873246","9.11308750481618","8.249654487552","4.22020617651667","2.91543842791665","2.66444029598772","1.89553583836536","1.69693340269963","0.999906500675099","0.855330018974209","1.21079755842491","1.40254831811755","1.37213672066899","1.89257521298388","2.19431732711986","3.36748852536316","5.15154581623647","4.37960521297993","5.85903669993125","3.98957279789834","5.04436030407327","3.37907413073718","","",
"Uzbekistan","UZB","Net official development assistance and official aid received (constant 2023 US$)","DT.ODA.ALLD.KD","","","","","","","","","","","","","","","","","","","","","","","","","","","","","","","","","1392716.05014801","12291217.8039551","42168212.890625","96106590.2709961","104061607.36084","153234130.859375","174312942.504883","182319274.902344","228893554.6875","224729598.999023","272024017.333984","249189849.853516","280240203.857422","196892898.55957","185862823.486328","176938568.115234","179427536.010742","179745376.586914","150199356.079102","148376861.572266","274867370.605469","302476287.841797","331734313.964844","486958404.541016","532570068.359375","645872802.734375","1102805175.78125","1158464599.60938","1489983276.36719","1113050903.32031","1664751220.70313","1200078857.42188","","",
"Uzbekistan","UZB","Net official flows from UN agencies, WFP (current US$)","DT.NFL.WFPG.CD","","","","","","","","","","","","","","","","","","","","","","","","","","","","","","","","","","","","","","","","","","","","","","","","","","","","","","","","","","","","","","","","","","",
"Uzbekistan","UZB","Net official flows from UN agencies, UNRWA (current US$)","DT.NFL.UNRW.CD","","","","","","","","","","","","","","","","","","","","","","","","","","","","","","","","","","","","","","","","","","","","","","","","","","","","","","","","","","","","","","","","","","",
"Uzbekistan","UZB","Net official flows from UN agencies, UNFPA (current US$)","DT.NFL.UNFP.CD","","","","","","","","","","","","","","","","","","","","","","","","","","","","","","","","","","600000.023841858","1009999.99046326","109999.999403954","629999.995231628","389999.985694885","1509999.99046326","899999.976158142","550000.011920929","720000.028610229","569999.992847443","600000.023841858","680000.007152557","870000.004768372","959999.978542328","870000.004768372","1159999.9666214","959999.978542328","1090000.0333786","1059999.94277954","1162224.05433655","1365713.95397186","1235497.95150757","1049424.05223846","713177.978992462","655283.987522125","820729.970932007","1381613.96980286","1455520.03383636","1729542.01698303","","","","",
"Uzbekistan","UZB","Net official flows from UN agencies, UNCOVID (current US$)","DT.NFL.UNCV.CD","","","","","","","","","","","","","","","","","","","","","","","","","","","","","","","","","","","","","","","","","","","","","","","","","","","","","","","","","","","","","","-17780.0003439188","","","","",
"Uzbekistan","UZB","Net official flows from UN agencies, UNCDF (current US$)","DT.NFL.UNCD.CD","","","","","","","","","","","","","","","","","","","","","","","","","","","","","","","","","","","","","","","","","","","","","","","","","","","","","","","","","","","","","","","","","","",
"Uzbekistan","UZB","Net bilateral aid flows from DAC donors, Estonia (current US$)","DC.DAC.ESTL.CD","","","","","","","","","","","","","","","","","","","","","","","","","","","","","","","","","","","","","","","","","","","","","","","9999.99977648258","","","","129999.995231628","","","","39804.0004074574","105379.998683929","3317.00011156499","","48388.9989554882","4478.00010442734","","113528.996706009","10515.9999802709","2162.99993917346","","",
"Uzbekistan","UZB","Net bilateral aid flows from DAC donors, Czechia (current US$)","DC.DAC.CZEL.CD","","","","","","","","","","","","","","","","","","","","","","","","","","","","","","","","","","","","","","","","","","","","","","389999.985694885","310000.002384186","449999.988079071","259999.990463257","330000.013113022","310000.002384186","460000.00834465","239999.994635582","186899.00636673","43386.0011398792","108967.997133732","120148.003101349","66901.9967317581","67668.9967513084","89576.9968628883","65275.9969234467","74589.9975299835","32056.9984614849","14217.0004546642","","",
"Uzbekistan","UZB","Net bilateral aid flows from DAC donors, Belgium (current US$)","DC.DAC.BELL.CD","","","","","","","","","","","","","","","","","","","","","","","","","","","","","","","","","","","","","","9999.99977648258","","","","","","","4969999.79019165","","19999.9995529652","","","","19999.9995529652","","9999.99977648258","","","4565.99984318018","9620.99991738796","4767.99998432398","5028.00010144711","4769.00022476912","287820.011377335","5038.00017759204","","","","",
"Uzbekistan","UZB","Stocks traded, total value (% of GDP)","CM.MKT.TRAD.GD.ZS","","","","","","","","","","","","","","","","","","","","","","","","","","","","","","","","","","","","","","","","","","","","","","","","","","","","","","","","","","","","","0.0443052514342676","0.0452999587653412","0.111023486984587","0.0273327869357075","0.00840501871886236","0.00990899764747153",
"Uzbekistan","UZB","Market capitalization of listed domestic companies (current US$)","CM.MKT.LCAP.CD","","","","","","","","","","","","","","","","","","","","","","","","","","","","","","","","","","","","","","","","","","","","","","","","","","","","","","","","","","","","","5230030000","5194010000","8426820000","13721570000","18799570000","23699960000",
"Uzbekistan","UZB","Personal transfers, receipts (BoP, current US$)","BX.TRF.PWKR.CD","","","","","","","","","","","","","","","","","","","","","","","","","","","","","","","","","","","","","","","","","","","","","","340426205.638638","751295742.089936","983844358.904603","2947772370.93054","1353364962.98067","2368201256.37922","3494854082.40641","4783145041.68311","4714406261.97216","5218919655.2058","2847987227.16411","3649084896.11818","4653239134.92352","4662510119.61964","5885116647.61005","5289969031.85325","6768171327.16505","11516475817.2924","9502166578.35876","11426911864.1763","15017068000.6341",
"Uzbekistan","UZB","Foreign direct investment, net inflows (BoP, current US$)","BX.KLT.DINV.CD.WD","","","","","","","","","","","","","","","","","","","","","","","","","","","","","","","","","9000000","48000000","73000000","-24000000","90000000","166800000","139600000","121200000","74700000","82800000","65300000","82600000","176600000","213491019.599999","207156423.36","667503821.44","547961216.4","613093923","1662748216.26524","1615052149.82","744244552.244516","691576225.994762","808675996.570486","1041199291.09392","1662886452.22485","1798299474.68216","624686535.504395","2316482962.28621","1728247827.58199","2280290469.82797","2657356365.09623","2156350918.89039","2974742115.23231","4398423257.76696",
"Uzbekistan","UZB","Charges for the use of intellectual property, receipts (BoP, current US$)","BX.GSR.ROYL.CD","","","","","","","","","","","","","","","","","","","","","","","","","","","","","","","","","","","","","","","","","","","","","","68140","192050","228900","362020","329584","12625952","7871202","6751631","14555888","1885468.83172827","1010192.58663926","906087.8","718877.49311375","316911.1367275","147939.187","147149.93205","229683","441339","31225501","10494936.86","8573963.00000001",
"Uzbekistan","UZB","Exports of goods and services (BoP, current US$)","BX.GSR.GNFS.CD","","","","","","","","","","","","","","","","","","","","","","","","","","","","","","","","","","","","","","","","","","","","","","5581309403.50469","6664822294.37399","9301941800.30217","11781319505.1331","12135932186.2605","12063324260.3018","14248021468.855","12984519364.8866","13593834983.7329","12927452038.6042","11845442765.034","10549916892.6191","12412218530.1396","14135137288.3331","17025733993.0532","14536446559.4741","16442040412.3617","20965866718.8481","25049592258.7527","26173300017.0365","32298923209.0673",
"Uzbekistan","UZB","ICT service exports (BoP, current US$)","BX.GSR.CCIS.CD","","","","","","","","","","","","","","","","","","","","","","","","","","","","","","","","","","","","","","","","","","","","","","1336500","1337700","2091750","63177809.9999999","65889320","72428424.0000001","135323047","223546397.4","204279397.8","238659251.191133","206627264.066785","147502556.4","150650083.5","156545753.223645","165380388.7511","166476998.3198","176265318.2465","270283246.172486","440972429.625719","619736902.759999","921500245.553512",
"Uzbekistan","UZB","Net secondary income (BoP, current US$)","BN.TRF.CURR.CD","","","","","","","","","","","","","","","","","","","","","","","","","","","","","","","","","","","","","","","","","","","","","","107237771.415952","485634855.845024","565434621.927369","2395065544.45476","862387324.91623","2004324714.97066","2994439943.40469","4242592870.17384","3844595771.20661","4435411067.04182","2291473825.4022","3291643196.31981","4322916802.9796","4207690959.54221","5454549802.25359","4913656665.8525","6238957923.7275","10817159060.2513","8805159008.68488","10579121790.0152","13727398700.1674",
"Uzbekistan","UZB","Net errors and omissions (BoP, current US$)","BN.KAC.EOMS.CD","","","","","","","","","","","","","","","","","","","","","","","","","","","","","","","","","","","","","","","","","","","","","","-111468880.224143","28607452.736093","-402928580.781891","-512531013.800339","-660207512.462422","-859809772.990817","-516938846.317481","-826251873.879866","-1912350508.93034","-943780986.225464","77652835.194765","309382709.132889","-2506979268.38004","569637976.253708","-1944765753.9198","-1128592862.10752","-1519717620.57092","1049877616.57148","-1741772677.6049","-2159830943.59677","-3517973375.16872",
"Uzbekistan","UZB","Net financial account (BoP, current US$)","BN.FIN.TOTL.CD","","","","","","","","","","","","","","","","","","","","","","","","","","","","","","","","","","","","","","","","","","","","","","1036204586.50933","1758706633.66909","1406140757.62223","2671573501.65646","1105956326.11274","1418830351.02324","2273564466.60345","382735466.059545","-596586239.404572","1132147911.14347","973342936.095368","536238892.017023","-929328511.313115","-2880498065.93302","-5061993593.4448","-4131327594.36358","-6385017150.3741","-1774057854.77947","-9530404434.74787","-7874623104.38163","-9289180453.0281",
"Uzbekistan","UZB","Secondary income, other sectors, payments (BoP, current US$)","BM.TRF.PRVT.CD","","","","","","","","","","","","","","","","","","","","","","","","","","","","","","","","","","","","","","","","","","","","","","241156381.248134","272416993.171181","428964721.54775","562882658.563838","507768357.422474","388403264.162469","512381117.024985","558546605.637743","884770986.697211","798380683.99082","580687590.76191","422629042.109855","480380455.637245","602476297.32126","568743473.544715","474307640.240231","627166808.192005","856157838.288746","870455538.250669","1004693559.51106","1406063526.10759",
"Uzbekistan","UZB","Transport services (% of service imports, BoP)","BM.GSR.TRAN.ZS","","","","","","","","","","","","","","","","","","","","","","","","","","","","","","","","","","","","","","","","","","","","","","52.6298364032248","51.4453013617731","49.7748565031347","55.3158622148691","50.1523110546511","54.4790099078099","47.9899878176415","43.3219960254454","45.7243776036013","54.4951378544927","41.8372984355012","52.0022177490692","48.7016864889828","46.5094414190433","46.7961607658234","51.0147638858896","49.7795263238549","43.6998777852628","50.479990240324","44.1508564638379","44.4447484292499",
"Uzbekistan","UZB","Goods imports (BoP, current US$)","BM.GSR.MRCH.CD","","","","","","","","","","","","","","","","","","","","","","","","","","","","","","","","","","","","","","","","","","","","","","3402908419.78598","4183680613.46734","6276664573.67564","8926385463.0738","9125753173.71485","9984977680.22904","12473030780.3032","13345641558.8568","13962042682.9477","13514094325.9935","11575963790.8547","11037273348.3514","12377319711.515","18252445318.979","21189951960.7129","19048314708.6048","22908690100.0188","28309158259.2387","34475556679.0485","33159965244.1938","38546478074.2388",
"Uzbekistan","UZB","Communications, computer, etc. (% of service imports, BoP)","BM.GSR.CMCP.ZS","","","","","","","","","","","","","","","","","","","","","","","","","","","","","","","","","","","","","","","","","","","","","","5.88372721478822","6.08997539087267","7.01724915607477","6.94064111489875","7.76987108618785","6.23870298455971","6.69308130055205","9.33089750012209","9.22937414124443","4.10462767497825","2.0741723853309","6.03514073493878","3.25237856850015","1.86364308176065","6.41031412141674","13.0136922054276","8.06175957983126","7.88294879320563","7.54186977693349","9.07527230397029","11.243374748797",
"Uzbekistan","UZB","Livestock production index (2014-2016 = 100)","AG.PRD.LVSK.XD","","","","","","","","","","","","","","","","","","","","","","","","","","","","","","","","","40.62","43.54","43.19","42.51","39.39","39.93","42.08","40.38","41.83","42.35","43.37","47.52","50.03","53.08","56.88","57.81","61.83","65.98","69.94","76.04","81.7","87.87","93.77","100.21","106.01","104.2","116.82","111.19","113.79","117.76","121.61","","","",
"Uzbekistan","UZB","Urban land area (sq. km)","AG.LND.TOTL.UR.K2","","","","","","","","","","","","","","","","","","","","","","","","","","","","","","","10833.61842591","","","","","","","","","","13159.14531138","","","","","","","","","","","","","","","15432.20254693","","","","","","","","","","",
"Uzbekistan","UZB","Agricultural irrigated land (% of total agricultural land)","AG.LND.IRIG.AG.ZS","","","","","","","","","","","","","","","","","","","","","","","","","","","","","","","","","","","","","","","","","","","","","","","","","","","","","","","","14.3529826209488","14.3417483177208","14.6327134867545","14.6322731315854","14.5926676658071","14.5312956293196","14.5247678139086","14.4766968062401","14.5825189586428","","",
"Uzbekistan","UZB","Urban land area where elevation is below 5 meters (% of total land area)","AG.LND.EL5M.UR.ZS","","","","","","","","","","","","","","","","","","","","","","","","","","","","","","","0","","","","","","","","","","0","","","","","","","","","","","","","","","0","","","","","","","","","","",
"Uzbekistan","UZB","Permanent cropland (% of land area)","AG.LND.CROP.ZS","","","","","","","","","","","","","","","","","","","","","","","","","","","","","","","","","0.893276915843912","0.883874000940292","0.874471086036671","0.865068171133051","0.855665256229431","0.846262341325811","0.836859426422191","0.827456511518571","0.798229215648045","0.789151914037499","0.786857867775761","0.791507695978453","0.796139982975912","0.800736034727624","0.805322932201446","0.809662739917061","0.814281814908009","0.81891064239755","0.823598506051958","0.828344527074934","0.83295089490592","0.844445362319838","0.853624116258097","0.864729913753972","0.876095971093372","0.888812223664739","0.903340316441475","0.916571143217079","0.942244411664586","0.956308024681552","0.995116327623612","0.996255531601044","","",
"Uzbekistan","UZB","Arable land (hectares)","AG.LND.ARBL.HA","","","","","","","","","","","","","","","","","","","","","","","","","","","","","","","","","4474000","4471000","4468000","4475000","4476000","4477000","4478000","4479000","4480000","4481000","4484000","4445000","4406000","4367000","4328000","4289000","4250000","4211000","4172000","4133000","4094000","4055000","4044000","4041000","4035300","4026400","4019800","4033500","4023000","4016100","4028500","4029000","","",
"Uzbekistan","UZB","Fertilizer consumption (% of fertilizer production)","AG.CON.FERT.PT.ZS","","","","","","","","","","","","","","","","","","","","","","","","","","","","","","","","","98.5269205273624","103.727280341737","105.486284289277","100.614602098124","103.010984699882","93.9553360532532","94.4113605130554","88.9858734351671","91.6061137559509","103.254013761468","93.5710567412806","86.6141732283465","73.2536333802157","77.6745294257803","76.0153093769934","70.8022654037692","70.1826291079812","77.6502981736862","80.7296899897223","76.0528075703566","70.1689734296579","84.0351562952153","82.5856084072948","81.4049766790515","83.5359262066439","89.6662127428529","74.8354501738172","90.3147365471267","91.3978795139092","78.923778988129","68.6399476972042","87.7189012102206","","",
"Uzbekistan","UZB","Goods and services expense (current LCU)","GC.XPN.GSRV.CN","","","","","","","","","","","","","","","","","","","","","","","","","","","","","","","","","","","","","","","","","","","","","","","","","","","","","","","","","3233973333432","4341397817233.44","5406564219353.75","7350496811645.87","5397415705721.47","5796629611728.08","12790098482973.2","13951746970617.3","","",
"Uzbekistan","UZB","Taxes on income, profits and capital gains (% of revenue)","GC.TAX.YPKG.RV.ZS","","","","","","","","","","","","","","","","","","","","","","","","","","","","","","","","","","","","","","","","","","","","","","","","","","","","20.3865949215056","18.3427863306014","19.8746742852045","19.7850478143862","18.6295079769257","19.9029398751907","23.237842387545","17.6044956897161","15.1699990365712","25.2911566202125","25.3326190424888","19.1129791442753","18.7887779604059","","",
"Uzbekistan","UZB","Other taxes (% of revenue)","GC.TAX.OTHR.RV.ZS","","","","","","","","","","","","","","","","","","","","","","","","","","","","","","","","","","","","","","","","","","","","","","","","","","","","0.000473223286237833","0.000660181130339019","0.000428514865370672","","0.000489734171596181","0.000265365740608378","6.78008489336621E-06","5.62168021102086E-06","2.45371958520135E-05","","","0.00405414834897329","0.00146885077505574","","",
"Uzbekistan","UZB","Customs and other import duties (% of tax revenue)","GC.TAX.IMPT.ZS","","","","","","","","","","","","","","","","","","","","","","","","","","","","","","","","","","","","","","","","","","","","","","","","","","","","4.92926687430091","5.09073098343027","5.35100696200438","5.90656606657583","5.50166022426181","4.60186181300251","5.186860136235","3.65266342232844","4.02222811522924","4.42575201726505","4.84593429363638","5.61880518706036","8.01226484602915","","",
"Uzbekistan","UZB","Taxes on goods and services (current LCU)","GC.TAX.GSRV.CN","","","","","","","","","","","","","","","","","","","","","","","","","","","","","","","","","","","","","","","","","","","","","","","","","","","","6359691500000","8439411500000","10907940000000","13408324330870","15275568395570","16610888801140","21376491988630","40844813235780","48014757786200","52759905325130","61004718264519.1","69180082261366.8","80194991130650.9","","",
"Uzbekistan","UZB","Revenue, excluding grants (current LCU)","GC.REV.XGRT.CN","","","","","","","","","","","","","","","","","","","","","","","","","","","","","","","","","","","","","","","","","","","","","","","","","","","","23646342700000","31930630900000","33269023205690","39058720993340","43485429923318.2","50391617883087.8","55428611707468.2","90857260491035.5","107374445277642","129452333578388","159681425786288","209995027981145","244289222064853","","",
"Uzbekistan","UZB","Grants and other revenue (current LCU)","GC.REV.GOTR.CN","","","","","","","","","","","","","","","","","","","","","","","","","","","","","","","","","","","","","","","","","","","","","","","","","","","","6315225500000","9097081600000","4351013705690","4249531233250","2935729683358.96","3763654125405.79","4741962482308","12206194534966.7","16583907503475.7","19454241257650.8","34558470252253.2","75559335806813.5","75311192061245.1","","",
"Uzbekistan","UZB","Net investment in nonfinancial assets (current LCU)","GC.NFN.TOTL.CN","","","","","","","","","","","","","","","","","","","","","","","","","","","","","","","","","","","","","","","","","","","","","","","","","","","","1592921800000","2525919100000","3285890000000","3863582045030","4328880081150.11","4884366630519.8","5724419506410","9948567393843.03","15560502512115.7","13674885353458.6","16836795169803.3","33066536621415.4","22613797326567.6","","",
"Uzbekistan","UZB","Central government debt, total (current LCU)","GC.DOD.TOTL.CN","","","","","","","","","","","","","","","","","","","","","","","","","","","","","","","","","","","","","","","","","","","","","","","","","","","","","","","","","","","","","","","","","","",
"Uzbekistan","UZB","Account ownership at a financial institution or with a mobile-money-service provider (% of population ages 15+)","FX.OWN.TOTL.ZS","","","","","","","","","","","","","","","","","","","","","","","","","","","","","","","","","","","","","","","","","","","","","","","","","","","","22.5039189572923","","","40.7100128887211","","","37.0897362684589","","","","44.1347902834696","","","59.6583830145186","",
"Uzbekistan","UZB","Account ownership at a financial institution or with a mobile-money-service provider, older adults (% of population ages 25+)","FX.OWN.TOTL.OL.ZS","","","","","","","","","","","","","","","","","","","","","","","","","","","","","","","","","","","","","","","","","","","","","","","","","","","","26.0058518837966","","","47.9179658346985","","","43.6261906747153","","","","49.7869659492366","","","66.760624024743","",
"Uzbekistan","UZB","Account ownership at a financial institution or with a mobile-money-service provider, poorest 40% (% of population ages 15+)","FX.OWN.TOTL.40.ZS","","","","","","","","","","","","","","","","","","","","","","","","","","","","","","","","","","","","","","","","","","","","","","","","","","","","19.2842201998109","","","34.8606071252996","","","30.9178405980364","","","","41.4951362821386","","","61.6991328968796","",
"Uzbekistan","UZB","Claims on central government, etc. (% GDP)","FS.AST.CGOV.GD.ZS","","","","","","","","","","","","","","","","","","","","","","","","","","","","","","","","","","","","","","","","","","","","","","","","","","","","","","-27.0697984429345","-25.9657825020182","-24.6759748682076","-25.0764153251262","-44.8166524473344","-37.7398286699944","-27.8619662439803","-30.3005484757182","-24.8687476415724","-21.8125290282561","-17.4610265090904","-13.7697962806087","-12.0992296156474",
"Uzbekistan","UZB","Lending interest rate (%)","FR.INR.LEND","","","","","","","","","","","","","","","","","","","","","","","","","","","","","","","","","","","","","","","","","","","","","","","","","","","","","","16.2015669481166","15.9901521817941","13.773762892753","13.5239667915277","15.3767768819838","19.9656221631193","23.6060674782463","22.3410510306587","21.4230858508675","21.7461154561416","22.150086026479","23.1339383845928","",
"Uzbekistan","UZB","Consumer price index (2010 = 100)","FP.CPI.TOTL","","","","","","","","","","","","","","","","","","","","","","","","","","","","","","","","","","","","","","","","","","","","","","","","","","","100","113.77974464766","128.808686595277","144.061481383188","157.434843486255","171.213355163693","185.134519079165","210.823308306966","247.768363601715","283.758541881172","320.271824153995","355.018882210762","395.656628724737","435.050539874052","476.938313750946","518.891660593249",
"Uzbekistan","UZB","Broad money (current LCU)","FM.LBL.BMNY.CN","","","","","","","","","","","","","","","","","","","","","","","","","","","","","","","","","","","","","","","","","","","","","","","","","","","","","","29397129651000","34024095514000","42288951682000","52225471818000","73223219265000","83565547283000","95166908668000","112012067612742","145254579772677","189085083109865","212086135325272","277064562066842","378579729111498",
"Uzbekistan","UZB","Net domestic credit (current LCU)","FM.AST.DOMS.CN","","","","","","","","","","","","","","","","","","","","","","","","","","","","","","","","","","","","","","","","","","","","","","","","","","","","","","-19257765776306.5","-20366855786246.2","-19398449642857.1","-18120906025796.3","-54237641050688.6","-18184032727104","36646631608945.9","67562482932057.9","119055174532694","177065777887550","277658900414620","356967079231119","429228926552245",
"Uzbekistan","UZB","Total reserves in months of imports","FI.RES.TOTL.MO","","","","","","","","","","","","","","","","","","","","","","","","","","","","","","","","","","","","","","","","","","","","","","","","","","","","","","15.1056874610672","17.1694935734108","19.0907622598069","19.914018921891","18.8661574312442","12.9240353308614","12.2010067246417","17.1535876412365","14.0879268415418","11.0213280799862","8.8289303287966","10.2786124689433","",
"Uzbekistan","UZB","Domestic credit to private sector by banks (% of GDP)","FD.AST.PRVT.GD.ZS","","","","","","","","","","","","","","","","","","","","","","","","","","","","","","","","","","","","","","","","","","","","","","","","","","","","","","8.25654883409208","8.88087715154549","9.10833974051315","10.3447002844036","13.5626448855059","19.5520797822691","24.7978693544642","30.4841373867845","30.5429238565957","31.2555332746155","32.7949630932238","31.4511091127797","31.2090160739317",
"Uzbekistan","UZB","Bank capital to assets ratio (%)","FB.BNK.CAPA.ZS","","","","","","","","","","","","","","","","","","","","","","","","","","","","","","","","","","","","","","","","","","","","","","","","","","","12.3854799314985","10.8959316437067","10.0320057605493","9.76841031506304","10.0371981908106","9.03218770543869","8.53922465882502","10.578473273249","10.3284698283102","16.657609828218","13.1495847350433","13.1762825696462","12.1767268955231","13.0199902276696","13.3385802562713","",
"Uzbekistan","UZB","Marine protected areas (% of territorial waters)","ER.MRN.PTMR.ZS","","","","","","","","","","","","","","","","","","","","","","","","","","","","","","","","","","","","","","","","","","","","","","","","","","","","","","","","","","","","","","","","","","",
"Uzbekistan","UZB","Annual freshwater withdrawals, total (% of internal resources)","ER.H2O.FWTL.ZS","","","","","","","","","","","","","","","","","","","","","","","","","","","","","","","","","","","329.026927784578","328.635542350061","328.244156915545","327.852771481028","327.461386046512","327.070000611995","326.678615116279","328.886168910649","321.8788249694","314.871481028152","307.864137086903","300.856793145655","301.740786046512","302.624779008568","303.508771909425","304.392764871481","305.276757772338","306.160750734394","307.044743635251","307.928736597307","308.812729498164","337.447980416157","333.861689106487","360.489596083231","342.264381884945","324.039167686659","305.997552019584","260.097919216646","262.545899632803","","","",
"Uzbekistan","UZB","Annual freshwater withdrawals, domestic (% of total freshwater withdrawal)","ER.H2O.FWDM.ZS","","","","","","","","","","","","","","","","","","","","","","","","","","","","","","","","","","","4.447506675","4.632315179","4.814855323","4.995168615","5.173295557","5.349275674","5.523147544","5.694948828","6.078068478","6.476239492","6.890366611","7.321428571","7.029882252","6.733388487","6.431820263","6.125046184","5.812930276","5.495331788","5.17210498","4.843098903","4.508157158","4.365568775","4.464809384","4.091680815","4.205499841","4.32970209","4.483430799","5.034324943","5.168539326","","","",
"Uzbekistan","UZB","Capture fisheries production (metric tons)","ER.FSH.CAPT.MT","","","","","","","","","","","","","","","","","","","","","","","","","","","","","","","","","7728","4358","3095","3611","2200","3075","2799","2908","3306","3400","2600","2100","1900","2900","3400","3100","3800","4100","4078","8513","11052","13670","17116","22956","27267","31450","33600","40000","46100.002","40216.496","42319.785","50708.468","43613.228","",
"Uzbekistan","UZB","Population in the largest city (% of urban population)","EN.URB.LCTY.UR.ZS","34.2024398379119","33.6639299640856","33.4206178496836","33.2820332695549","33.2068496507346","33.067680364123","32.9620021281161","32.7468418050995","32.5039390690957","32.5332790452198","32.5419359568279","32.457716619832","32.0665821675789","31.5408522402308","31.0856799110791","30.5999151888945","30.1515624454301","29.7709364945358","29.0966194524076","28.7700964242861","28.3347779334513","27.9469508331704","27.6246162479416","27.2877373322081","27.0835685022478","26.9585501881003","26.6440614695452","26.2141289391584","25.7787129584456","25.5729603744543","25.1724705350227","24.5415883939074","23.6961867392394","22.8539845838909","22.0346024364906","21.2405734709759","20.4789455463535","19.7835118116702","19.1595319023689","18.590730850139","18.0641947701895","17.5666672091476","17.1448324865712","16.7614400973242","16.4159845311283","16.1093270803782","15.8416108918221","15.6041090086376","15.3973729316473","15.3844676159468","15.4033228569693","15.3451357538763","15.293670612888","15.2942740223054","15.2902402257129","15.2729471931282","15.1887266773398","15.1025161423871","15.0471426069356","14.9322935295178","14.7639991467853","14.5944007792981","14.4483273842992","14.3181477049404","14.2021781201791","14.0981884106462",
"Uzbekistan","UZB","Urban population living in areas where elevation is below 5 meters (% of total population)","EN.POP.EL5M.UR.ZS","","","","","","","","","","","","","","","","","","","","","","","","","","","","","","","0","","","","","","","","","","0","","","","","","","","","","","","","","","0","","","","","","","","","","",
"Uzbekistan","UZB","Plant species (higher), threatened","EN.HPT.THRD.NO","","","","","","","","","","","","","","","","","","","","","","","","","","","","","","","","","","","","","","","","","","","","","","","","","","","","","","","","","","","16","","","","16","","","",
"Uzbekistan","UZB","Nitrous oxide (N2O) emissions from Transport (Energy) (Mt CO2e)","EN.GHG.N2O.TR.MT.CE.AR5","","","","","","","","","","","0.0206","0.0203","0.0225","0.0246","0.0256","0.0296","0.0318","0.0313","0.0319","0.0329","0.0353","0.0349","0.0347","0.0338","0.0339","0.0338","0.0359","0.0367","0.037","0.0378","0.0501","0.0448","0.035","0.0306","0.0277","0.0336","0.1074","0.1028","0.154","0.1647","0.1604","0.1777","0.1763","0.1687","0.1723","0.1729","0.1995","0.2173","0.1981","0.1579","0.168","0.1635","0.1373","0.1229","0.1099","0.1062","0.1073","0.1087","0.2787","0.3041","0.306","0.3335","0.3793","0.3731","0.4165","",
"Uzbekistan","UZB","Nitrous oxide (N2O) emissions from Industrial Combustion (Energy) (Mt CO2e)","EN.GHG.N2O.IC.MT.CE.AR5","","","","","","","","","","","0.0011","0.0011","0.0011","0.0012","0.0013","0.0013","0.0014","0.0014","0.0015","0.0015","0.0016","0.0015","0.0015","0.0015","0.0014","0.0013","0.0014","0.0013","0.0013","0.0013","0.0009","0.0009","0.0007","0.0006","0.0005","0.0083","0.0076","0.0062","0.0097","0.0098","0.0101","0.0098","0.0104","0.0096","0.0096","0.0092","0.0096","0.0093","0.0097","0.0089","0.0097","0.0098","0.0084","0.0076","0.0068","0.0058","0.0061","0.0068","0.0079","0.0115","0.0102","0.0103","0.0118","0.0134","0.0147","",
"Uzbekistan","UZB","F-gases emissions from Industrial Processes (Mt CO2e)","EN.GHG.FGAS.IP.MT.CE.AR5","","","","","","","","","","","","","","","","","","","","","","","","","","","","","","","0.0096","0.0244","0.0321","0.0438","0.0528","0.0639","0.0675","0.072","0.0785","0.086","0.0975","0.1062","0.1021","0.1115","0.1568","0.1454","0.1286","0.0622","0.0764","0.0625","0.0653","0.1216","0.1461","0.153","0.1633","0.1706","0.178","0.1935","0.2005","0.2105","0.2213","0.2305","0.2405","0.2506","0.2606","",
"Uzbekistan","UZB","Carbon intensity of GDP (kg CO2e per 2021 PPP $ of GDP)","EN.GHG.CO2.RT.GDP.PP.KD","","","","","","","","","","","","","","","","","","","","","","","","","","","","","","","1.47359441476923","1.48396943715702","1.55826598004465","1.5924679531526","1.60085433721453","1.49088221030096","1.51091419560659","1.43470538721785","1.57193444668812","1.51678721358813","1.54656374125479","1.49728687518989","1.48617453128223","1.34342941185836","1.28108064846183","1.13785619425141","1.13397142024835","1.01251531618352","0.970329738474405","0.814448147071195","0.825573296586132","0.779689471234201","0.645126422931838","0.589188481464349","0.509793938868129","0.448862828819453","0.445889314619904","0.441777766632055","0.398530769573077","0.380862473211754","0.40352605262481","0.404267856534511","0.365611407243503","0.353821464997251","0.371460693482609","",
"Uzbekistan","UZB","Carbon dioxide (CO2) emissions (total) excluding LULUCF (Mt CO2e)","EN.GHG.CO2.MT.CE.AR5","","","","","","","","","","","54.014","54.2808","57.3285","60.6509","64.2742","70.9879","71.811","74.546","78.5801","81.3675","87.651","90.8755","94.0475","97.4802","101.2431","105.1277","109.5092","113.6445","116.4057","117.8553","127.8534","128.1201","119.4667","119.2808","113.6737","104.912","108.1291","108.0143","123.4347","124.2258","131.5221","132.6334","136.8801","128.9701","132.1457","125.5292","134.4224","131.3948","137.2899","124.512","135.8014","138.6782","123.1859","121.417","113.1595","107.5503","114.0078","118.2658","112.7949","115.1171","123.9451","134.3607","128.9082","132.6306","148.5388","",
"Uzbekistan","UZB","Carbon dioxide (CO2) net fluxes from LULUCF - Forest Land (Mt CO2e)","EN.GHG.CO2.LU.FL.MT.CE.AR5","","","","","","","","","","","","","","","","","","","","","","","","","","","","","","","","","","","","","","","","","-10.2239","-10.1361","-10.7026","-10.6413","-10.7719","-9.283","-9.4854","-9.6466","-8.6267","-8.8269","-9.0276","-9.2499","-9.4447","-9.6372","-8.5499","-7.4417","-6.3532","-5.1984","-4.1128","-4.0918","-4.2872","-4.4317","-5.0104","-5.0104","","",
"Uzbekistan","UZB","Carbon dioxide (CO2) emissions from Fugitive Emissions (Energy) (Mt CO2e)","EN.GHG.CO2.FE.MT.CE.AR5","","","","","","","","","","","1.6231","1.6231","1.6895","1.763","1.8372","1.8283","1.9435","2.0063","2.9388","3.015","3.0457","3.0562","3.0841","3.0842","3.1343","3.2385","3.2648","3.3152","3.3457","3.3584","3.7789","3.8024","3.54","3.3031","4.9149","6.5227","11.1323","9.7891","10.6052","10.473","11.4339","12.2839","13.6129","12.7243","12.3927","12.189","12.728","11.5815","12.5648","10.2267","11.4871","11.4083","10.5625","9.3261","8.0836","7.2211","7.3673","7.6656","12.2929","10.0417","9.2131","8.9377","8.9117","8.5254","9.3171","",
"Uzbekistan","UZB","Methane (CH4) emissions from Waste (Mt CO2e)","EN.GHG.CH4.WA.MT.CE.AR5","","","","","","","","","","","1.6749","1.8377","1.9145","1.987","2.0651","2.146","2.2265","2.3086","2.3897","2.4794","2.5629","2.6375","2.7122","2.8016","2.8724","2.9516","3.0573","3.1301","3.2066","3.2734","3.3369","3.4121","3.4884","3.5472","3.612","3.6931","3.7753","3.8562","3.923","3.9887","4.06","4.1183","4.2","4.2871","4.3721","4.4535","4.5536","4.6512","4.7504","4.8538","5.0032","5.0868","5.1764","5.2392","5.3168","5.418","5.5187","5.6017","5.6925","5.8037","5.8691","6.0231","6.2361","6.3244","6.4489","",
"Uzbekistan","UZB","Methane (CH4) emissions from Industrial Processes (Mt CO2e)","EN.GHG.CH4.IP.MT.CE.AR5","","","","","","","","","","","0.0005","0.0005","0.0005","0.0005","0.0005","0.0005","0.0006","0.0006","0.0006","0.0005","0.0006","0.0006","0.0006","0.0006","0.0006","0.0006","0.0006","0.0006","0.0006","0.0006","0.0005","0.0005","0.0004","0.0003","0.0002","0.0003","0.0004","0.0005","0.0005","0.0006","0.0006","0.0007","0.0008","0.0009","0.001","0.0011","0.001","0.0011","0.0012","0.0012","0.0013","0.0013","0.0014","0.0013","0.0013","0.0013","0.0013","0.0013","0.0013","0.0013","0.0008","0.0009","0.0009","0.0009","0.001","",
"Uzbekistan","UZB","Methane (CH4) emissions from Agriculture (Mt CO2e)","EN.GHG.CH4.AG.MT.CE.AR5","","","","","","","","","","","12.7323","13.3432","13.7657","14.0842","14.5289","14.9216","14.9855","15.0168","15.299","15.4884","15.6287","15.587","15.7663","16.0217","16.3861","16.5134","16.5837","16.8615","16.6248","16.8636","16.7561","16.0257","15.1351","15.1396","15.1707","14.8723","14.0702","13.681","13.859","14.0102","13.9446","14.0995","14.3564","14.7578","15.7805","16.7036","17.6398","18.7231","19.7987","21.282","22.6674","24.1017","25.6859","26.8284","27.9831","29.0035","31.5718","32.3765","33.2049","33.6687","34.2089","35.1314","35.9198","37.622","37.7862","",
"Uzbekistan","UZB","Fish species, threatened","EN.FSH.THRD.NO","","","","","","","","","","","","","","","","","","","","","","","","","","","","","","","","","","","","","","","","","","","","","","","","","","","","","","","","","","","7","","","","9","","","",
"Uzbekistan","UZB","PM2.5 air pollution, population exposed to levels exceeding WHO guideline value (% of total)","EN.ATM.PM25.MC.ZS","","","","","","","","","","","","","","","","","","","","","","","","","","","","","","","100","","","","","100","","","","","100","","","","","100","","","","","100","100","100","100","100","100","100","100","","","","","","","","",
"Uzbekistan","UZB","PM2.5 air pollution, mean annual exposure (micrograms per cubic meter)","EN.ATM.PM25.MC.M3","","","","","","","","","","","","","","","","","","","","","","","","","","","","","","","36.950946054028","38.0779536645586","38.0786816607584","38.0794096569583","38.0801376531581","40.3334248780191","38.0815936455579","38.0823216417577","38.0830496379576","38.0837776341574","36.9582260160268","36.5916696587327","36.3669698036249","33.7027587296375","33.1304897805167","34.3004465213979","33.0365255800493","31.7770562806276","32.5729419005618","32.5307630113187","32.6030065513413","33.5094666610887","29.8599622066362","30.9261607471004","32.3017805791929","32.031595288707","30.817417852674","32.4451966691614","32.6612147415155","32.5487636954353","32.3909036978102","34.2032324656807","32.8550742639477","32.7713715610547","","",
"Uzbekistan","UZB","Energy use (kg of oil equivalent) per $1,000 GDP (constant 2021 PPP)","EG.USE.COMM.GD.PP.KD","","","","","","","","","","","","","","","","","","","","","","","","","","","","","","","546.232117256605","556.455996970381","588.17889299292","625.53535813455","652.376441674118","558.073822027144","569.356255258548","551.190945653503","550.005685439781","550.762569887253","545.373528970384","529.133135747937","527.362171908325","489.551643440426","450.304786181161","398.05984165208","382.724017880026","341.855212602169","322.705065669992","272.719999453164","275.570169159163","260.459289190801","213.2882862225","195.315758387326","169.195638174688","149.802167407467","148.287984416763","149.284773317944","145.96261337368","140.590747326114","147.742709441844","150.962851629515","136.929151915658","132.592523776937","","",
"Uzbekistan","UZB","GDP per unit of energy use (constant 2021 PPP $ per kg of oil equivalent)","EG.GDP.PUSE.KO.PP.KD","","","","","","","","","","","","","","","","","","","","","","","","","","","","","","","1.83072354848411","1.79708729071928","1.70016301488064","1.59863065611857","1.53285731384447","1.79187763433806","1.75636956784798","1.81425331436528","1.81816302353385","1.81566441634679","1.83360567919002","1.88988353297226","1.89623005453989","2.0426854110269","2.22071812400788","2.51218509219536","2.61284882391017","2.92521501248466","3.09880477991204","3.66676445440422","3.62883980893601","3.83937160815732","4.68849001373105","5.11991458475625","5.910317847364","6.67547083801506","6.74363471816774","6.69860681551371","6.85106944091149","7.11284361893606","6.76852349451214","6.62414620024632","7.30304676549777","7.54190335559429","","",
"Uzbekistan","UZB","Electricity production from renewable sources, excluding hydroelectric (kWh)","EG.ELC.RNWX.KH","","","","","","","","","","","","","","","","","","","","","","","","","","","","","","","0","0","0","0","0","0","0","0","-35000000","-1367000000","2351000000","1603000000","162000000","-549000000","2910000000","-297000000","4460000000","1734000000","6872000000","2847000000","-92000000","2397000000","1447000000","2398000000","2027050000","1277180000","1244640000","177290000","7130000","6600000","16800000","78200000","","","","",
"Uzbekistan","UZB","Electricity production from natural gas sources (% of total)","EG.ELC.NGAS.ZS","","","","","","","","","","","","","","","","","","","","","","","","","","","","","","","76.3941411451398","72.5819255977107","75.8971538567304","74.8031496062992","73.4686192468619","72.2799401513076","70.4506924414893","71.4661050071655","71.4096005224774","69.6766657115779","78.3449276599377","76.9240392835547","74.3101807802093","70.5797874522999","75.7862331234029","70.563306409315","80.5399712393413","82.222358246108","84.0375960810865","80.9033391214099","78.6936026936027","84.0864328459965","82.5482989350674","84.8646671543526","84.3121783261302","84.0921758517383","84.3111875606724","83.0088786583361","86.1994403459679","82.7328390864302","83.9714285714286","84.157056177571","82.1796442661137","75.8583575503175","","",
"Uzbekistan","UZB","Electricity production from coal sources (% of total)","EG.ELC.COAL.ZS","","","","","","","","","","","","","","","","","","","","","","","","","","","","","","","7.38393253439858","7.38484261054186","4.89088802027067","6.48232924372825","8.30962343096234","3.45394390238763","4.02254563068319","4.08433577973683","4.08185479481877","4.08190253686275","4.08219879646622","4.08265393356826","4.08324392169565","4.08272126707973","4.08257711422765","4.08266023287528","4.0832033702631","4.08275693211728","4.08220160101955","4.08159192064347","4.08080808080808","4.08113021740777","4.18433700876449","4.19166057059254","4.43125369868909","3.76227966278827","3.74678542841085","3.69286418941138","3.73155685576189","6.00651650375407","7.82406015037594","6.94337401734793","7.59266988918661","11.1277042298999","","",
"Uzbekistan","UZB","Energy intensity level of primary energy (MJ/$2021 PPP GDP)","EG.EGY.PRIM.PP.KD","","","","","","","","","","","","","","","","","","","","","","","","","","","","","","","","","","","","","","","","","26.39","25.59","25.5","23.68","21.79","19.25","18.49","16.49","15.57","13.15","13.35","12.79","10.42","9.6","8.38","7.47","7.45","7.51","8.59","7.93","7.47","7.55","","","","",
"Uzbekistan","UZB","Multilateral debt service (% of public and publicly guaranteed debt service)","DT.TDS.MLAT.PG.ZS","","","","","","","","","","","","","","","","","","","","","","","","","","","","","","","","","","","0.160535140559193","1.88977424144086","6.81837502625739","17.4799372958655","5.24575896774788","5.04222999300202","8.64261406538802","10.9565966782333","11.1558099974471","10.9380104007793","12.9948315598423","15.8402763351874","17.4032455565706","17.1803794496631","19.4596569051841","22.2896198013078","25.6648442490101","31.4554244763977","32.3004135866885","36.4898761854347","39.9010075814499","44.4957471692424","42.8784446956059","45.7920065935992","47.3519195068963","49.1645230301303","42.6900442603282","34.860689316952","32.6823545800657","36.3434411330424","34.0706789052155","",
"Uzbekistan","UZB","Debt service on external debt, public and publicly guaranteed (PPG) (TDS, current US$)","DT.TDS.DPPG.CD","","","","","","","","","","","","","","","","","","","","","","","","","","","","","","","","","4683683.6","29637471.5","132058314","227597218","280050170.7","474700627.9","330895874.3","471973710.7","631336764.4","644552337.5","634781338.3","718823598.8","677600164.3","627399563.6","718503877.3","636350260.6","580100301.1","468690441.7","433204867.8","363469090","368530066.9","355038027.1","391381123.6","377802913.3","451144829.7","478158273","549649879.9","752056247.7","966582597.3","1469807508.8","1805977902.4","3208508188.4","4416343938.1","",
"Uzbekistan","UZB","Total debt service (% of exports of goods, services and primary income)","DT.TDS.DECT.EX.ZS","","","","","","","","","","","","","","","","","","","","","","","","","","","","","","","","","","","","","","","","","","","","","","12.659671700707","11.6519322001223","8.31075074933815","6.94388762340456","6.45724078567928","4.67987513238309","3.9427672893666","4.81799987024689","4.55235291927451","6.19316425490547","9.12617589551014","10.8677385566558","12.8193393706197","5.95919749720275","13.5527068156173","19.9879009093944","26.0113593675524","29.926973896313","32.6082639196463","36.0356756918143","",
"Uzbekistan","UZB","Net ODA received (% of imports of goods, services and primary income)","DT.ODA.ODAT.MP.ZS","","","","","","","","","","","","","","","","","","","","","","","","","","","","","","","","","","","","","","","","","","","","","","3.2250830920429","2.45181437854057","1.90463403852452","1.53195829140876","1.41324915267338","1.09850203079097","0.901424585183929","1.47328861190957","1.65119931743488","1.91987260566982","2.95416511701855","3.22657831623798","3.57963612046655","4.20857515584114","4.00579432037988","5.99373970043214","3.85973564908241","4.06825651456288","2.55501922416334","","",
"Uzbekistan","UZB","Net official development assistance received (current US$)","DT.ODA.ODAT.CD","","","","","","","","","","","","","","","","","","","","","","","","","","","","","","","","","1509999.99046326","7980000.01907349","28250000","83720001.2207031","87690002.4414063","139879501.342773","158039505.004883","156254821.777344","185241821.289063","149628494.262695","183423492.431641","192100814.819336","243146667.480469","169065795.898438","149610794.067383","167675765.991211","179442047.119141","171206619.262695","141869995.117188","143781692.504883","255909729.003906","295161834.716797","324665252.685547","450995880.126953","511049285.888672","639136535.644531","1058084716.79688","1154019775.39063","1463485107.42188","1163037231.44531","1584610839.84375","1200078857.42188","","",
"Uzbekistan","UZB","Net official development assistance and official aid received (current US$)","DT.ODA.ALLD.CD","","","","","","","","","","","","","","","","","","","","","","","","","","","","","","","","","1509999.99046326","7980000.01907349","28250000","83720001.2207031","87690002.4414063","139879501.342773","158039505.004883","156254821.777344","185241821.289063","149628494.262695","183423492.431641","192100814.819336","243146667.480469","169065795.898438","149610794.067383","167675765.991211","179442047.119141","171206619.262695","141869995.117188","143781692.504883","255909729.003906","295161834.716797","324665252.685547","450995880.126953","511049285.888672","639136535.644531","1058084716.79688","1154019775.39063","1463485107.42188","1163037231.44531","1584610839.84375","1200078857.42188","","",
"Uzbekistan","UZB","Net official flows from UN agencies, UNWTO (current US$)","DT.NFL.UNWT.CD","","","","","","","","","","","","","","","","","","","","","","","","","","","","","","","","","","","","","","","","","","","","","","","","","","","","","","","","","","","","","","","","","","",
"Uzbekistan","UZB","Net official flows from UN agencies, UNPBF (current US$)","DT.NFL.UNPB.CD","","","","","","","","","","","","","","","","","","","","","","","","","","","","","","","","","","","","","","","","","","","","","","","","","","","","","","","","","","","","","1539559.9603653","1709810.01853943","-69522.999227047","449999.988079071","","",
"Uzbekistan","UZB","Net official flows from UN agencies, UNEP (current US$)","DT.NFL.UNEP.CD","","","","","","","","","","","","","","","","","","","","","","","","","","","","","","","","","","","","","","","","","","","","","","","","","","","","","","","","","","","","","","","","","","",
"Uzbekistan","UZB","Net official flows from UN agencies, UNCTAD (current US$)","DT.NFL.UNCTAD.CD","","","","","","","","","","","","","","","","","","","","","","","","","","","","","","","","","","","","","","","","","","","","","","","","","","","","","","","","","","","","","","","","","","",
"Uzbekistan","UZB","Net official flows from UN agencies, UNAIDS (current US$)","DT.NFL.UNAI.CD","","","","","","","","","","","","","","","","","","","","","","","","","","","","","","","","","","","","","","","","","","","","","","140000.000596046","180000.007152557","379999.995231628","259999.990463257","270000.010728836","379999.995231628","529999.971389771","471902.012825012","505572.974681854","464996.993541718","369289.994239807","162861.004471779","57199.9996900558","","","","","12715.9999683499","131531.998515129","","",
"Uzbekistan","UZB","Intentional homicides (per 100,000 people)","VC.IHR.PSRC.P5","","","","","","","","","","","","","","","","","","","","","","","","","","","","","","","5.49720214399679","5.0660905380026","5.32927706308707","5.18010883686091","5.42663138718187","5.0485241935468","4.93748260586543","4.4362211140555","4.41269166360506","4.14283235765341","4.30870073731431","4.30844092727932","4.1653576925131","3.74544085919713","3.69582797880085","3.45259657932287","3.22483462750267","3.01004490765404","3.02239249134413","","","","","","","1.64556342685201","2.41972336009243","1.85737044900045","1.46416093130273","1.20128497449438","1.33685174451114","1.39879762685076","","","","",
"Uzbekistan","UZB","Internally displaced persons, new displacement associated with conflict and violence (number of cases)","VC.IDP.NWCV","","","","","","","","","","","","","","","","","","","","","","","","","","","","","","","","","","","","","","","","","","","","","","","","","","","","","","","","","","","","","","","","","","",
"Uzbekistan","UZB","High-technology exports (% of manufactured exports)","TX.VAL.TECH.MF.ZS","","","","","","","","","","","","","","","","","","","","","","","","","","","","","","","","","","","","","","","","","","","","","","","","","","","","","","","","","","1.5432836613328","0.453823633941083","0.72493510820114","1.30490782664246","0.308087494427371","1.41210240735451","2.82239070122292","1.73386305963966","",
"Uzbekistan","UZB","Export value index (2015 = 100)","TX.VAL.MRCH.XD.WD","","","","","","","","","","","","","","","","","","","","","","","","","","","","","","","","","","","","","","","","","","","","","","45.4","55.4","79","97.2","101.3","124.3","141.9","121","130","124.5","100","95.6","108.6","117.8","161.2","141.7","151.7","165.4","208.1","213.8","",
"Uzbekistan","UZB","Merchandise exports to low- and middle-income economies in Sub-Saharan Africa (% of total merchandise exports)","TX.VAL.MRCH.R6.ZS","","","","","","","","","","","","","","","","","","","","","","","","","","","","","","","","","","","7.67304123967079E-07","","","","","2.48595466292904E-05","0.000427936753137557","0.000427913198262398","0.000427953943545552","0.00042795272857522","0.000432194624274061","0.000432166653495498","0.000432174432246541","0.000432189128485389","0.000432180468967856","0.000432207822804665","0.000432185666418762","0.000432189160116438","0.000432202782761801","0.000432197570923191","0.000432183088875264","0.000432192063959448","0.0173755478704708","0.018421558350901","0.0211400285735113","0.00155681131481102","0.000219510046913394","0.0318662955960432","0.00892621299175436","0.0287595723080485","","",
"Uzbekistan","UZB","Merchandise exports to low- and middle-income economies in Europe & Central Asia (% of total merchandise exports)","TX.VAL.MRCH.R2.ZS","","","","","","","","","","","","","","","","","","","","","","","","","","","","","","","","","","14.1809662921769","13.5138919849637","26.3754771475944","20.6992737493639","25.2379333959258","25.6466004227049","28.4038326606508","17.597002954163","17.5970031117383","17.5970030147231","17.5970030611286","16.7847279939443","16.7847278961294","16.7847279516296","16.7847280003067","16.7847279567633","16.7847281044261","16.7847280440017","16.7847280020093","16.7847279995775","16.7847279899313","16.784727953213","16.7847279021276","28.3865274575376","33.8372079061466","35.2972022885928","39.2357301629413","41.1589636831766","45.0054638226379","42.1148824935721","36.3653686750196","","",
"Uzbekistan","UZB","Merchandise exports (current US$)","TX.VAL.MRCH.CD.WT","","","","","","","","","","","","","","","","","","","","","","","","","","","","","","","","","2735000000","2722000000","2550000000","3430000000","4210000000","4025000000","3530000000","3235000000","2817000000","2708000000","2513000000","3189000000","4280000000","4749000000","5617000000","8029000000","10298000000","10735000000","11695000000","13254000000","11210000000","12000000000","11500000000","9443000000","8974000000","10079000000","10921000000","14930000000","13097000000","14081000000","15276000000","19229000000","19698000000","23654000000",
"Uzbekistan","UZB","Insurance and financial services (% of commercial service exports)","TX.VAL.INSF.ZS.WT","","","","","","","","","","","","","","","","","","","","","","","","","","","","","","","","","","","","","","","","","","","","","","0.724288079605115","0.964124369997181","0.965768903181187","1.77496112457184","2.14254727564981","2.13303112936347","2.51122237785268","2.4744530232092","2.49630304105917","1.99061141827684","2.03783587229719","1.61880394146939","1.56300097677565","1.30433046876269","1.19047734662955","2.24634645419777","2.41053166097915","2.96243210099409","2.68349019430181","2.07167623518649","2.43603109346956",
"Uzbekistan","UZB","Agricultural raw materials exports (% of merchandise exports)","TX.VAL.AGRI.ZS.UN","","","","","","","","","","","","","","","","","","","","","","","","","","","","","","","","","","","","","","","","","","","","","","","","","","","","","","","","","","6.00993138259418","3.25939516802847","3.27380552148194","2.84882747574895","2.61168664717448","1.53356062232117","1.39424682979597","1.18941294740687","",
"Uzbekistan","UZB","Net barter terms of trade index (2015 = 100)","TT.PRI.MRCH.XD.WD","","","","","","","","","","","","","","","","","","","","","","","","","","","","","","","","","","","","","","","","","","","","","","92.4","98.6","101.6","108.7","93.3","110.9","128.2","111.4","112","107.8","100","100.3","104.2","105.7","101","105.5","121.1","127.2","123.3","135.1","",
"Uzbekistan","UZB","Computer, communications and other services (% of commercial service imports)","TM.VAL.OTHR.ZS.WT","","","","","","","","","","","","","","","","","","","","","","","","","","","","","","","","","","","","","","","","","","","","","","8.92670215555196","10.0616393297086","5.6310419596208","4.75045351800341","4.93128112709216","5.17585863093548","5.06767757635578","7.30663576942158","7.88706341476487","3.41149030445604","3.86141305075594","3.81819515856053","6.85294513920314","6.23027977983921","5.95615938291297","17.1462545592247","12.057598291855","9.39266059485718","7.48437857316229","10.4766723629101","10.4922630177077",
"Uzbekistan","UZB","Merchandise imports by the reporting economy, residual (% of total merchandise imports)","TM.VAL.MRCH.RS.ZS","","","","","","","","","","","","","","","","","","","","","","","","","","","","","","","","","-1.33063099285591E-13","-1.95958924388719E-14","8.28930796316466E-14","2.25416771658541E-13","-8.8886112201608E-14","-3.67779246659913E-14","7.32110325460575E-14","1.87374533058034E-13","0","0","-1.12392784746837E-14","0","0","0","0","0","0","0","0","0","0","0","0","0","0","2.95808407143502E-06","0","0","0","0","9.22890786468362E-08","9.53545405565389E-05","","",
"Uzbekistan","UZB","Merchandise imports from low- and middle-income economies in Latin America & the Caribbean (% of total merchandise imports)","TM.VAL.MRCH.R3.ZS","","","","","","","","","","","","","","","","","","","","","","","","","","","","","","","","","","","0.000463975280697224","0.205998900640144","0.0482833069123194","0.283561011833358","0.910864462279989","0.403371327054473","2.84672772162273","2.84672766752429","2.84672781161455","2.84672765692099","2.8595970243282","2.85959709956018","2.85959702922584","2.85959698027358","2.85959697818523","2.85959701191996","2.85959697084266","2.85955852087663","2.85937107852057","2.85937107251056","2.85937106679928","2.85937109351215","3.73827350595389","3.76981025132329","0.361043071152389","1.3818376330702","0.934359407887555","1.88632321106344","2.30195587899357","2.89670453292913","","",
"Uzbekistan","UZB","Merchandise imports from high-income economies (% of total merchandise imports)","TM.VAL.MRCH.HI.ZS","","","","","","","","","","","","","","","","","","","","","","","","","","","","","","","","","85.4246715596554","60.6245915713748","80.2107567788499","68.8064250042385","71.1706681895037","71.6531070858347","72.2516966115121","74.7596966280855","58.779905494513","58.7799054870117","58.7799053160571","58.7799055135819","59.0456323206938","59.0456320711685","59.045632093067","59.0456323027157","59.0456321579716","59.0456323454138","59.0456322242524","59.0448383668727","59.0409676228073","59.0409676044202","59.0409676305322","59.0409675867649","54.9377038302223","52.9749615239699","52.9599325878253","50.6110564723723","51.0679685066173","45.6286949880946","45.5013935167423","41.5938323996046","","",
"Uzbekistan","UZB","Manufactures imports (% of merchandise imports)","TM.VAL.MANF.ZS.UN","","","","","","","","","","","","","","","","","","","","","","","","","","","","","","","","","","","","","","","","","","","","","","","","","","","","","","","","","","77.2618445535802","79.9246776241605","80.8738246269393","77.7759068336195","74.7200405213444","73.4904742918893","77.0534702527812","71.9334737904679","",
"Uzbekistan","UZB","Food imports (% of merchandise imports)","TM.VAL.FOOD.ZS.UN","","","","","","","","","","","","","","","","","","","","","","","","","","","","","","","","","","","","","","","","","","","","","","","","","","","","","","","","","","10.7797032514125","9.43829651977165","9.26005463278496","11.224393741988","12.8737345161124","14.3081736536072","11.4447498383301","12.4465276916948","",
"Uzbekistan","UZB","Tariff rate, applied, weighted mean, primary products (%)","TM.TAX.TCOM.WM.AR.ZS","","","","","","","","","","","","","","","","","","","","","","","","","","","","","","","","","","","","","","","","","","4.23","","","","","5.09","2.69","3.94","2.33","","","2.59","","3.14","12.71","","","","","1.15","1.31","","","","",
"Uzbekistan","UZB","Binding coverage, primary products (%)","TM.TAX.TCOM.BC.ZS","","","","","","","","","","","","","","","","","","","","","","","","","","","","","","","","","","","","","","","","","","","","","","","","","","","","","","","","","","","","","","","","","","",
"Uzbekistan","UZB","Tariff rate, applied, simple mean, all products (%)","TM.TAX.MRCH.SM.AR.ZS","","","","","","","","","","","","","","","","","","","","","","","","","","","","","","","","","","","","","","","","","","10.67","","","","","11.99","12.22","12.77","12.02","","","12.25","","12.34","13.66","","","","","6.21","6.66","","","","",
"Uzbekistan","UZB","Tariff rate, applied, weighted mean, manufactured products (%)","TM.TAX.MANF.WM.AR.ZS","","","","","","","","","","","","","","","","","","","","","","","","","","","","","","","","","","","","","","","","","","6.19","","","","","8.11","8.14","9.23","8.28","","","8.73","","7.99","8.43","","","","","3","2.93","","","","",
"Uzbekistan","UZB","Binding coverage, manufactured products (%)","TM.TAX.MANF.BC.ZS","","","","","","","","","","","","","","","","","","","","","","","","","","","","","","","","","","","","","","","","","","","","","","","","","","","","","","","","","","","","","","","","","","",
"Uzbekistan","UZB","International tourism, expenditures (current US$)","ST.INT.XPND.CD","","","","","","","","","","","","","","","","","","","","","","","","","","","","","","","","","","","","","","","","","","","","","","","","","","","","","","","1509000000","1902000000","1832000000","2107000000","2722000000","2753000000","1062000000","","","","","",
"Uzbekistan","UZB","International tourism, receipts for passenger transport items (current US$)","ST.INT.TRNR.CD","","","","","","","","","","","","","","","","","","","","","","","","","","","","","","","","","","","","","","","","","36000000","50000000","46000000","24000000","29000000","","","","","","","","","","159000000","167000000","121000000","146000000","170000000","198000000","50000000","","","","","",
"Uzbekistan","UZB","International tourism, number of arrivals","ST.INT.ARVL","","","","","","","","","","","","","","","","","","","","","","","","","","","","","","","","","","","","92000","173000","960000","811000","487000","302000","345000","332000","231000","262000","242000","560000","903000","1069000","1215000","975000","1393000","1895000","1969000","1862000","1918000","2027000","2690000","5346000","6749000","","","","","","",
"Uzbekistan","UZB","Urban population growth (annual %)","SP.URB.GROW","","5.38080842466604","4.52437457351206","4.21460040358835","4.03037203519803","4.21380736070948","4.11906913377845","4.4539171466293","4.5487477862946","3.70355982103459","3.30700112220544","3.04078277015227","3.99792957909249","4.43090842698649","4.23530711974447","4.35672352063864","4.26154196320423","4.04826431252693","5.07272924773365","3.31615020586946","3.00995941287179","2.85941877636614","2.64335560574615","2.71025727076838","2.23630632045045","1.94389268437238","2.65667886076259","3.11002385154412","3.16026138636396","2.15910028228199","2.79654406047675","3.16864989145236","3.53861520996656","3.65191998300486","3.68423337234803","3.70316580315626","3.68475168591456","3.59437019780603","3.45264504772385","3.26151403654953","3.05905419336131","2.9153362677705","2.79670582532881","2.62761293901122","2.44909817089643","2.25128950418496","2.04187425149311","1.87661215219405","1.70030411874163","1.24833928737432","1.04357118908823","1.54456497984643","1.5036175807704","1.16053028853496","1.19246201687132","1.27921460824022","1.72065539789091","1.73689721012727","1.53500705122047","1.83052681601385","2.21367285811154","2.25278286044501","2.12332551488887","2.04417407723884","1.97493793290612","1.92067155651797",
"Uzbekistan","UZB","Completeness of death registration with cause-of-death information (%)","SP.REG.DTHS.ZS","","","","","","","","","","","","","","","","","","","","","","","","","","","","","","","","","83","","","","","78.8","","","","","78.4","","","80.8","","","","","","","","","","","93","","","","","","","","","",
"Uzbekistan","UZB","Completeness of birth registration, male (%)","SP.REG.BRTH.MA.ZS","","","","","","","","","","","","","","","","","","","","","","","","","","","","","","","","","","","","","","","","","","","","","","","99.9","","","","","","","","","","","","","","","","","","","",
"Uzbekistan","UZB","Population, female (% of total population)","SP.POP.TOTL.FE.ZS","51.4272255369005","51.3453260687847","51.2628908127604","51.1839227962475","51.1091213065692","51.0376517850151","50.9705719362281","50.907790280303","50.848569477133","50.7924432466079","50.739064718226","50.6876681768004","50.637018249183","50.5867408492276","50.5368835363135","50.4877589620047","50.4399040448341","50.393522801517","50.3488882450056","50.3057161054647","50.2633013180527","50.2217582103983","50.1810330919478","50.1407347827115","50.1005906778511","50.0595988697054","50.0175231920684","49.9754491147973","49.935081755571","49.8977658661885","49.8634446123412","49.8337683079305","49.8099775327924","49.7912288796298","49.7750129310972","49.7618750384257","49.7549180088833","49.752036715747","49.7495269200916","49.7468704863963","49.7457685069888","49.7463081522958","49.7468580683922","49.7461170610121","49.744367425834","49.7421858821881","49.739612399605","49.7364677983549","49.7312361978316","49.7231805388025","49.7129168667981","49.701712467972","49.6907548935131","49.6793692249024","49.6666660380062","49.6520673968155","49.6369999419522","49.6243743317316","49.6139124944515","49.6053460336255","49.5972741563155","49.5844957857353","49.5728779073994","49.5622709632788","49.552326243826","49.5481767570871",
"Uzbekistan","UZB","Researchers in R&D (per million people)","SP.POP.SCIE.RD.P6","","","","","","","","","","","","","","","","","","","","","","","","","","","","","","","","","","","","","","","","","665.80742","618.85551","635.0763","592.78249","583.10334","638.4791","571.67593","563.73574","587.88058","580.2566","551.74753","582.25635","520.30903","514.76473","508.96456","504.73687","512.96908","501.98291","481.96007","422.11189","426.4918","523.87885","543.83922","542.07268","639.53651","",
"Uzbekistan","UZB","Age dependency ratio (% of working-age population)","SP.POP.DPND","83.5331214908891","88.1724166726683","92.5960825053068","96.5693978091704","99.7914625922437","101.676702380297","102.419521899105","102.682054699837","102.381712376187","101.676958193304","100.859026195637","99.9325497594093","98.7204837228344","97.1640049393006","95.2815931913323","93.080231573812","90.6638767067631","88.1670961171072","85.8046168146196","83.733792744685","81.8994292270279","80.309873754096","79.0076036233993","78.0491380015688","77.4709206143801","77.1600128444768","77.0134418863655","76.9161524232238","76.7338817960995","76.5311041209389","76.6016505407828","76.9292635236091","77.2832853868679","77.5811998724592","77.6190343652758","77.3436588329064","76.7869581513787","75.8326662845938","74.4279490840898","72.6291482627593","70.5343533403284","68.206878584831","65.8327687506574","63.6048706178502","61.5072809151456","59.3766906615768","57.1652563080568","55.1243231431766","53.4488462806641","52.0994530058547","50.9135971391737","49.8601391184231","49.0804585754969","48.7263222498675","48.8305476003008","49.3359508232811","50.0611692979578","50.8221131406473","51.7097466682868","52.7698563917884","53.9511270861508","55.2497682839009","56.5268870521244","57.6444238962333","58.6494292141216","59.6418459559503",
"Uzbekistan","UZB","Population ages 75-79, male (% of male population)","SP.POP.7579.MA.5Y","1.00012740156975","0.990971980673531","0.979106508537057","0.963608834962035","0.940913370998117","0.912834960377843","0.879364150855691","0.840320155816349","0.804846506545689","0.784679030544474","0.780678191041845","0.790167481851724","0.811007633816056","0.832642178996894","0.842615114390439","0.837740464500424","0.820888159447554","0.794114589723784","0.761994659947513","0.728699662768604","0.695560637680704","0.661116064644297","0.62477710046802","0.588939747134301","0.556841856001911","0.528642493751552","0.506025991161974","0.490591949624499","0.478063674560957","0.461803683978893","0.440513006115196","0.414494562822559","0.385329375635005","0.359224837764351","0.344042399588378","0.344265076595972","0.355797410123153","0.374451554139173","0.403136037551711","0.446977045170186","0.502607304241048","0.571343347456017","0.654020053998314","0.735517336613908","0.794658630511716","0.826339063653258","0.832633891999601","0.813454977082681","0.78159166621537","0.756303514072679","0.743629627154309","0.740872257002181","0.748622290240919","0.760095196090052","0.762721309855704","0.753578726261308","0.737548416153064","0.715916252240962","0.691756578929219","0.670497228057455","0.646603889695142","0.624696914967981","0.61598438864095","0.621533588689357","0.637730792982358","0.677873196616446",
"Uzbekistan","UZB","Population ages 65 and above (% of total population)","SP.POP.65UP.TO.ZS","5.68847362119324","5.68509544406942","5.69853206914373","5.72492271316575","5.75041712829702","5.76412908256171","5.77392870686755","5.78104038021687","5.77207263676045","5.73092522680137","5.65610391376934","5.54784227780672","5.40128959186991","5.23166971487206","5.06242689412655","4.9001064159845","4.74325683531662","4.59744747341065","4.46234441637223","4.32415456597238","4.17587164967028","4.01828621176789","3.85572300983263","3.70037071217943","3.56898553563338","3.47336639247419","3.40907490972988","3.37308842492394","3.37255003120274","3.41415503877599","3.49213064518683","3.60257712311888","3.74406847390287","3.90038773501219","4.04609458159982","4.17218853545608","4.28018076924609","4.36946735042275","4.44911397916273","4.53352923128785","4.62465397007942","4.72033744538349","4.81945270861341","4.91084470037037","4.97370276245853","4.99995361758991","4.99799365471651","4.97107993172406","4.92288270994912","4.86205314490647","4.79886275765416","4.74186666776763","4.69778913558698","4.67240937603925","4.67172948966819","4.72878830124081","4.83118545859416","4.94336473656492","5.06720768957552","5.19811024525901","5.30865465314325","5.41000605498317","5.54495683192361","5.69504099692623","5.86451589287555","6.06931428854572",
"Uzbekistan","UZB","Population ages 65 and above, female (% of female population)","SP.POP.65UP.FE.ZS","5.78392630297104","5.84688757482228","5.9282926544474","6.02832738614768","6.13684951168019","6.2402531067127","6.34670047978721","6.45594748443384","6.5432196149789","6.57743517131613","6.55387820806844","6.47371312382998","6.32983407606371","6.14727733840861","5.96427417141012","5.79227840410185","5.6279657643749","5.47809306080852","5.34183151937102","5.20101093370924","5.04710457285865","4.88079988819179","4.7066693087457","4.5403415771639","4.40247162467442","4.30419779796716","4.24181130077337","4.21508104187064","4.22565814695614","4.27013268636724","4.34226163716956","4.43702396031324","4.55294166072486","4.68287910954188","4.81112959666065","4.9331510733481","5.04863729422394","5.15512094957547","5.25871421976473","5.37046585230282","5.49036067890295","5.61858021833051","5.75230070501877","5.87500181288969","5.96042186923361","5.99788620380914","5.9980682982655","5.9653180263837","5.90270984929891","5.82082297614384","5.73465657416148","5.65673867424395","5.59793824961734","5.56354122592358","5.5656335161867","5.63484211032373","5.74932088740599","5.87553517818923","6.01508035656501","6.16243810065689","6.29575731358369","6.4181832471724","6.57232293351954","6.73881286306756","6.92007618763461","7.14192904167493",
"Uzbekistan","UZB","Population ages 60-64, male (% of male population)","SP.POP.6064.MA.5Y","3.4188010609441","3.32391911761424","3.18235105598301","3.01587727371738","2.84580979284369","2.6817827006304","2.52053532942903","2.3596900872129","2.20732739046144","2.07392824169968","1.95835278463547","1.86461442740254","1.79646255867728","1.73856235849803","1.66916707940568","1.58580232313335","1.4897741400843","1.38347825855809","1.28638253991514","1.22528244898315","1.21558029054784","1.2459976920447","1.3027513651358","1.39089419676685","1.52112419116296","1.68066238483274","1.8762343539737","2.11477523137655","2.35225494868135","2.52334520429833","2.61115440312966","2.61310487279654","2.52679310330757","2.39649742648982","2.28336532329509","2.20730400617404","2.16232591525158","2.15430158169941","2.16642331625648","2.16248255431389","2.13026181258622","2.07904912072075","2.01049999853106","1.93422202491923","1.86720812505597","1.81650328816673","1.78100256478797","1.7623314780903","1.76897825733768","1.80026619195578","1.89558213349738","2.04461456946571","2.19632688848257","2.34568158757137","2.48906464501399","2.59641722540034","2.67514339279888","2.75990066697093","2.84623003009796","2.94011764371264","3.04326194117919","3.14933875621433","3.25498868120846","3.34322848120927","3.40383941919716","3.44030710601919",
"Uzbekistan","UZB","Population ages 50-54, male (% of male population)","SP.POP.5054.MA.5Y","3.35310649166172","3.15504717423321","3.00374499202037","2.87608976986763","2.73550119842493","2.57695319447464","2.40281962657847","2.21617301699445","2.04807317708513","1.94163951938008","1.91903886262304","1.96112394407136","2.04714724885538","2.18505975761006","2.39102924763545","2.64398907905285","2.95459054723883","3.33217258844757","3.70616688792279","3.97481139759858","4.11157211223656","4.11860775496536","3.99079931695963","3.78893467027203","3.60599180702499","3.47459330194995","3.38741696609103","3.35388224473207","3.3487961396493","3.31598064344993","3.23606525598091","3.12150601989178","2.97842826900528","2.82690961611231","2.69649894944995","2.59792824279502","2.52791603193053","2.48949743531238","2.49283141472946","2.53340650972009","2.66104707694205","2.86168549202132","3.06773879858159","3.27510328126771","3.48060189671227","3.63783051429898","3.753561263646","3.87585880245049","3.99936445844556","4.13603795712766","4.29063733887675","4.45364874335695","4.61685055659457","4.75661208943811","4.85172779118237","4.9030561030582","4.90830483438942","4.87134360146457","4.80655491276679","4.73101871352791","4.66155859832982","4.61423140184517","4.59317409143956","4.59903880578888","4.62703513879852","4.66236715315537",
"Uzbekistan","UZB","Population ages 40-44, male (% of male population)","SP.POP.4044.MA.5Y","2.75367959809319","2.79425939150361","2.90917589088102","3.10488759844757","3.40393340181476","3.77075387493495","4.22176857411961","4.77121639985423","5.31246643015051","5.69506246556559","5.88329909041253","5.88297836003475","5.68896603819703","5.39254950740418","5.13094030416366","4.95065114643582","4.83981106498891","4.80905140374349","4.81805025826203","4.78323304383638","4.67654055476229","4.51874145651248","4.31349382709275","4.08453734838805","3.87500307745388","3.70519667490234","3.57432585063364","3.48829541011539","3.46404871871956","3.49407509130519","3.63508874658049","3.8638582269699","4.09313524563559","4.31637293241119","4.53281877579565","4.68450735065196","4.78487920879704","4.90519097062766","5.04215645952693","5.20690290021663","5.39931059529834","5.60439448883014","5.81083746350903","5.99223483214857","6.12314322955258","6.20099107390296","6.21901278653031","6.17783733810221","6.09905368050659","6.01070078563361","5.93579988795203","5.89684197841798","5.89742819020623","5.92921052724826","5.97806089116195","6.02534527869281","6.06606867913861","6.10016108505591","6.11985481617988","6.13593210753563","6.16779240978832","6.2124496036059","6.27444365320854","6.37544687211486","6.52288097414525","6.70218654994411",
"Uzbekistan","UZB","Population ages 30-34, male (% of male population)","SP.POP.3034.MA.5Y","8.30239414634929","8.23188288295788","7.87926763055622","7.38860269372824","6.9679635336415","6.68046484398158","6.50669409567094","6.4593287720003","6.47853258551811","6.44142534994448","6.29805406440891","6.07651644177918","5.79151517239631","5.48056670107915","5.2035267604875","4.98807911708606","4.83406711086098","4.74755617499257","4.74019375021919","4.79458694609389","5.00067513288018","5.32877463509262","5.65085444058542","5.95323189730884","6.22945853589995","6.40257617999116","6.49446244839491","6.60189504769563","6.72544318973649","6.87944817746801","7.0492314474154","7.2204136016634","7.39290084771257","7.5346952288668","7.6198005971361","7.64598260639058","7.60878384471034","7.52019943051802","7.40886975140659","7.29895026898664","7.20800247644933","7.16247780417999","7.16740358598159","7.21617768971377","7.29425390891648","7.37509907379636","7.44589610451356","7.49858663428503","7.52686970063236","7.55279452432782","7.60299863187141","7.67819525108805","7.78265784755808","7.93149542595717","8.12570640071066","8.34788684327498","8.59320035285948","8.82500054042303","8.96817230049409","8.99506830646116","8.96204451116973","8.91321961625409","8.84137115717811","8.74885317236242","8.62864070260152","8.45924339727916",
"Uzbekistan","UZB","Population ages 20-24, male (% of male population)","SP.POP.2024.MA.5Y","8.18121218079386","7.80472626686834","7.36826774479922","6.91167341970499","6.52281287450779","6.23536401003893","6.04531633332385","5.95775476620955","5.99371595469771","6.12443498164345","6.44772482325562","6.91637862270673","7.37338838591238","7.81070775176675","8.22190655425472","8.50089466959605","8.67711114998069","8.87750886332949","9.08555883097383","9.31299699772935","9.56431596424743","9.8204550588283","10.0634269191307","10.2468991996113","10.3288923247464","10.3119844301836","10.1966026315266","10.0027852042558","9.7788205603868","9.55878775284082","9.34648555198526","9.18095068019157","9.08708797211114","9.05287714792255","9.06171100722068","9.07896052818262","9.09121978600592","9.10121617284604","9.10519581435096","9.1184926975985","9.16300701061225","9.24203450718875","9.36102778944771","9.54153329269376","9.78933951430886","10.0803129052268","10.4003281008936","10.6934030245953","10.8724381494671","10.9154861897261","10.8928368390534","10.863555890922","10.8162362485877","10.7382951925199","10.6091209904287","10.4019849808746","10.0896638562179","9.68402829864005","9.22844197750883","8.75738508729674","8.27956314363736","7.81278780769285","7.41804897799127","7.11695734462953","6.90215262865008","6.76131473459009",
"Uzbekistan","UZB","Population ages 15-64, male (% of male population)","SP.POP.1564.MA.ZS","52.3268843394379","51.1435985806408","50.0723577599382","49.1685042136043","48.4683273412087","48.1209323887253","48.0944417513425","48.1923919900276","48.422142154049","48.7278103846201","49.0330380187026","49.3393099803967","49.6931976932783","50.1245260726391","50.6481124919416","51.2718640800275","51.9703312157097","52.7108126533971","53.4307431187897","54.0754160970429","54.6557652550747","55.1646356902198","55.5848853237157","55.8991716173982","56.0977608070811","56.2147418577496","56.283697136152","56.3452681755698","56.4371423888188","56.5275653997921","56.518924389427","56.4151020006843","56.2929897994802","56.1891079909591","56.1769861068579","56.2758077752498","56.474555752887","56.8135821624576","57.3131072147927","57.9575682377191","58.7186461991384","59.584846860441","60.4938583528458","61.3691857741704","62.2076910366388","63.0683234943369","63.9746105590391","64.8236529599706","65.5248226403865","66.0891687524018","66.5869986940814","67.0311276573283","67.3582904664404","67.4961625856261","67.4340771827792","67.1985669754223","66.8658784259583","66.5211439225616","66.1239224398876","65.6563429320093","65.1506347525371","64.605741545535","64.0796109385877","63.6262058720912","63.2249214335681","62.8425109153913",
"Uzbekistan","UZB","Population ages 15-19, male (% of male population)","SP.POP.1519.MA.5Y","7.17117855480474","6.89047477543965","6.73547045752582","6.73012441299321","6.85407036466358","7.24447537695394","7.8372869072724","8.41815523425483","8.96524411187722","9.46694844776391","9.79442166856362","9.98702713852967","10.2014692316843","10.4294578192918","10.6946213933294","10.9961521224221","11.3023576373221","11.5913224782934","11.8142340319734","11.9269403832183","11.9305119000376","11.8252578910159","11.6263237565026","11.3743599950845","11.1078297749126","10.8576482891932","10.6606963423153","10.5291808885884","10.4623866962662","10.4383098636579","10.4123869740854","10.3685354414508","10.3125024343035","10.2454940077487","10.1926931706934","10.1774967382477","10.1984944970785","10.2687476334232","10.4165958933093","10.6469285002988","10.9331247896688","11.2613792612822","11.577124849311","11.7899593027749","11.8668912584531","11.8720359486802","11.8628280720168","11.820660460251","11.737777464734","11.6040635278436","11.3941453848025","11.0728150472905","10.6457162740676","10.1585328992721","9.64983428969585","9.13102958174286","8.63152580753037","8.21902177410417","7.90587267387559","7.68458410478047","7.54138854138869","7.46683644448502","7.48752625724376","7.61626182404458","7.79273300845543","7.95223131666915",
"Uzbekistan","UZB","Population ages 05-09, male (% of male population)","SP.POP.0509.MA.5Y","14.1286209131182","14.3372243735891","14.5369578410901","14.7419885977295","14.9947247902756","15.2932817718317","15.6015676793931","15.8935409101046","16.1002957604594","16.170376040896","16.1182075405759","15.9373645869681","15.6321203390525","15.2572099614234","14.8738181838218","14.5241690749165","14.2549014054238","14.0742439290687","13.9782099650349","13.938816154996","13.8957278183451","13.8265903963151","13.7285993587809","13.5915965593108","13.4410789094922","13.3127631898498","13.208146271279","13.1463541676292","13.1733010200505","13.2995204822852","13.4962167984587","13.7253618239567","13.9226904163188","14.0103257439561","13.9598402259846","13.8464800890339","13.7407141874585","13.6355951074992","13.5256048937014","13.389941374202","13.1834720770063","12.8490371758819","12.3883687201499","11.8639711435085","11.3213723389369","10.7663501111506","10.2238885440638","9.76515938518187","9.4113509790896","9.16551897251272","9.01781971905621","8.96322753597352","9.0312956763578","9.22544567926764","9.46786898353336","9.67777325952859","9.82076368220636","9.86920078124115","9.86994332607782","9.90987029454871","10.0175665842955","10.1499861099301","10.2546784144435","10.3356850274388","10.4120093032424","10.5275235989179",
"Uzbekistan","UZB","Population ages 0-14, male (% of male population)","SP.POP.0014.MA.ZS","42.0857041394475","43.3420453737931","44.4707780087098","45.4246945605754","46.1852208525937","46.6112434045412","46.7270782689003","46.7264348697177","46.6035588074606","46.4150388913339","46.2355711607013","46.0645414927296","45.8580225926631","45.5811559770188","45.2108856573142","44.7377795633626","44.1868265402968","43.5863575307836","42.9987594613838","42.4880744350458","42.0488204096338","41.6872766916685","41.4165223344569","41.2451704568369","41.1701001442411","41.1447061369667","41.1405482377838","41.122809555653","41.0412032332305","40.9107639463024","40.8344450889381","40.8112376384779","40.765689990107","40.6864882846353","40.535100248755","40.3057524486865","40.0062233545057","39.5948500105982","39.0393081548388","38.3374076689108","37.5136474450698","36.5839894429229","35.6101388346196","34.6743848563864","33.7952871272006","32.9194170599359","32.0171080754417","31.1890796024324","30.5216443899729","29.9969901059343","29.5392477205271","29.1310266507702","28.8330032875515","28.7112037390078","28.7762575144667","28.9661758181559","29.207836303564","29.4537603601747","29.7422162633221","30.0947708036399","30.5120389805385","30.9758115843878","31.3853945999847","31.7044080334046","31.9473888382024","32.141577807002",
"Uzbekistan","UZB","Population ages 00-04, male (% of male population)","SP.POP.0004.MA.5Y","19.2767101905205","19.6177029723851","19.880702967514","20.0167157316093","19.9697397705872","19.7524315093308","19.3739907268531","18.8691217959241","18.3131464717368","17.7809284144788","17.3248498330712","16.9875167183817","16.7577230386787","16.6109445251941","16.5126190999494","16.4069370961316","16.2732778785913","16.1109594696706","15.923154573069","15.7488080386421","15.618352853405","15.5244446944528","15.4773326797995","15.5114867567438","15.6286628547944","15.788624104628","15.9755027604829","16.1296960061755","16.1486578652931","16.0063302932406","15.8002883604171","15.5871997590027","15.3501937983777","15.1067187535737","14.8376444811001","14.4941403541701","14.0265691725598","13.4486687844558","12.8263916075936","12.2092871761661","11.5988913136742","11.0139051374703","10.5312223655257","10.1745655519267","9.93907713997045","9.80577874551795","9.76518221157798","9.84605225316286","10.0568083998856","10.3227976125304","10.5618350479251","10.7339893810506","10.8023619288667","10.8165912154015","10.8719948254828","11.0006739910102","11.1659880931822","11.3160840282487","11.4386483105568","11.5405180362496","11.668491750351","11.8868211851022","12.1760194752062","12.4399337033805","12.5850155083115","12.568180156868",
"Uzbekistan","UZB","Women who were first married by age 15 (% of women ages 20-24)","SP.M15.2024.FE.ZS","","","","","","","","","","","","","","","","","","","","","","","","","","","","","","","","","","","","","0.4","","","","","","","","","","","","","","","","","","","","","","","","","","0.2","","","",
"Uzbekistan","UZB","Survival to age 65, female (% of cohort)","SP.DYN.TO65.FE.ZS","58.6045","59.170453","59.757349","60.365834","61.001943","61.630697","62.26475","62.913047","63.559264","64.212899","64.888959","65.541674","66.159931","66.714323","67.254512","67.763236","68.250095","68.750417","69.219447","69.700932","70.155169","70.564962","70.977021","71.444448","72.097189","72.833528","73.508365","74.009839","74.181349","74.019021","73.683751","73.497476","72.712657","71.935522","71.089246","71.603722","72.207191","72.571029","72.248825","72.154148","72.389712","73.013606","73.876481","74.348054","74.623439","74.678529","75.344026","76.552161","77.378175","78.013748","78.10997","78.50261","78.874203","79.249732","79.570996","79.863582","80.199418","80.602417","81.31407","81.536681","80.86448","80.60358","80.977719","81.729905","81.805518","",
"Uzbekistan","UZB","Life expectancy at birth, female (years)","SP.DYN.LE00.FE.IN","58.759","59.129","59.507","59.895","60.295","60.693","61.091","61.497","61.901","62.304","62.707","63.097","63.466","63.803","64.127","64.429","64.718","65.01","65.293","65.582","65.864","66.118","66.373","66.661","67.028","67.432","67.813","68.153","68.366","68.458","68.468","68.504","68.259","67.968","67.637","67.821","68.072","68.267","68.259","68.366","68.616","69.001","69.49","69.858","70.185","70.424","70.879","71.516","72.008","72.435","72.663","72.99","73.314","73.634","73.937","74.212","74.493","74.794","75.174","75.374","74.462","74.485","75.346","75.401","75.547","",
"Uzbekistan","UZB","Contraceptive prevalence, any method (% of married women ages 15-49)","SP.DYN.CONU.ZS","","","","","","","","","","","","","","","","","","","","","","","","","","","","","","","","","","","","","55.6","","","","67.23019461","","67.7","","","","64.925064","","","","","","","","","","","","","","","","58.8","","","",
"Uzbekistan","UZB","Mortality rate, adult, male (per 1,000 male adults)","SP.DYN.AMRT.MA","301.078","298.655","295.879","293.318","290.408","287.727","284.994","282.325","279.439","276.543","273.665","270.864","267.977","265.295","262.661","260.249","257.675","255.182","252.713","250.498","250.162","251.993","254.391","253.94","251.128","243.891","236.594","227.46","224.341","225.994","232.444","247.467","257.734","267.221","269.868","273.607","273.916","267.541","264.097","265.131","270.279","266.674","258.967","250.875","248.038","247.011","243.509","236.802","228.048","221.137","217.274","215.856","215.756","214.382","212.425","206.083","204.241","206.346","205.744","207.918","193.207","195.771","199.622","196.546","196.373","",
"Uzbekistan","UZB","Prevalence of severe food insecurity in the population (%)","SN.ITK.SVFI.ZS","","","","","","","","","","","","","","","","","","","","","","","","","","","","","","","","","","","","","","","","","","","","","","","","","","","","","","","","1.9","2.1","2.2","2.8","4","5.6","6.8","6.3","5.2","","",
"Uzbekistan","UZB","International migrant stock (% of population)","SM.POP.TOTL.ZS","","","","","","","","","","","","","","","","","","","","","","","","","","","","","","","8.1","","","","","6.6","","","","","5.7","","","","","5","","","","","4.3","","","","","3.8","","","","","3.5","","","","3.2","",
"Uzbekistan","UZB","Unemployment, female (% of female labor force) (national estimate)","SL.UEM.TOTL.FE.NE.ZS","","","","","","","","","","","","","","","","","","","","","","","","","","","","","","","","","0.3","0.5","0.5","0.5","","","","","","","","","","","","","","5.9","6.3","4.8","4.7","4.7","4.9","5","5","5.6","","12.8","7.673","","","","","",
"Uzbekistan","UZB","Share of youth not in education, employment or training, male (% of male youth population)  (modeled ILO estimate)","SL.UEM.NEET.MA.ME.ZS","","","","","","","","","","","","","","","","","","","","","","","","","","","","","","","","","","","","","","","","","","","","","","18.057","17.659","17.12","17.404","18.015","18.292","18.286","17.924","17.681","17.363","16.589","15.668","15.159","13.619","12.29","12.421","11.151","9.448","8.752","8.367","8.54",
"Uzbekistan","UZB","Unemployment with intermediate education, male (% of male labor force with intermediate education)","SL.UEM.INTM.MA.ZS","","","","","","","","","","","","","","","","","","","","","","","","","","","","","","","","","","","","","","","","","","","","","","","","","","","","","","","","","","","","","4.511","","","","","",
"Uzbekistan","UZB","Unemployment with basic education, female (% of female labor force with basic education)","SL.UEM.BASC.FE.ZS","","","","","","","","","","","","","","","","","","","","","","","","","","","","","","","","","","","","","","","","","","","","","","","","","","","","","","","","","","","","","","","","","","",
"Uzbekistan","UZB","Unemployment, youth total (% of total labor force ages 15-24) (modeled ILO estimate)","SL.UEM.1524.ZS","","","","","","","","","","","","","","","","","","","","","","","","","","","","","","","","3.796","5.795","10.024","14.779","15.695","21.528","21.944","26.786","26.947","24.819","22.983","20.986","18.882","16.775","14.491","12.355","10.141","10.154","10.753","11.586","10.589","10.68","10.758","11.372","11.455","11.464","12.887","12.073","11.27","12.838","13.031","10.853","10.762","10.809","11.381",
"Uzbekistan","UZB","Unemployment, youth female (% of female labor force ages 15-24) (modeled ILO estimate)","SL.UEM.1524.FE.ZS","","","","","","","","","","","","","","","","","","","","","","","","","","","","","","","","5.275","8.041","17.451","25.116","26.115","35.142","35.078","41.931","41.515","37.708","34.414","31.062","27.844","24.184","20.49","17.417","14.063","13.984","14.605","15.905","11.84","11.778","11.944","12.536","12.743","12.845","14.608","15.603","16.481","21.52","20.514","18.358","17.938","17.999","18.572",
"Uzbekistan","UZB","Part time employment, total (% of total employment)","SL.TLF.PART.ZS","","","","","","","","","","","","","","","","","","","","","","","","","","","","","","","","","","","","","","","","","","","","","","","","","","","","","","","","","","","","","","","","","","",
"Uzbekistan","UZB","Labor force with intermediate education, male (% of male working-age population with intermediate education)","SL.TLF.INTM.MA.ZS","","","","","","","","","","","","","","","","","","","","","","","","","","","","","","","","","","","","","","","","","","","","","","","","","","","","","","","","","","","","","74.893","","","","","",
"Uzbekistan","UZB","Labor force participation rate, male (% of male population ages 15+) (modeled ILO estimate)","SL.TLF.CACT.MA.ZS","","","","","","","","","","","","","","","","","","","","","","","","","","","","","","","74.554","75.306","75.605","75.878","76.049","76.006","75.634","75.398","75.225","75.077","74.569","74.263","73.703","73.276","72.927","72.56","72.002","71.648","71.495","72.016","71.878","72.302","72.573","72.638","72.922","73.202","73.402","73.364","73.452","73.457","72.039","72.579","74.38","74.358","74.241","73.933",
"Uzbekistan","UZB","Labor force participation rate, female (% of female population ages 15+) (modeled ILO estimate)","SL.TLF.CACT.FE.ZS","","","","","","","","","","","","","","","","","","","","","","","","","","","","","","","38.24","38.977","39.363","39.659","39.963","39.933","39.698","39.731","39.691","39.797","39.638","39.498","39.431","39.187","39.056","38.789","38.555","38.426","38.415","38.895","38.961","38.883","39.101","39.191","39.275","39.447","39.57","39.652","39.739","39.89","39.097","39.587","41.1","41.24","41.273","41.178",
"Uzbekistan","UZB","Labor force with basic education, female (% of female working-age population with basic education)","SL.TLF.BASC.FE.ZS","","","","","","","","","","","","","","","","","","","","","","","","","","","","","","","","","","","","","","","","","","","","","","","","","","","","","","","","","","","","","7.863","","","","","",
"Uzbekistan","UZB","Labor force participation rate, total (% of total population ages 15-64) (modeled ILO estimate)","SL.TLF.ACTI.ZS","","","","","","","","","","","","","","","","","","","","","","","","","","","","","","","59.481","60.397","60.91","61.379","61.78","61.865","61.639","61.604","61.543","61.569","61.255","61.056","60.758","60.432","60.185","59.821","59.346","59.021","58.861","59.328","59.218","59.337","59.55","59.608","59.809","60.111","60.387","60.52","60.737","60.956","59.89","60.561","62.508","62.74","62.879","62.871",
"Uzbekistan","UZB","Labor force participation rate for ages 15-24, total (%) (national estimate)","SL.TLF.ACTI.1524.NE.ZS","","","","","","","","","","","","","","","","","","","","","","","","","","","","","","","","","","","","","","","","","","","","","","","","","","","","","","","","","","","","","34.991","","","","","",
"Uzbekistan","UZB","Labor force participation rate for ages 15-24, female (%) (national estimate)","SL.TLF.ACTI.1524.FE.NE.ZS","","","","","","","","","","","","","","","","","","","","","","","","","","","","","","","","","","","","","","","","","","","","","","","","","","","","","","","","","","","","","25.195","","","","","",
"Uzbekistan","UZB","Children in employment, work only, male (% of male children in employment, ages 7-14)","SL.TLF.0714.WK.MA.ZS","","","","","","","","","","","","","","","","","","","","","","","","","","","","","","","","","","","","","","","","","4.422254","","","","","0","","","","","","","","","","","","","","","","","","","","",
"Uzbekistan","UZB","Children in employment, study and work (% of children in employment, ages 7-14)","SL.TLF.0714.SW.ZS","","","","","","","","","","","","","","","","","","","","","","","","","","","","","","","","","","","","","","","","","95.90383","","","","","99","99","","","","","","","","","","","","","","","","","","","",
"Uzbekistan","UZB","Children in employment, study and work, female (% of female children in employment, ages 7-14)","SL.TLF.0714.SW.FE.ZS","","","","","","","","","","","","","","","","","","","","","","","","","","","","","","","","","","","","","","","","","96.4455","","","","","97.9","","","","","","","","","","","","","","","","","","","","",
"Uzbekistan","UZB","Employment in services (% of total employment) (modeled ILO estimate)","SL.SRV.EMPL.ZS","","","","","","","","","","","","","","","","","","","","","","","","","","","","","","","","41.8319510786276","41.993594614122","42.1633713050046","42.0781110008574","42.4016146371995","42.724648987777","42.9025646620584","43.495612387546","43.9661450470982","44.4552625271739","45.0346599760646","45.5807611980474","46.137955338692","46.7401931970193","47.3414436569819","47.9202209184004","48.559982663252","49.2064774543675","49.7275239932175","50.218148399184","49.9163008256639","50.4348867373135","49.8547557204896","49.4610032686896","49.5141016394757","49.5224994841197","49.7932678560571","50.6852179650404","50.5896924101986","49.3795091794828","49.3126019234068","49.5401658544276","49.7378951792477","49.97147756218","50.1906943451481",
"Uzbekistan","UZB","Child employment in services, male (% of male economically active children ages 7-14)","SL.SRV.0714.MA.ZS","","","","","","","","","","","","","","","","","","","","","","","","","","","","","","","","","","","","","","","","","","","","","","","","","","","","","","","","","","","","","","","","","","",
"Uzbekistan","UZB","Children in employment, self-employed, female (% of female children in employment, ages 7-14)","SL.SLF.0714.FE.ZS","","","","","","","","","","","","","","","","","","","","","","","","","","","","","","","","","","","","","","","","","","","","","","","","","","","","","","","","","","","","","","","","","","",
"Uzbekistan","UZB","Employment in industry (% of total employment) (modeled ILO estimate)","SL.IND.EMPL.ZS","","","","","","","","","","","","","","","","","","","","","","","","","","","","","","","","19.4006464021235","18.9788252729886","18.7567088459164","18.3871198598417","18.2074763370386","18.1201652254374","18.1515966559079","18.287488802015","18.6138513741708","18.7555180517343","18.9408802232919","19.1609482473908","19.4393000601376","19.8481363464155","20.2648759895523","20.7474912278192","21.3023661646641","21.8618159499155","22.4140311486212","22.8214036211282","22.84965392143","22.8231892949853","22.8458937425096","22.8827137262897","22.9042032680756","23.0554068019345","23.0527389904132","22.6653905613483","23.2337102815411","23.4344074033211","23.6928859187452","23.8986156957819","24.1341945506432","24.3810594797073","24.6114383374347",
"Uzbekistan","UZB","Contributing family workers, total (% of total employment) (modeled ILO estimate)","SL.FAM.WORK.ZS","","","","","","","","","","","","","","","","","","","","","","","","","","","","","","","","8.68472301264029","8.8312320371139","8.96759129927954","9.22798706866298","9.28928839870949","9.2875369159225","9.29253657785473","9.1938286592327","9.05405766602224","8.86895605033714","8.62806868209354","8.35158470769483","8.03087994457588","7.67364135520017","7.28635585272952","6.88689913895218","6.47424274950395","6.04391738389489","5.62654987273436","5.22619634916798","4.88606228071837","4.58029927110748","4.29248593188057","4.02685806611228","3.78090883198823","3.55314182015466","3.33782663913722","3.11500865291478","2.90030468823651","2.81779064601112","2.50108356782701","2.29456341111372","2.0858239367778","1.86394841579949","1.63934120954155",
"Uzbekistan","UZB","Children in employment, unpaid family workers, male (% of male children in employment, ages 7-14)","SL.FAM.0714.MA.ZS","","","","","","","","","","","","","","","","","","","","","","","","","","","","","","","","","","","","","","","","","","","","","","77.2","77.2","","","","","","","","","","","","","","","","","","","",
"Uzbekistan","UZB","Wage and salaried workers, female (% of female employment) (modeled ILO estimate)","SL.EMP.WORK.FE.ZS","","","","","","","","","","","","","","","","","","","","","","","","","","","","","","","","61.316312452002","61.8531321470002","62.3313076523041","62.9181692828771","63.2685178253497","63.7244374057657","64.0623964213023","64.4309987615551","64.7301832996512","65.0230457738877","65.2946299112679","65.5529541132431","65.8487773509668","66.1226834585659","66.4280394321104","66.7036063637551","66.9613518206234","67.2357117008996","67.5183073285738","67.8088031691018","68.0227883913783","68.1977031266609","68.3584878557555","68.5540296528468","68.7074964563536","68.8596321632831","69.0047903296542","69.214606237197","69.3758774243482","69.2562318290765","69.5899075846478","69.2256586689338","69.345393740016","69.4928429450118","69.644484160894",
"Uzbekistan","UZB","Employment to population ratio, 15+, total (%) (modeled ILO estimate)","SL.EMP.TOTL.SP.ZS","","","","","","","","","","","","","","","","","","","","","","","","","","","","","","","","55.837","55.615","54.751","53.601","53.289","51.349","51.151","49.688","49.679","49.968","50.361","50.669","50.959","51.346","51.652","51.877","52.231","52.214","52.612","52.406","52.795","53.08","53.161","53.207","53.387","53.534","53.176","53.503","53.831","52.579","53.024","55.114","55.182","55.14","54.841",
"Uzbekistan","UZB","Employment to population ratio, 15+, female (%) (modeled ILO estimate)","SL.EMP.TOTL.SP.FE.ZS","","","","","","","","","","","","","","","","","","","","","","","","","","","","","","","","38.03","37.904","36.467","35.303","35.082","33.239","33.299","32.021","32.271","32.845","33.409","34.007","34.426","34.931","35.282","35.635","36.055","36.126","36.541","36.437","37.017","37.267","37.37","37.362","37.504","37.619","37.447","37.382","37.383","36.078","36.698","38.391","38.537","38.567","38.45",
"Uzbekistan","UZB","Self-employed, male (% of male employment) (modeled ILO estimate)","SL.EMP.SELF.MA.ZS","","","","","","","","","","","","","","","","","","","","","","","","","","","","","","","","60.3589653069739","60.5239289062818","60.7259239480121","60.9069237808104","61.1712693800902","61.2034645586592","61.2327741950455","61.136261715391","61.0201204293616","60.8466336250784","60.6420138398348","60.4206591545744","60.126097572802","59.7754042344739","59.3703770586893","58.9825704691595","58.5726962994474","58.1415254314688","57.7206085647466","57.3073830372732","56.9653580455932","56.6529626295808","56.3587075112208","56.0329937607952","55.7556410169324","55.5012195615768","55.283502313033","54.9688129336822","54.6922341700336","54.9332349956611","54.6905529981756","54.3155731617192","54.1113903740531","53.8643783532937","53.6194034262073",
"Uzbekistan","UZB","Employers, female (% of female employment) (modeled ILO estimate)","SL.EMP.MPYR.FE.ZS","","","","","","","","","","","","","","","","","","","","","","","","","","","","","","","","11.061580463691","10.769754883876","10.3258916295483","9.62434215507123","9.37983146231988","9.13285352260553","8.79583139986431","8.5087519956993","8.31751129532612","8.18217495358462","8.08364435968212","8.01380468358554","7.97901405527524","7.96705741332517","7.96693704064521","7.94017416258835","7.90297259092976","7.89294826575297","7.8678365212812","7.81149510377245","7.77388570275936","7.77949791616267","7.79619902945971","7.82001435600482","7.84424416007314","7.87580689201009","7.93480902373824","8.03809357490816","8.12712835173524","8.19012625827973","8.14636501508069","8.18313237333142","8.19609311321175","8.23280517152279","8.26880597978248",
"Uzbekistan","UZB","Employment to population ratio, ages 15-24, male (%) (national estimate)","SL.EMP.1524.SP.MA.NE.ZS","","","","","","","","","","","","","","","","","","","","","","","","","","","","","","","","","","","","","","","","","","","","","","","","","","","","","","","","","","","","","41.752","","","","","",
"Uzbekistan","UZB","Employment in agriculture, male (% of male employment) (modeled ILO estimate)","SL.AGR.EMPL.MA.ZS","","","","","","","","","","","","","","","","","","","","","","","","","","","","","","","","40.2038498711166","40.5186082575788","40.6787507034187","41.2277885053034","41.1641531286091","40.9412841332739","40.7485922186083","40.0931933021263","39.3363760051847","38.7100085125412","37.9671518243545","37.216778807613","36.3786379793296","35.3318156994371","34.2801260196675","33.183843467167","31.9424297882916","30.6866816248619","29.565362284835","28.6367003570903","28.8301349234152","28.3529773549852","28.7914595675382","29.0524254494609","28.8915937431319","28.6693302637745","28.1933753051865","26.2367923763057","25.6811881990152","26.5901649617932","26.0846866607086","25.6415409399257","25.1966998677217","24.7034921147595","24.2439714274665",
"Uzbekistan","UZB","Child employment in agriculture, female (% of female economically active children ages 7-14)","SL.AGR.0714.FE.ZS","","","","","","","","","","","","","","","","","","","","","","","","","","","","","","","","","","","","","","","","","","","","","","","","","","","","","","","","","","","","","","","","","","",
"Uzbekistan","UZB","Annualized average growth rate in per capita real survey mean consumption or income, bottom 40% of population (%)","SI.SPR.PC40.ZG","","","","","","","","","","","","","","","","","","","","","","","","","","","","","","","","","","","","","","","","","","","","","","","","","","","","","","","","","","","","","","","","","","",
"Uzbekistan","UZB","Poverty gap at $8.30 a day (2021 PPP) (%)","SI.POV.UMIC.GP","","","","","","","","","","","","","","","","","","","","","","","","","","","","","","","","","","","","","","","75","","83.3","","82.3","83.1","","","","","","","","","","","","","","","","","","12.8","11","8.7","6.9","4.4",
"Uzbekistan","UZB","Multidimensional poverty headcount ratio (World Bank) (% of population)","SI.POV.MPWB","","","","","","","","","","","","","","","","","","","","","","","","","","","","","","","","","","","","","","","","","","","","","","","","","","","","","","","","","","","","","","4.4","4.4","4.1","2.7","2.3",
"Uzbekistan","UZB","Gini index","SI.POV.GINI","","","","","","","","","","","","","","","","","","","","","","","","","","","","","","","","","","","","","","","44.1","","35.9","","33","35.2","","","","","","","","","","","","","","","","","","32.9","31.2","34.5","34.6","32.7",
"Uzbekistan","UZB","Income share held by lowest 10%","SI.DST.FRST.10","","","","","","","","","","","","","","","","","","","","","","","","","","","","","","","","","","","","","","","1.5","","2.9","","3.3","2.9","","","","","","","","","","","","","","","","","","2.6","2.5","2.1","2.3","2.4",
"Uzbekistan","UZB","Income share held by fourth 20%","SI.DST.04TH.20","","","","","","","","","","","","","","","","","","","","","","","","","","","","","","","","","","","","","","","22.4","","21.7","","21.1","21.4","","","","","","","","","","","","","","","","","","23.1","23.3","23.2","23.1","23.2",
"Uzbekistan","UZB","UHC service coverage sub-index on non-communicable diseases","SH_UHC_SCI_NCD","","","","","","","","","","","","","","","","","","","","","","","","","","","","","","","","","","","","","","","","","53","54","54","55","56","57","57","58","59","59","60","60","60","61","61","61","61","61","61","61","61","61","61","61","","",
"Uzbekistan","UZB","Proportion of population pushed into poverty (based on the societal poverty line) due to out-of-pocket health expenditure (%)","SH_UHC_FH40_PUSHED","","","","","","","","","","","","","","","","","","","","","","","","","","","","","","","","","","","","","","","","","1.19","","1","1.1","","","","","","","","","","","","","","","","","","","","","","",
"Uzbekistan","UZB","Proportion of population facing financial hardship due to out-of-pocket health expenditure (%)","SH_UHC_FH40","","","","","","","","","","","","","","","","","","","","","","","","","","","","","","","","","","","","","","","","","27.09","","23.2","22.68","","","","","","","","","","","","","","","","","","","","","","",
"Uzbekistan","UZB","Out-of-pocket expenditure per capita, PPP (current international $)","SH.XPD.OOPC.PP.CD","","","","","","","","","","","","","","","","","","","","","","","","","","","","","","","","","","","","","","","","","96.684814879673","104.253196168675","108.902616387035","110.14693726964","112.585479810797","117.229739831752","123.570412238709","136.172592733745","147.411830729529","162.307738535565","169.331077539968","182.162101968405","192.485145575109","205.566886957784","132.99370410082","155.904406452421","178.322333364771","190.964087820409","223.309551720649","238.310577697687","273.198117163646","386.380570549311","446.364278449164","479.776364147967","","",
"Uzbekistan","UZB","Domestic general government health expenditure per capita (current US$)","SH.XPD.GHED.PC.CD","","","","","","","","","","","","","","","","","","","","","","","","","","","","","","","","","","","","","","","","","13.96603875","11.83223332","9.21705405","9.36102807","10.44902808","12.34298353","15.40750072","18.55747255","24.96285993","29.96146455","37.20357901","43.60839657","53.87040176","59.07867044","61.83058248","66.01123728","56.59291757","38.7654045","31.50110187","41.01432506","55.52282776","61.32478899","57.61652843","67.93420322","","",
"Uzbekistan","UZB","External health expenditure per capita, PPP (current international $)","SH.XPD.EHEX.PP.CD","","","","","","","","","","","","","","","","","","","","","","","","","","","","","","","","","","","","","","","","","0","0.00184545503625669","0.000325853951899513","7.16240014914785","5.15369737094595","8.09046633955594","4.55486055707498","4.32729143447385","3.9069508651999","4.35761737179458","4.37193665512131","5.39594958923378","4.34050053346065","5.80282508695808","5.6237833557878","4.43255172379834","3.1459047822749","3.55304637430295","2.9994235999184","0.219227231536903","0.248691796977941","0.162086327278062","1.43423472132115","0.781006687331232","","",
"Uzbekistan","UZB","Current health expenditure per capita (current US$)","SH.XPD.CHEX.PC.CD","","","","","","","","","","","","","","","","","","","","","","","","","","","","","","","","","","","","","","","","","35.72119904","30.46290398","24.50708961","25.61911011","28.02430153","32.51261139","37.97257233","46.89629364","61.29156876","71.95819092","92.87456512","109.86156464","127.94210052","140.71011353","118.44307709","132.60565186","129.82177734","93.4151535","82.53038788","98.6240387","120.29019165","156.44789124","170.64073181","192.11869812","","",
"Uzbekistan","UZB","Adolescents out of school, female (% of female lower secondary school age)","SE.SEC.UNER.LO.FE.ZS","","","","","","","","","","","","","","","","","","","","","","","","","","","","","","","","","","","","","","","","","","","","","","","","4.34896993637085","4.64081001281738","4.94906997680664","4.71403980255127","7.79578018188477","7.20250913317712","6.70000199459618","5.59380642966437","6.13425536853395","5.63393819777417","5.14112774361793","4.22438673571615","2.23734238411302","3.95052042697551","3.25462990924496","3.17632428279031","3.05578371090772","3.0551559002114","2.5558314259482",
"Uzbekistan","UZB","Trained teachers in secondary education (% of total teachers)","SE.SEC.TCAQ.ZS","","","","","","","","","","","","","","","","","","","","","","","","","","","","","","","","","","","","","","","","","","","","","","","100","100","100","100","100","100","","","","","100","97.8819227971737","97.2795867919922","100","98.9003829956055","100","100","100","100","100",
"Uzbekistan","UZB","Trained teachers in secondary education, male (% of male teachers)","SE.SEC.TCAQ.MA.ZS","","","","","","","","","","","","","","","","","","","","","","","","","","","","","","","","","","","","","","","","","","","","","","","100","100","100","100","100","100","","","","","100","96.9389120293979","96.7131195068359","100","97.7158889770508","100","100","100","100","100",
"Uzbekistan","UZB","Trained teachers in secondary education, female (% of female teachers)","SE.SEC.TCAQ.FE.ZS","","","","","","","","","","","","","","","","","","","","","","","","","","","","","","","","","","","","","","","","","","","","","","","100","100","100","100","100","100","","","","","100","98.4217593987266","97.6483383178711","100","99.633056640625","100","100","100","100","100",
"Uzbekistan","UZB","School enrollment, secondary, private (% of total secondary)","SE.SEC.PRIV.ZS","","","","","","","","","","","","","","","","","","","","","","","","","","","","","","","","","","","","","","","","","","","","","","","","","","","","","0","0.0136099997907877","0.0407800003886223","0.0366499982774258","0.0543700009584427","0.0644799992442131","0.0887999981641769","0.14622999727726","0.246539995074272","0.39495000243187","0.314630001783371","","0.852810025215149","",
"Uzbekistan","UZB","School enrollment, secondary, male (% gross)","SE.SEC.ENRR.MA","","","","","","","","","","","","","","","","","","","","","","","","","","","","","","","","","","","","","","","","85.2413177490234","86.7570266723633","","","97.2376480102539","98.2648773193359","89.2198486328125","89.824821472168","90.3259735107422","88.5335006713867","89.0463409423828","90.1699523925781","90.3292236328125","92.4857123870282","92.5041421519627","92.1452785013841","92.5318839125462","93.1448096117717","94.1802393815311","95.072206193066","96.1577606201172","89.7388966472032","97.8754493445343","97.9187013298755","97.7275381724845","97.1650054577674","98.7665075757048",
"Uzbekistan","UZB","Secondary education, vocational pupils","SE.SEC.ENRL.VO","","","","","","","","","","","","","","","","","","","","","","223100","","","","","290600","","","278500","248600","228800","219300","214200","226000","214500","","","","358771","403130","396968","417375","485347","567906","788033","890671","","","","","","1599031","1573906","1514988","1450730","1394903","1358064","","","","","","","","",
"Uzbekistan","UZB","Secondary education, general pupils (% female)","SE.SEC.ENRL.GC.FE.ZS","","","","","","","","","","","","","","","","","","","","","","45.61027","","","","","47.15692","","","48.18452","48.5652","49.10311","49.00206","48.44956","48.59663","48.07048","","","","49.5134","49.2443","","","49.02871","48.67716","48.69083","48.68524","","","","","","48.34016","48.30744","48.26498","48.31618","48.28309","48.33286","48.32239","","","","","","","",
"Uzbekistan","UZB","Secondary education, duration (years)","SE.SEC.DURS","","","","","","","","","","","7","7","7","7","7","7","7","7","7","7","7","7","7","7","7","7","7","7","7","7","7","7","7","7","7","7","7","7","7","7","7","7","7","7","7","8","8","8","8","8","8","8","8","8","8","8","8","8","8","8","8","8","8","8","7","7",
"Uzbekistan","UZB","Educational attainment, at least completed post-secondary, population 25+, total (%) (cumulative)","SE.SEC.CUAT.PO.ZS","","","","","","","","","","","","","","","","","","","","","","","","","","","","","","","","","","","","","","","","","","","","","","","","","","","","","","","","","","","","","","","","","","",
"Uzbekistan","UZB","Educational attainment, at least completed lower secondary, population 25+, male (%) (cumulative)","SE.SEC.CUAT.LO.MA.ZS","","","","","","","","","","","","","","","","","","","","","","","","","","","","","","","","","","","","","","","","","","","","","","","","","","","","","","99.9246597290039","99.8862533569336","99.9136199951172","99.928581237793","","99.956787109375","99.9591674804688","","99.9760513305664","100","","","",
"Uzbekistan","UZB","Lower secondary completion rate, female (% of relevant age group)","SE.SEC.CMPT.LO.FE.ZS","","","","","","","","","","","","","","","","","","","","","","","","","","","","","","","","","","","","","","","","","","89.6649017333984","95.4760208129883","95.3771209716797","93.2531433105469","96.0722503662109","97.8068313598633","94.5610504150391","92.0293121337891","92.9713287353516","91.9794439700638","91.1192802250239","91.7837387537488","91.6019806813823","94.723122553816","91.6354407299529","92.9766273133376","93.845302508608","91.8704516108652","94.5730052619386","92.5389651596527","96.1554639191468","97.0301346795019","95.3682075239735","95.5837932547703","97.5723230839193",
"Uzbekistan","UZB","Children out of school, primary, male","SE.PRM.UNER.MA","","","","","","","","","","","","","","","","","","","","","","","","","","","","","","","","","","","","","","","","","","","","","","","","59128","29543","22035","29466","40426","45910","45657","25252","21481","14788","17502","","19827","14157","19703","54815","69541","","",
"Uzbekistan","UZB","Adjusted net enrollment rate, primary, male (% of primary school age children)","SE.PRM.TENR.MA","","","","","","","","","","","","","","","","","","","","","","","","","","","","","","","","","","","","","","","","","","","","","","","","93.32266","94.41699","91.48385","92.66936","93.5492","95.13307","96.36826","97.56889","","","","","","","","","","","",
"Uzbekistan","UZB","Primary education, teachers","SE.PRM.TCHR","","","","","","","","","","","","","","","","","","","","","","57700","","","","","66900","","","68400","71000","77139","82360","87661","91604","94608","106105","111445","119328","122902","121340","119612","120580","119151","121671","119473","117482","118676","117652","116603","110962","124685","130630","126651","112240","112159","110677","113072","115554","118835","121986","122587","119485","121244","126102","130601",
"Uzbekistan","UZB","Repeaters, primary, total (% of total enrollment)","SE.PRM.REPT.ZS","","","","","","","","","","","","","","","","","","","","","","","","","","","","","","","","","","","0.21497","0.16914","","","","0.06997","0.05899","0.05093","0.03509","0.02523","0.02056","0.01435","0.01287","0.0085","0.00589","0.00396","0.007","0.00431","0.00496","0.00439","0.00423","0.00286","0.00208","0.00205","0.00125","","","","","","","",
"Uzbekistan","UZB","Persistence to last grade of primary, male (% of cohort)","SE.PRM.PRSL.MA.ZS","","","","","","","","","","","","","","","","","","","","","","","","","","","","","","","","","","","","","","","","","98.5505981445312","99.8623504638672","95.837760925293","98.1457138061523","98.3880615234375","97.927116394043","99.0175399780273","97.2434692382812","97.8307571411133","99.6590270996094","97.8422012329102","98.1046676635742","97.5717926025391","98.8694534301758","97.6818466186523","98.707893371582","98.7586288452148","98.7482833862305","97.0938568115234","99.6440277099609","97.1911697387695","","","","","",
"Uzbekistan","UZB","Persistence to grade 5, female (% of cohort)","SE.PRM.PRS5.FE.ZS","","","","","","","","","","","","","","","","","","","","","","","","","","","","","","","","","","","","","","","","","","","","","","","","","","","","","","","","","","","","","","","","","","",
"Uzbekistan","UZB","Over-age students, primary, female (% of female enrollment)","SE.PRM.OENR.FE.ZS","","","","","","","","","","","","","","","","","","","","","","","","","","","","","","","","","","","","","","","","","","","","","","","","1.10378","1.18459","1.0414","0.91385","0.99179","0.94404","0.8947","1.19225","1.02556","0.88781","0.43164","","","","","","","","",
"Uzbekistan","UZB","School enrollment, primary, male (% net)","SE.PRM.NENR.MA","","","","","","","","","","","","","","","","","","","","","","","","","","","","","","","","","","","","","","","","","","","","","","","","90.76334","89.28918","88.937","90.01793","90.68834","92.3645","93.67565","94.89071","","","","","","","","","","","",
"Uzbekistan","UZB","Gross intake ratio in first grade of primary education, male (% of relevant age group)","SE.PRM.GINT.MA.ZS","","","","","","","","","","","","","","","","","","","","","","","","","","","","","","","","","","","","","","","","","","95.68571","96.65747","97.73252","97.04478","96.06577","93.80979","93.9168","94.50057","94.42004","98.09033","96.80951","99.92386","99.19803","100.48692","104.98934","107.62738","107.07894","102.86286","","","","","","","",
"Uzbekistan","UZB","School enrollment, primary (% gross)","SE.PRM.ENRR","","","","","","","","","","","","","","","","","","","","","","111.152397155762","","","","","117.575149536133","","","112.049377441406","112.614349365234","112.962730407715","104.167617797852","102.642143249512","102.86051940918","102.721168518066","99.3658676147461","100.623092651367","101.406913757324","101.819541931152","99.1522369384766","98.1144790649414","97.9825592041016","97.2714996337891","96.9909362792969","96.85986328125","96.1964797973633","96.3551483154297","96.6052932739258","96.9954833984375","96.5092245610272","95.3840203093902","95.1214838175598","95.4464545934085","96.7769517984519","96.8469627244173","97.6622984985898","98.0486526909282","98.2866521653154","98.2569298360836","98.615310525126","97.9289255849279","93.9099780290139","93.4888259225367","94.4316700664149","120.864046720012",
"Uzbekistan","UZB","Primary education, duration (years)","SE.PRM.DURS","","","","","","","","","","","3","3","3","3","3","3","3","3","3","3","3","3","3","3","3","3","3","3","3","3","3","3","3","3","3","3","4","4","4","4","4","4","4","4","4","4","4","4","4","4","4","4","4","4","4","4","4","4","4","4","4","4","4","4","4","4",
"Uzbekistan","UZB","Primary completion rate, total (% of relevant age group)","SE.PRM.CMPT.ZS","","","","","","","","","","","","","","","","","","","","","","","","","","","","","","","","","","","","97.0380935668945","","","","99.4522476196289","99.0455703735352","100.948593139648","98.4095077514648","95.3456268310547","95.9746932983398","99.9555892944336","95.2745208740234","95.1968078613281","95.1567077636719","97.7063369750977","96.9045296680751","95.0117221813923","95.5447516541123","93.4407510297921","96.4235813900343","93.8038855040809","97.4060809237078","98.2879984507765","97.0923046251994","96.6936602667804","98.7280094926043","98.4803577402802","98.2369473396823","96.0921933647617","97.6889871949039","83.576937421175",
"Uzbekistan","UZB","Trained teachers in preprimary education (% of total teachers)","SE.PRE.TCAQ.ZS","","","","","","","","","","","","","","","","","","","","","","","","","","","","","","","","","","","","","","","","","","","","","","","100","100","100","100","100","100","100","100","100","100","100","100","100","95.7113418579102","99.8766264060961","100","96.470329284668","100","","",
"Uzbekistan","UZB","School enrollment, preprimary, female (% gross)","SE.PRE.ENRR.FE","","","","","","","","","","","","","","","","","","","","","","","","","","","","","","","","53.1063499450684","51.1971893310547","45.0754203796387","42.4675598144531","38.4962997436523","34.2191581726074","27.0590305328369","24.5602703094482","23.1275100708008","23.4125709533691","24.2451801300049","26.1153297424316","26.4661903381348","26.6314907073975","26.3265800476074","26.5562896728516","26.520959854126","27.4749507904053","26.2171897888184","25.6112403869629","25.0691699981689","24.428560256958","23.9207801818848","23.9068908691406","24.8785495758057","24.7464408874512","26.0091209411621","27.436559677124","31.9187297821045","40.6677207946777","43.362678527832","","","","",
"Uzbekistan","UZB","Male primary school age children out-of-school (%)","SE.LPV.PRIM.SD.MA","","","","","","","","","","","","","","","","","","","","","","","","","","","","","","","","","","","","","","","","","","","","","","","","","","","","","","","","","","","","","","","","","","",
"Uzbekistan","UZB","Male pupils below minimum reading proficiency at end of primary (%). Low GAML threshold","SE.LPV.PRIM.LD.MA","","","","","","","","","","","","","","","","","","","","","","","","","","","","","","","","","","","","","","","","","","","","","","","","","","","","","","","","","","","","","","","","","","",
"Uzbekistan","UZB","Learning poverty: Share of Children at the End-of-Primary age below minimum reading proficiency adjusted by Out-of-School Children (%)","SE.LPV.PRIM","","","","","","","","","","","","","","","","","","","","","","","","","","","","","","","","","","","","","","","","","","","","","","","","","","","","","","","","","","","","","","32.3652610778808","","","","",
"Uzbekistan","UZB","School enrollment, primary (gross), gender parity index (GPI)","SE.ENR.PRIM.FM.ZS","","","","","","","","","","","","","","","","","","","","","","0.963859975337982","","","","","0.970920026302338","","","0.99083000421524","0.994859993457794","0.987559974193573","0.991999983787537","1.00300002098083","0.987309992313385","0.963769972324371","0.966040015220642","0.995029985904694","0.994660019874573","1.00247001647949","1.00406002998352","1.00378000736237","0.999119997024536","1.01289999485016","1.00294995307922","0.998730003833771","0.994930028915405","0.987469971179962","0.988669991493225","0.986739993095398","0.982640027999878","0.97978001832962","0.981299996376038","0.982749998569489","0.98430997133255","0.985639989376068","0.986039996147156","0.985339999198914","0.985050022602081","0.98769998550415","0.981760025024414","0.979889988899231","","","","",
"Uzbekistan","UZB","Literacy rate, adult female (% of females ages 15 and above)","SE.ADT.LITR.FE.ZS","","","","","","","","","","","","","","","","","","","","","","","","","","","","","","","","","","","","","","","","","98.1399993896484","","","","","","","","","","","","","100","99.9800033569336","99.9800033569336","99.9800033569336","","99.9899978637695","100","","100","100","","","",
"Uzbekistan","UZB","Literacy rate, youth female (% of females ages 15-24)","SE.ADT.1524.LT.FE.ZS","","","","","","","","","","","","","","","","","","","","","","","","","","","","","","","","","","","","","","","","","99.8899993896484","","","","","","100","","","","","","","100","100","100","100","","100","100","","100","100","","","",
"Uzbekistan","UZB","Coverage of social insurance programs in 3rd quintile (% of population)","per_si_allsi.cov_q3_tot","","","","","","","","","","","","","","","","","","","","","","","","","","","","","","","","","","","","","","","","","","","","","","","","","","","","","","","","","","","21.067691077316","","","","","","","",
"Uzbekistan","UZB","Benefit incidence of social insurance programs to poorest quintile (% of total social insurance benefits)","per_si_allsi.ben_q1_tot","","","","","","","","","","","","","","","","","","","","","","","","","","","","","","","","","","","","","","","","","","","","","","","","","","","","","","","","","","","14.0630950089592","","","","","","","",
"Uzbekistan","UZB","Coverage of social safety net programs in 3rd quintile (% of population)","per_sa_allsa.cov_q3_tot","","","","","","","","","","","","","","","","","","","","","","","","","","","","","","","","","","","","","","","","","","","","","","","","","","","","","","","","","","","7.05739048150226","","","","","","","",
"Uzbekistan","UZB","Benefit incidence of social safety net programs to poorest quintile (% of total safety net benefits)","per_sa_allsa.ben_q1_tot","","","","","","","","","","","","","","","","","","","","","","","","","","","","","","","","","","","","","","","","","","","","","","","","","","","","","","","","","","","29.5652972369053","","","","","","","",
"Uzbekistan","UZB","Coverage of unemployment benefits and ALMP in 3rd quintile (% of population)","per_lm_alllm.cov_q3_tot","","","","","","","","","","","","","","","","","","","","","","","","","","","","","","","","","","","","","","","","","","","","","","","","","","","","","","","","","","","","","","","","","","",
"Uzbekistan","UZB","Benefit incidence of unemployment benefits and ALMP to poorest quintile (% of total U/ALMP benefits)","per_lm_alllm.ben_q1_tot","","","","","","","","","","","","","","","","","","","","","","","","","","","","","","","","","","","","","","","","","","","","","","","","","","","","","","","","","","","","","","","","","","",
"Uzbekistan","UZB","Adequacy of social protection and labor programs (% of total welfare of beneficiary households)","per_allsp.adq_pop_tot","","","","","","","","","","","","","","","","","","","","","","","","","","","","","","","","","","","","","","","","","","","","","","","","","","","","","","","","","","","27.3021448789264","","","","","","","",
"Uzbekistan","UZB","School enrollment, secondary, male (% net)","SE.SEC.NENR.MA","","","","","","","","","","","","","","","","","","","","","","","","","","","","","","","","","","","","","","","","","","","","","","","","","","","86.13719","86.94141","88.65666","88.91731","88.34209","89.11628","90.32672","91.34043","","","","","","","","",
"Uzbekistan","UZB","School enrollment, secondary, female (% gross)","SE.SEC.ENRR.FE","","","","","","","","","","","","","","","","","","","","","","","","","","","","","","","","","","","","","","","","86.367561340332","83.9072113037109","","","93.6033630371094","94.2597122192383","86.4646072387695","87.5898895263672","89.1888122558594","87.9145126342773","89.0407485961914","89.7888793945312","89.2128524780273","91.5890082905573","91.6004685595298","91.3187707069968","91.938963197135","92.4681516255333","93.5591792866064","94.8141255682856","96.2599029541016","90.407816338473","96.6067427080091","96.8054259764286","97.0191649872622","96.4939184204858","97.4299681308796",
"Uzbekistan","UZB","Pupil-teacher ratio, upper secondary","SE.SEC.ENRL.UP.TC.ZS","","","","","","","","","","","","","","","","","","","","","","","","","","","","","","","","","","","","","","","","","","","","","","","","","","","","","18.95601","18.66309","16.22699","15.51738","14.94762","14.69395","","","","","","","","",
"Uzbekistan","UZB","Secondary education, general pupils","SE.SEC.ENRL.GC","","","","","","","","","","","","","","","","","","","","","","2656200","","","","","2824400","","","2891800","2937700","2965800","3006200","2979800","2992800","3104400","","","","3052184","3162849","","","3773440","3770452","3727819","3651503","","","","","","2736565","2621677","2567721","2513653","2513841","2534824","2582848","","","","","","","",
"Uzbekistan","UZB","Educational attainment, at least completed upper secondary, population 25+, total (%) (cumulative)","SE.SEC.CUAT.UP.ZS","","","","","","","","","","","","","","","","","","","","","","","","","","","","","","","","","","","","","","","","","","","","","","","","","","","","","","91.5406112670898","91.9476318359375","92.0795822143555","92.5646209716797","","96.1492462158203","96.6762924194336","98.2941967056424","96.0379867553711","96.8379516601562","","","",
"Uzbekistan","UZB","Educational attainment, at least completed post-secondary, population 25+, male (%) (cumulative)","SE.SEC.CUAT.PO.MA.ZS","","","","","","","","","","","","","","","","","","","","","","","","","","","","","","","","","","","","","","","","","","","","","","","","","","","","","","","","","","","","","","","","","","",
"Uzbekistan","UZB","Educational attainment, at least completed lower secondary, population 25+, female (%) (cumulative)","SE.SEC.CUAT.LO.FE.ZS","","","","","","","","","","","","","","","","","","","","","","","","","","","","","","","","","","","","","","","","","","","","","","","","","","","","","","99.8623733520508","99.8507766723633","99.8595275878906","99.8793487548828","","99.8544998168945","99.876579284668","","99.8954772949219","99.9572982788086","","","",
"Uzbekistan","UZB","Lower secondary school starting age (years)","SE.SEC.AGES","","","","","","","","","","","10","10","10","10","10","10","10","10","10","10","10","10","10","10","10","10","10","10","10","10","10","10","10","10","10","10","11","11","11","11","11","11","11","11","11","11","11","11","11","11","11","11","11","11","11","11","11","11","11","11","11","11","11","11","11","11",
"Uzbekistan","UZB","Children out of school, female (% of female primary school age)","SE.PRM.UNER.FE.ZS","","","","","","","","","","","","","","","","","","","","","","","","","","","","","","","","","","","","","","","","","","","","","","","","6.0079197883606","3.35967993736267","2.95493006706238","3.8596360719251","5.05397803860345","5.41403884838572","5.12638556318485","3.11832031544512","2.81265105098828","2.1301939255161","2.3178925363759","","1.66976677868117","1.41842990075957","1.41904248287831","4.19651428847306","4.68400629068273","","",
"Uzbekistan","UZB","Adjusted net enrollment rate, primary, female (% of primary school age children)","SE.PRM.TENR.FE","","","","","","","","","","","","","","","","","","","","","","","","","","","","","","","","","","","","","","","","","","","","","","","","92.06782","93.30616","90.21271","91.11212","91.80225","93.44584","94.82361","96.15187","","","","","","","","","","","",
"Uzbekistan","UZB","Trained teachers in primary education (% of total teachers)","SE.PRM.TCAQ.ZS","","","","","","","","","","","","","","","","","","","","","","","","","","","","","","","","","","","","","","","","","","","","","","","100","100","100","100","100","100","","","","","","98.944920050941","99.0333523720512","99.9764379181218","99.159739642254","100","100","100","100","100",
"Uzbekistan","UZB","Repeaters, primary, male (% of male enrollment)","SE.PRM.REPT.MA.ZS","","","","","","","","","","","","","","","","","","","","","","","","","","","","","","","","","","","","","","","","","","0.06698","0.04447","0.03344","0.02855","0.01928","0.01676","0.01113","0.00723","0.00507","0.00856","0.00666","0.00664","0.00548","0.00457","0.00291","0.00231","0.00235","0.00117","","","","","","","",
"Uzbekistan","UZB","Persistence to last grade of primary, female (% of cohort)","SE.PRM.PRSL.FE.ZS","","","","","","","","","","","","","","","","","","","","","","","","","","","","","","","","","","","","","","","","","96.9062805175781","95.5140533447266","97.9167022705078","96.6948471069336","98.8600082397461","98.9535293579102","98.8709869384766","99.6794662475586","98.9556121826172","99.8070831298828","98.3339614868164","99.3146514892578","98.8586502075195","99.5171203613281","99.0073699951172","99.7412261962891","99.6093063354492","99.8449783325195","99.6270370483398","99.78076171875","99.063362121582","","","","","",
"Uzbekistan","UZB","School enrollment, primary, private (% of total primary)","SE.PRM.PRIV.ZS","","","","","","","","","","","","","","","","","","","","","","","","","","","","","","","","","","","","","","","","","","","","","","","","","","","","","0","0.0794899985194206","0.108659997582436","0.13230000436306","0.121650002896786","0.154919996857643","0.238739997148514","0.353320002555847","0.495480000972748","0.613210022449493","0.726100027561188","","1.3308299779892","",
"Uzbekistan","UZB","Net intake rate in grade 1 (% of official school-age population)","SE.PRM.NINT.ZS","","","","","","","","","","","","","","","","","","","","","","","","","","","","","","","","","","","","","","","","","","","","","","","75.34646","","","77.45341","","","80.0232","80.23842","80.5788","","","88.6827","","","","","","","","",
"Uzbekistan","UZB","School enrollment, primary, female (% net)","SE.PRM.NENR.FE","","","","","","","","","","","","","","","","","","","","","","","","","","","","","","","","","","","","","","","","","","","","","","","","89.42745","88.06605","87.45586","88.28625","88.68583","90.46656","91.8922","93.25238","","","","","","","","","","","",
"Uzbekistan","UZB","Gross intake ratio in first grade of primary education, female (% of relevant age group)","SE.PRM.GINT.FE.ZS","","","","","","","","","","","","","","","","","","","","","","","","","","","","","","","","","","","","","","","","","","97.20734","98.87961","99.95094","95.99818","95.16132","92.13594","91.54084","92.24191","92.8366","95.08067","94.23476","97.87393","97.46601","98.61967","102.83542","105.47025","104.90764","100.35815","","","","","","","",
"Uzbekistan","UZB","Pupil-teacher ratio, primary","SE.PRM.ENRL.TC.ZS","","","","","","","","","","","","","","","","","","","","","","24.10745","","","","","24.09567","","","24.14035","24.10282","23.048","20.82443","20.18343","20.22664","20.1038","23.10311","22.40959","21.19301","20.90977","21.44349","21.71928","21.29445","21.09375","20.14552","19.94866","19.38332","18.24208","17.60546","17.11574","17.76213","15.6244","14.97123","15.64401","18.12079","19.03192","20.42443","21.15014","21.50664","","","","","","","",
"Uzbekistan","UZB","Educational attainment, at least completed primary, population 25+ years, total (%) (cumulative)","SE.PRM.CUAT.ZS","","","","","","","","","","","","","","","","","","","","","","","","","","","","","","","","","","","","","","","","","","","","","","","","","","","","","","","","","","","99.990592956543","100","100","99.9978103637695","100","","","",
"Uzbekistan","UZB","Primary completion rate, male (% of relevant age group)","SE.PRM.CMPT.MA.ZS","","","","","","","","","","","","","","","","","","","","","","","","","","","","","","","","","","","","","","","","","","100.975166320801","99.7373123168945","95.2024078369141","96.1371688842773","100.306343078613","95.6865692138672","95.1703109741211","94.895393371582","98.0258636474609","97.0994673959983","95.6213587084164","95.831859473453","97.8364384807647","96.4488769120533","94.15626641782","97.4038222331139","98.5935667318287","97.4346951578376","96.7492930939905","98.6533272844488","98.417332700753","98.2200381353962","95.8774449459718","97.8348978593557","84.0570610749811",
"Uzbekistan","UZB","Trained teachers in preprimary education, male (% of male teachers)","SE.PRE.TCAQ.MA.ZS","","","","","","","","","","","","","","","","","","","","","","","","","","","","","","","","","","","","","","","","","","","","","","","100","100","100","100","100","100","100","100","100","100","100","100","100","19.8438491821289","96.726272352132","100","10.1588001251221","100","","",
"Uzbekistan","UZB","School enrollment, preprimary (% gross)","SE.PRE.ENRR","","","","","","","","","","","","","","","","","","","","","","50.495491027832","","","","","53.6139984130859","","","56.0158882141113","56.7618789672852","56.8755912780762","54.7904586791992","48.1588516235352","45.2901382446289","41.0275115966797","36.3683891296387","28.7426204681396","25.9279804229736","23.6865196228027","23.8231201171875","25.022310256958","26.5906505584717","27.2064990997314","26.624439239502","26.7049407958984","26.9433193206787","27.2770099639893","27.1265506744385","26.0134201049805","25.5874290466309","24.9519290924072","24.5070896148682","24.063720703125","24.0260696411133","25.1772003173828","25.0657196044922","26.7545700073242","27.9488906860352","32.9626197814941","41.4435691833496","44.0116310119629","","","","",
"Uzbekistan","UZB","Female primary school age children out-of-school (%)","SE.LPV.PRIM.SD.FE","","","","","","","","","","","","","","","","","","","","","","","","","","","","","","","","","","","","","","","","","","","","","","","","","","","","","","","","","","","","","","","","","","",
"Uzbekistan","UZB","Female pupils below minimum reading proficiency at end of primary (%). Low GAML threshold","SE.LPV.PRIM.LD.FE","","","","","","","","","","","","","","","","","","","","","","","","","","","","","","","","","","","","","","","","","","","","","","","","","","","","","","","","","","","","","","","","","","",
"Uzbekistan","UZB","School enrollment, tertiary (gross), gender parity index (GPI)","SE.ENR.TERT.FM.ZS","","","","","","","","","","","","","","","","","","","","","","","","","","","","","","","","","","","","","","","","0.84552001953125","0.836049973964691","0.811420023441315","0.801940023899078","0.773689985275269","0.783010005950928","0.696269989013672","0.700959980487823","0.704079985618591","0.675700008869171","0.695410013198853","0.645315790241334","0.643890418944528","0.596697142678749","0.593779298053791","0.615792423377889","0.623273325846433","0.639955824833384","0.645908898926024","0.698955920799342","0.737179264437493","0.891130550957904","0.875850212463041","0.883335179295279","1.02965673681469","1.1125608530511","1.14318746471446",
"Uzbekistan","UZB","Compulsory education, duration (years)","SE.COM.DURS","","","","","","","","","","","","","","","","","","","","","","","","","","","","","","","","","","","","","","11","11","11","11","11","11","11","11","11","11","11","11","11","11","12","12","12","12","12","12","12","12","12","12","12","12","12","11","11",
"Uzbekistan","UZB","Literacy rate, youth total (% of people ages 15-24)","SE.ADT.1524.LT.ZS","","","","","","","","","","","","","","","","","","","","","","","","","","","","","","","","","","","","","","","","","99.870002746582","","","","","","","","","","","","","100","100","100","100","","100","100","","100","100","","","",
"Uzbekistan","UZB","Real effective exchange rate index (2010 = 100)","PX.REX.REER","","","","","","","","","","","","","","","","","","","","","","","","","","","","","","","","","","","","","","","","","","","","","","","","","","","","","","","","","","","","","","","","","","",
"Uzbekistan","UZB","Coverage of social insurance programs in 2nd quintile (% of population)","per_si_allsi.cov_q2_tot","","","","","","","","","","","","","","","","","","","","","","","","","","","","","","","","","","","","","","","","","","","","","","","","","","","","","","","","","","","17.7385520391385","","","","","","","",
"Uzbekistan","UZB","Adequacy of social insurance programs (% of total welfare of beneficiary households)","per_si_allsi.adq_pop_tot","","","","","","","","","","","","","","","","","","","","","","","","","","","","","","","","","","","","","","","","","","","","","","","","","","","","","","","","","","","28.0922738321656","","","","","","","",
"Uzbekistan","UZB","Coverage of social safety net programs in 2nd quintile (% of population)","per_sa_allsa.cov_q2_tot","","","","","","","","","","","","","","","","","","","","","","","","","","","","","","","","","","","","","","","","","","","","","","","","","","","","","","","","","","","10.2930371000579","","","","","","","",
"Uzbekistan","UZB","Adequacy of social safety net programs (% of total welfare of beneficiary households)","per_sa_allsa.adq_pop_tot","","","","","","","","","","","","","","","","","","","","","","","","","","","","","","","","","","","","","","","","","","","","","","","","","","","","","","","","","","","17.022792995764","","","","","","","",
"Uzbekistan","UZB","Coverage of unemployment benefits and ALMP in 2nd quintile (% of population)","per_lm_alllm.cov_q2_tot","","","","","","","","","","","","","","","","","","","","","","","","","","","","","","","","","","","","","","","","","","","","","","","","","","","","","","","","","","","","","","","","","","",
"Uzbekistan","UZB","Adequacy of unemployment benefits and ALMP (% of total welfare of beneficiary households)","per_lm_alllm.adq_pop_tot","","","","","","","","","","","","","","","","","","","","","","","","","","","","","","","","","","","","","","","","","","","","","","","","","","","","","","","","","","","","","","","","","","",
"Uzbekistan","UZB","PPP conversion factor, households and NPISHs Final consumption expenditure (LCU per international $)","PA.NUS.PRVT.PP","","","","","","","","","","","","","","","","","","","","","","","","","","","","","","","","","","","","","","","","","","","","","","","","","","","572.081224105987","630.993103382291","734.582288469389","858.7349350928","978.797016605392","1126.01562361596","1285.0068329072","1521.47524204932","1846.99000583682","2198.44387251386","2594.96519520207","2906.58154296875","2999.26259450866","3167.50180292","3372.98975973115","3573.27635438062",
"Uzbekistan","UZB","Official exchange rate (LCU per US$, period average)","PA.NUS.FCRF","","","","","","","","","","","","","","","","","","","","","","","","","","","","","","","","","","","","29.775","40.0666666666666","62.9166666666667","94.4916666666667","124.625","236.608333333333","","","","","","","","","","","","","2094.98846505376","2310.94815880696","2567.98721339827","2965.25349937684","5113.87894595717","8069.60623655914","8836.7875","10054.2613341653","10609.464390809","11050.145422363","11734.8334198669","12652.2868209739","12579.3943476702",
"Uzbekistan","UZB","Net secondary income (Net current transfers from abroad) (current LCU)","NY.TRF.NCTR.CN","","","","","","","","","","","","","","","","","","","","","","","","","","","","","","","","","444000","12000000","128050000","565630000","-80160000","1888125000","4062640000","6107360000","3075670000","18575570000","92283600000","309857460000","362697901000","732187574500","893303440000","1312755720000","2425273200000","1706145205600","3175338119400","5131654401500","8013820782200","8049755041500","10247698273000","5884475452800","9760556508600","22106873025000","33954409055000","48200697510700","49403188224000","66192001928700","119531180668682","103327074203529","133850083201563","172682361621628",
"Uzbekistan","UZB","Taxes less subsidies on products (current US$)","NY.TAX.NIND.CD","","","","","","","","","","","","","","","","","","","","","","","","","","","","650121897.855848","449034575.662326","0","-142439225.381129","-43362839.7951588","-115916559.687792","1231635291.1936","1061727776.50532","1754746590.07731","2012514970.05988","1825382641.50943","2158411854.36071","2293003851.09114","1722811615.03022","1352114632.28315","1219718346.48843","1384788024.7905","1692405808.47724","1518590400.20127","1754503987.13615","2262877132.99775","2922808613.89142","3250637955.26808","5966357743.53742","6778193883.87002","7576079936.92254","7603097566.45844","7953620434.28686","7845392180.30756","7564770029.80176","6803445167.62834","5647834065.43806","5122073162.89998","4412209045.13242","4900606089.41819","5409717493.94232","4983358988.32043","4775539090.6657","6479691847.24377",
"Uzbekistan","UZB","Gross savings (% of GDP)","NY.GNS.ICTR.ZS","","","","","","","","","","","","","","","","","","","","","","","","","","","","","","","","","","","","","","","","","","","","","","34.6724805212434","37.4547721337692","39.8404548283533","48.5582646562901","35.8223115286573","27.9174331446826","29.8475118608235","28.3913520920498","25.7785733535912","26.1503615424392","21.8447595152309","19.7299347574","29.175390526969","32.5052730514447","31.455427922938","31.6610339789281","30.105478979262","31.376506467766","29.8317667739334","29.6640644139852","29.5379950639285",
"Uzbekistan","UZB","GNI per capita, PPP (constant 2021 international $)","NY.GNP.PCAP.PP.KD","","","","","","","","","","","","","","","","","","","","","","","","","","","","","","","","","","","","","","","","","","","","","","","","","","","","","","","","","","","","","","9748.33064523764","","","","",
"Uzbekistan","UZB","GNI per capita (constant 2015 US$)","NY.GNP.PCAP.KD","","","","","","","","","","","","","","","","","","","","","","","","","","","","","","","","","","","","","","","","","","","","","","","","","","","","","","","","3219.29504158974","","","","","","","","","","",
"Uzbekistan","UZB","GNI, PPP (current international $)","NY.GNP.MKTP.PP.CD","","","","","","","","","","","","","","","","","","","","","","","","","","","","","","","60739449953.7394","62484599310.6933","56488393339.2142","56582472432.7638","54802884176.9118","55484990853.0303","57331746882.1159","61009422376.7159","64628218625.0196","68182074503.1127","72027629293.3131","76581164171.3714","81069351440.3385","86427268469.2662","95958425153.9474","106058092315.264","117135487886.191","136915458470.375","154198285222.786","163389440166.712","176722726253.29","195305012746.127","203466941091.167","218524850128.195","228364230946.084","240118577882.734","248095405236.268","262274752260.435","281672484505.093","296776030742.108","300285076442.621","333818871123.002","381721930603.236","420221230625.235","459501776727.166","505247547353.934",
"Uzbekistan","UZB","GNI: linked series (current LCU)","NY.GNP.MKTP.CN.AD","","","","","","","","","","","","","","","","","","","","","","","","","","","","","","","38588823.4313775","73237304.1968302","525737047.192515","6064400147.66562","76980937126.0161","359511565653.078","662311568662.792","1150732967908.9","1675539141347.04","2511945824782.56","3822014234718.32","5772039885566.77","8753458468110.47","11600666913424","14539279770383.1","18920155439197.8","25027963283942.2","34719485672667.9","48641030585573.2","60066520821605.2","89458139151400","117573305053300","143831719301600","175761744829000","213574734399900","254208179737599","292741836791799","375815375135501","506980157197000","626589037159501","706685910240500","864962184503700","1.05308391959707E+15","1.27347730873712E+15","1.5499642698403E+15","1.85432230827063E+15",
"Uzbekistan","UZB","Gross domestic income (constant LCU)","NY.GDY.TOTL.KN","","","","","","","","","","","","","","","","","","","","","","","","","","","","","","","","","","","","","","41196219233128.7","42800287592802.9","44546808942296.5","46965081478404.2","48587215587706.7","50249816500736.8","52070690746672.4","56096864319899.2","59348515848286.7","64878804768815.9","72247009775883.8","78447794925443.6","85092221836714.9","88102358100000","95893409146998","102066529897775","108966827677826","118069822951252","125366243732327","130967710552681","137442748596044","145453786991358","155544656695127","160940938862488","173920486174859","182488049855084","192607530630083","208802732716041","228378783700634",
"Uzbekistan","UZB","Total natural resources rents (% of GDP)","NY.GDP.TOTL.RT.ZS","","","","","","","","","","","","","","","","","","","","","","","","","","","","","","","8.7165812511313","5.1847025392328","5.66659756131721","8.10684159636021","7.74856166967531","11.1179090432586","10.6468479718971","10.1136804153901","1.90257531931013","2.75191080361565","13.0415850904654","23.6268314045495","20.2621767791619","21.8113636692648","18.7848672272018","15.384751249307","25.5491555225991","22.592298325054","30.0514470934068","18.630930613669","14.7836491186156","19.0673372740717","17.2844522443221","14.6803511298882","10.3618681106859","7.25480371959986","6.72025279446491","12.0271937236882","18.6507971459477","10.8569985159248","9.08357795040879","20.46516083278","","","","",
"Uzbekistan","UZB","GDP per capita (constant LCU)","NY.GDP.PCAP.KN","","","","","","","","","","","","","","","","","","","","","","","","","","","","2147469.53220051","2279820.44037358","2289524.42793367","2270713.91984169","2205868.73474601","1911203.90236236","1824542.25180287","1693065.33841158","1644567.97799573","1641413.42288946","1697188.27450758","1742592.06418061","1792195.89986857","1837574.35063361","1890955.23474777","1942119.94016315","1999814.73420199","2122521.82376284","2241820.00845869","2378005.00219287","2567029.53568131","2756182.78172423","2930695.75952964","3103779.72828809","3305090.18153296","3495043.03059261","3713265.22502151","3933668.78790672","4173505.81830557","4377400.27182782","4506146.27183241","4682491.60692384","4910903.93636912","4898167.26846526","5198299.95349185","5404926.81695042","5631328.24873428","5890062.322371","6225177.88232627",
"Uzbekistan","UZB","GDP per capita (current US$)","NY.GDP.PCAP.CD","","","","","","","","","","","","","","","","","","","","","","","","","","","","450.244536476152","550.999615085024","598.123131680436","652.9376529256","658.313550528068","602.920525827048","595.777099596612","574.229079896619","582.54213674034","597.33228695111","620.59129581366","621.048904301242","697.763539790812","555.149231099186","454.415812256778","381.409296889283","394.164028897235","462.171492867885","542.835808692209","649.118167003925","824.028192334768","1074.72928796701","1205.7993547038","1956.78127255673","2338.55462817306","2573.95586785056","2781.38869470315","3021.00331668049","3172.89899391083","3128.42307170099","2271.4730109511","1894.09088741408","2128.66067138334","2087.96374711792","2370.36480555669","2698.60262953369","3015.97705069457","3337.45492058664","3968.2720079072",
"Uzbekistan","UZB","GDP (constant LCU)","NY.GDP.MKTP.KN","","","","","","","","","","","","","","","","","","","","","","","","","","","","40651748567423","44366742056547.3","45738248479801.2","46470060458147.8","46241427758294.4","41062387850606.5","40117952928240.1","38031819378752.9","37689533002267.1","38330255064459.7","40323428326494.6","42057335744962.4","43865801182750.3","45548054658170.3","47444601980153.1","49329807637745.3","51417754583083.4","55247863433361.4","59087593917445.6","63490457807762.6","69504912244343.5","75780622686199.1","81881670093707.8","88102358100000","95263262100000","102271610142027","110373336910779","118887248174892","128332574440091","136945076467216","143381870317472","151588595211833","161886479902131","164511667996898","178009003324189","188842494835724","200769843541647","214173615667267","230664180449969",
"Uzbekistan","UZB","GDP (current LCU)","NY.GDP.MKTP.CN","","","","","","","","","","","","","","","","","","","","","","","","","","","","27269000","29372000","30698000","32430400","61549300","443886500","5112545100","64877600000","302787300000","559071600000","976830000000","1416158000000","2128660000000","3255600000000","4925300000000","7450200000000","9844000000000","12261000000000","15923400000000","21124900000000","28190000000000","38969800000000","49375600000000","88102358100000","115627763000000","142333037800000","173201450000000","210998267900000","250544565600000","290213405500000","369612781003000","494814797600000","620083233800000","705076462800000","861170774300000","1.0418779433E+15","1.2618060318E+15","1.5354317449E+15","1.8496500067E+15",
"Uzbekistan","UZB","Gross value added at basic prices (GVA) (constant LCU)","NY.GDP.FCST.KN","","","","","","","","","","","","","","","","","","","","","","","","","","","","36605592049590.6","39950994243759.9","41186352169999.8","41823570500766.7","41618315908985","36952711866400.7","36126343430873.4","34133590418094.8","33805771701684.7","33924616420890.2","35540457875446","37038568068948.4","38652297056887.3","40112194318885.4","41823195142920.4","43595487584477.2","45531638780634.1","48868246880895","52021893722567","55982634800872.4","61350414078347.2","66642632165802.5","71689516647689.3","78638724900000","85177156000000","91739292192408.1","99129008458325","106940150438912","115586461884617","123447616158760","129151031215938","136520056151596","146087403578444","148453335537816","160987857989374","171652969179449","182402971050762","194631667036097","209643368833526",
"Uzbekistan","UZB","Discrepancy in expenditure estimate of GDP (constant LCU)","NY.GDP.DISC.KN","","","","","","","","","","","","","","","","","","","","","","","","","","","","","","","","","","","","","","","","","","","","","","","","","","","","","","","","","","","","","","","","","","",
"Uzbekistan","UZB","Inflation, GDP deflator: linked series (annual %)","NY.GDP.DEFL.KD.ZG.AD","","","","","","","","","","","","","","","","","","","","","","","","","","","","","","","3.9796893528446","90.7272799986184","712.149260299592","1078.88285465085","1238.59527057916","370.943953266934","81.5552546856372","66.0870678114848","38.9979555922979","44.1153632835812","47.2926152132159","45.2394762791819","45.4831275096352","26.7651832011078","15.9182742721741","21.4308665644834","23.4658082867025","21.8970999284027","26.791584982816","17.2615651342413","39.3686438819984","21.3770770085775","14.6605314723228","12.7552379061668","13.0983488588271","10.0029837381429","8.54828494143895","21.6414792151717","26.6261525236885","17.344640412252","11.8922745644335","12.8776093185007","14.0433065322102","13.9139742527294","14.0697338660497","11.8522829852429",
"Uzbekistan","UZB","Adjusted net savings, excluding particulate emission damage (% of GNI)","NY.ADJ.SVNX.GN.ZS","","","","","","","","","","","","","","","","","","","","","","","","","","","","","","","","","","","","","","","","","","","","","","4.73072947068998","1.52961868884751","9.76403322606928","14.5608538781906","11.7020826069545","12.079192203511","12.1516313270423","13.0789115560303","10.8126170031536","14.6143510848253","12.5188246029898","10.7236657646894","14.0010758911602","10.1493305961603","11.9887793501889","10.8761411992733","3.22796722348203","","","","",
"Uzbekistan","UZB","Adjusted net national income per capita (annual % growth)","NY.ADJ.NNTY.PC.KD.ZG","","","","","","","","","","","","","","","","","","","","","","","","","","","","","","","","","","","","","","","","","","","","","","","","","","","","","","","","","","","","","","","","","","",
"Uzbekistan","UZB","Adjusted net national income (constant 2015 US$)","NY.ADJ.NNTY.KD","","","","","","","","","","","","","","","","","","","","","","","","","","","","","","","","","","","","","","","","","","","","","","","","","","","","","","","","74303403461.0591","","","","","","","","","","",
"Uzbekistan","UZB","Adjusted savings: gross savings (% of GNI)","NY.ADJ.ICTR.GN.ZS","","","","","","","","","","","","","","","","","","","","","","","","","","","","","","","","","","","","","","","","","","","","","","34.6950192220466","37.6237123848804","38.2253199192653","45.873563344738","34.8833313564154","31.1787919809898","33.0283822571247","32.2990085992286","29.0036488452485","29.888759393549","25.3737197572738","24.1399990096456","31.5385924944595","34.6156823591919","34.4195348066502","33.7105447763566","33.5498235279788","","","","",
"Uzbekistan","UZB","Adjusted savings: energy depletion (% of GNI)","NY.ADJ.DNGY.GN.ZS","","","","","","","","","","","","","","","","","","","","","","","","","","","","","","","","","3.14796624387691","5.10252255303048","4.54276479673237","8.26336140433452","7.64434030927951","7.26940608451126","1.39046257370085","2.02424246600892","9.73937655815434","17.2189767061747","14.1433694090679","15.2276306498134","12.2834312802754","9.80216071891252","14.5572373519477","12.0133811350554","16.2753338268482","9.1378461343451","6.00105803419677","7.71333296314229","7.53015271315858","7.28856912993282","4.88837665581086","2.91556133429393","1.75021563421201","3.32217396691367","6.75288149255514","4.16917666591547","1.65179797036212","8.43809016319972","","","","",
"Uzbekistan","UZB","Adjusted savings: consumption of fixed capital (% of GNI)","NY.ADJ.DKAP.GN.ZS","","","","","","","","","","","","","","","","","","","","","","","","","","","","","","","","","4.59055510302924","4.03491660367797","4.98227965665505","5.46743035446526","5.75308138891437","6.72212992406844","7.47781784771142","7.63216998226244","8.31645040828436","8.2617509211556","8.37138247341023","8.33002686303942","8.28679683063386","8.34174145180475","8.80432919938654","7.94136545526978","8.30025451960047","8.75326263453044","9.71784201343744","9.41257873934953","9.48109278837312","9.77389502806087","10.2635877213799","10.4418914488864","11.1969645966733","11.1253299024518","11.1795079301363","12.8617077231561","13.6342184320492","14.1213285058272","","","","",
"Uzbekistan","UZB","Adjusted savings: carbon dioxide damage (% of GNI)","NY.ADJ.DCO2.GN.ZS","","","","","","","","","","","","","","","","","","","","","","","","","","","","","","","","","11.7700156303537","12.3122040784492","12.4019568680809","11.2676066376575","11.4253072166105","11.4464059999465","13.3683249114753","12.2280182387466","16.970872644372","21.7876751096569","27.4305799772148","25.5696215521305","22.9888322247815","19.4151313094294","18.1149510381562","13.5822205447615","11.0607191953942","9.3050475521954","7.12699849081741","6.25776302943735","5.14601683171161","4.85996457407492","4.3082482953098","3.93552355339479","4.34409773857138","6.47498980471302","8.1388575979451","7.84787788481413","7.81182795614837","7.15809705639857","","","","",
"Uzbekistan","UZB","Services, value added (% of GDP)","NV.SRV.TOTL.ZS","","","","","","","","","","","","","","","","","","","","","","","","","","","","31.5266419744032","33.4842707340324","36.3020392207961","34.6378706398934","26.5388883382914","29.6291957516167","31.7803709936955","33.1703083961182","34.6629135369945","37.124261006998","36.5480073298322","36.4","36.5046555109787","37.1943727730679","38.2149310701886","37.898311454726","37.4278748476229","37.1821221760052","37.0429682103068","37.9585228805817","39.7591344448386","41.3540741805193","41.365775808294","43.0145644421747","42.517157579188","42.4028358649983","43.7890193182563","42.8265408523764","42.1671345961934","41.9898933993247","39.5614976850092","38.1762326664905","38.8311667329587","38.7460145833136","39.3194699013371","41.9832790119879","44.5611820065481","46.3253634726906","46.4894145533052",
"Uzbekistan","UZB","Services, value added (current LCU)","NV.SRV.TOTL.CN","","","","","","","","","","","","","","","","","","","","","","","","","","","","8597000","9835000","11144000","11233200","16334500","131520000","1624785800","21520100000","104954900000","207551200000","357011900000","515481512000","777060000000","1210900000000","1882200000000","2823500000000","3684400000000","4558900000000","5898500000000","8018700000000","11208100000000","16115600000000","20424600000000","37896845600000","49161638200000","60353244400000","75843216400000","90363259400000","105647464200000","121860299600000","146224351800000","188901648400000","240785554400000","273189029100000","338607783400000","437414523900000","562275682400000","711294336700000","859891459400000",
"Uzbekistan","UZB","Medium and high-tech manufacturing value added (% manufacturing value added)","NV.MNF.TECH.ZS.UN","","","","","","","","","","","","","","","","","","","","","","","","","","","","","","","19.7322339626267","19.7322339626267","19.7322339626267","19.7322339626267","19.7322339626267","19.7322339626267","19.7322339626267","19.7322339626267","19.7322339626267","19.7322339626267","19.7322339626267","19.7322339626267","19.7322339626267","19.7322339626267","19.7322339626267","19.7322339626267","19.7322339626267","19.7322339626267","19.7322339626267","19.7322339626267","19.7322339626267","19.7322339626267","19.7322339626267","19.7322339626267","19.3393657551704","17.5679837808978","16.1602651939793","19.6355422943015","23.0799978999817","20.4504445005121","18.0174634767564","17.5130356969565","17.6340471646655","","","",
"Uzbekistan","UZB","Chemicals (% of value added in manufacturing)","NV.MNF.CHEM.ZS.UN","","","","","","","","","","","","","","","","","","","","","","","","","","","","","","","","","","","","","","","","","","","","","","","","","","","","","","6.93844763186491","6.48253859638524","6.99448228867338","9.1068254886258","10.0832603395756","9.51430311581452","8.72269176292906","8.16046755819387","8.5831037452649","8.39553844005584","6.80784091026651","","",
"Uzbekistan","UZB","Industry (including construction), value added (constant 2015 US$)","NV.IND.TOTL.KD","","","","","","","","","","","","","","","","","","","","","","","","","","","","9057867731.05232","9057867731.05232","9768338662.84562","9923674599.09704","10325171314.3989","8369663541.86943","7842583543.2888","6979249360.99136","6619706376.66531","6715641047.75753","6894149835.88569","7053788285.44999","7202143951.04119","7330193516.77414","7542451089.7388","7798894888.62365","8046663445.66858","8520101217.02415","8973447308.98679","9680385023.87047","10492990159.387","11176501298.1286","12281754130.3922","15483528508.1023","16391669677.7791","17761955582.123","19707698702.3564","21404101207.1912","23446563361.0614","24991403997.3064","26249656703.8237","57080632577.2717","62540243207.9159","64699665923.0576","70109778782.539","74048702044.8148","78908729462.8524","84691182767.1494","91799734780.7301",
"Uzbekistan","UZB","Manufacturing, value added (constant LCU)","NV.IND.MANF.KN","","","","","","","","","","","","","","","","","","","","","","","","","","","","","","","","","","","","","","","","","","","","","","","","","","","9142193000000","9927102800000","10567799065034","11901429247365.3","12872690134552.9","13730066337243.8","14741728399430.4","15278269793417","92378546621334.6","98887126385579.9","106882462219776","115723618509939","121853298757459","130716854264278","139788756789309","150558008742019",
"Uzbekistan","UZB","Manufacturing, value added (current US$)","NV.IND.MANF.CD","","","","","","","","","","","","","","","","","","","","","","","","","","","","","","","","","","","","","","","","","","","","","","","","","","","5763705423.24734","7004861294.37442","8096834220.58061","9717683910.97084","11648910597.6522","12984721626.0263","13746747795.3392","1993128759.52461","10744700689.6626","13017996856.8895","14380726330.5416","16575986140.1848","18184505997.5356","20675729191.561","24213633095.2847","30542340852.927",
"Uzbekistan","UZB","Agriculture, forestry, and fishing, value added (% of GDP)","NV.AGR.TOTL.ZS","","","","","","","","","","","","","","","","","","","","","","","","","","","","25.505152370824","28.0335012937491","31.1355788650726","33.1139918101534","37.0931919615658","35.1391853548148","27.5850886870416","34.3455984808316","28.0499215125601","22.3647561421471","28.1986118362458","26.8","29.0229534073079","30.05590367367","29.973808702008","30.1226812703015","28.4620073141","26.4440094608923","26.3310599495083","25.0794086599227","23.235899255055","19.6896057973097","18.6326849699042","24.0815269392886","26.469076721652","25.9172267873847","24.5690997967973","25.3540246715931","25.7597922930163","25.7139411156526","24.7588478005735","22.962221977009","21.1335355089228","21.5708620304833","21.4018272914351","20.3856963443599","19.6622079976968","17.7295044800399","16.5595763193311",
"Uzbekistan","UZB","Agriculture, forestry, and fishing, value added (current LCU)","NV.AGR.TOTL.CN","","","","","","","","","","","","","","","","","","","","","","","","","","","","6955000","8234000","9558000","10739000","22830600","155978100","1410300100","22282600000","84931600000","125035000000","275452500000","379530344000","617800000000","978500000000","1476300000000","2244200000000","2801800000000","3242300000000","4192800000000","5298000000000","6550200000000","7673000000000","9200000000000","21216393100000","30605601300000","36888776200000","42554037100000","53496552900000","64539759700000","74625304200000","91511865900000","113620472200000","131045510400000","152091071000000","184306281800000","212394073800000","248098926500000","272224440000000","306294204500000",
"Uzbekistan","UZB","External balance on goods and services (% of GDP)","NE.RSB.GNFS.ZS","","","","","","","","","","","","","","","","","","","","","","","","","","","","","","","","","","","","","","-2.98035482120738","-0.289515717878937","-0.260680428062725","5.27137854773314","2.57393458266502","2.88636546669888","6.01589800893946","6.98410406981486","6.09280053254958","5.55608310571884","4.92766583894998","2.58905357481948","0.652119670444511","-0.607071991447865","-2.03573581396762","-5.08471349673084","-4.50236066189567","-3.77743405237499","-2.83523395154702","-3.98355702398186","-5.40148841803183","-15.1091341853666","-13.6788410614175","-11.5787300111814","-14.1437800300418","-15.5824394828611","-16.4717299218606","-14.3955326918299","-13.3285438403188",
"Uzbekistan","UZB","Net financial flows, RDB nonconcessional (NFL, current US$)","DT.NFL.RDBN.CD","","","","","","","","","","","","","","","","","","","","","","","","","","","","","","","","","","","4290000","6490000","35038000","8489000","39085000","76459000","64555000","42653000","5167000","29537000","87491000","57274000","2871000","17522000","12160000","78006000","55004000","5323000","188108000","189703095.9","264175000","334483000","80149000","194560000","506537000","620461000","958277000","277544878.7","720815851.2","384987144.4","736235835.9","",
"Uzbekistan","UZB","PNG, commercial banks and other creditors (NFL, current US$)","DT.NFL.PNGC.CD","","","","","","","","","","","","","","","","","","","","","","","","","","","","","","","","","","207000","3546000","10750000","52920000","99520000","175423000","213973000","-84138000","-69366000","9605000","106780000","13515000","32177000","80836000","276172000","443841000","1810948000","613050000","178693000","217843000","1352803000","1333500000","452400000","835400000","-114200000","21115000","1024994000","1579752000","2819796000","2774942000","3539026000","3620672000","",
"Uzbekistan","UZB","PPG, bonds (NFL, current US$)","DT.NFL.PBND.CD","","","","","","","","","","","","","","","","","","","","","","","","","","","","","","","","","","","","","","","","","","","","","","","","","","","","","","","","","","","","1500000000","1047624000","1335235000","","507835000","3365301000","",
"Uzbekistan","UZB","Net financial flows, multilateral (NFL, current US$)","DT.NFL.MLAT.CD","","","","","","","","","","","","","","","","","","","","","","","","","","","","","","","","","","","5183000","245783000","44020000","-45500000","49853000","103667000","92551000","78314000","33405000","35868000","104114000","75699000","42293000","47631000","44603000","148977000","109902000","114239000","365218000","548764000","446312000","646273000","389486000","511317000","1668050000","1742226000","2252948000","1020004000","3014417000","2286205000","2629482000","",
"Uzbekistan","UZB","Net financial flows, IMF concessional (NFL, current US$)","DT.NFL.IMFC.CD","","","","","","","","","","","","","","","","","","","","","","","","","","","","","","","","","","","","","","","","","","","","","","","","","","","","","","","","","","","","","","","","","","",
"Uzbekistan","UZB","Net official flows from UN agencies, FAO (current US$)","DT.NFL.FAOG.CD","","","","","","","","","","","","","","","","","","","","","","","","","","","","","","","","","","","","","","","","","","","","","","","","","","","","","","282090.00825882","","","","","476669.996976852","376062.989234924","318915.992975235","472130.000591278","585732.996463776","419773.012399673","","",
"Uzbekistan","UZB","Net financial flows, bilateral (NFL, current US$)","DT.NFL.BLAT.CD","","","","","","","","","","","","","","","","","","","","","","","","","","","","","","","","","60895029.5","455542221.3","-45511074.8","36431982.9","185933883.8","79225285.7","149029253.8","302209096","165015821.4","175481155.4","-63240938.4","-86776515.1","-34114242.8","-52552150.8","-102335505.3","-34098696.6","-12450279.3","91770093.2","73615752.4","185116689","-44122998.2","53158809.9","142161499.9","254622343.1","357904896.9","404432981.5","784556923.2","1562208445.7","1968296140.3","1374676538.2","281255221.5","423758815","859498102.3","",
"Uzbekistan","UZB","IBRD loans and IDA credits (DOD, current US$)","DT.DOD.MWBG.CD","","","","","","","","","","","","","","","","","","","","","","","","","","","","","","","","","","0","907000","157364000","154907000","154787000","176742000","202614000","217410000","237037000","274706000","298475000","316520000","310412000","341538000","359323000","367663000","367817000","373363000","381524000","420421000","467395000","494389000","598650000","778945000","909566000","1907389000","2723305000","3733530000","4327528000","5570909000","6614729000","7678627000","",
"Uzbekistan","UZB","Short-term debt (% of exports of goods, services and primary income)","DT.DOD.DSTC.XP.ZS","","","","","","","","","","","","","","","","","","","","","","","","","","","","","","","","","","","","","","","","","","","","","","1.40857739108402","2.49097925138605","1.9750371506482","1.36586229622971","3.78312777020143","3.20669791180233","0.907458507358957","0.521813056070425","0.723644057742332","1.05114403059918","1.15841661035905","3.05427811398622","4.92634195193143","5.17160436704427","3.36689382254789","14.4224586002079","18.7512495907155","24.8250056967014","22.8319418373345","17.8993692445693","",
"Uzbekistan","UZB","External debt stocks, private nonguaranteed (PNG) (DOD, current US$)","DT.DOD.DPNG.CD","","","","","","","","","","","","","","","","","","","","","","","","","","","","","","","","","","207000","3754000","14510000","67430000","166950000","323746000","546205000","466616000","401017000","397147000","493023000","503184000","541829000","617180000","862621000","1306462000","3117401000","3730452000","3910000000","4124838000","5481000000","6864091000","7314516000","8148700000","8034500000","7060924000","8578600000","11829198000","13862341000","16637283000","20276309000","24180685000","",
"Uzbekistan","UZB","External debt stocks, total (DOD, current US$)","DT.DOD.DECT.CD","","","","","","","","","","","","","","","","","","","","","","","","","","","","","","","","","59702042.9","1031699376.2","1247180534.1","1803493027.6","2394880249.5","2934807714.9","3378314688.4","5315552892","4952972611.3","5216140553.9","5145986275","5328375077.6","5212039886.3","4637855219.3","4520245666.3","4667749025.5","5076578346","7296457110.2","7986413935.7","8214908762.9","8550628096.6","10316705357.1","12218877368.7","13571303501.2","15334623459.2","16701437846.8","18258516232.9","24961864235.4","37154092630","44872282608.6","53592822615.9","61569881480.8","70256401083.6","",
"Uzbekistan","UZB","Net ODA provided to the least developed countries (% of GNI)","DC.ODA.TLDC.GN.ZS","","","","","","","","","","","","","","","","","","","","","","","","","","","","","","","","","","","","","","","","","","","","","","","","","","","","","","","","","","","","","","","","","","",
"Uzbekistan","UZB","Net bilateral aid flows from DAC donors, Sweden (current US$)","DC.DAC.SWEL.CD","","","","","","","","","","","","","","","","","","","","","","","","","","","","","","","","","","","860000.014305115","140000.000596046","","129999.995231628","460000.00834465","289999.99165535","159999.996423721","39999.9991059303","140000.000596046","140000.000596046","370000.004768372","959999.978542328","1350000.02384186","810000.002384186","50000.0007450581","560000.002384186","430000.007152557","829999.983310699","50000.0007450581","57192.001491785","33163.9982759953","29038.0008518696","25500.999763608","10178.9999753237","10355.9996932745","63451.9979357719","200874.999165535","158313.006162643","239210.993051529","198054.999113083","","",
"Uzbekistan","UZB","Net bilateral aid flows from DAC donors, Poland (current US$)","DC.DAC.POLL.CD","","","","","","","","","","","","","","","","","","","","","","","","","","","","","","","","","","","","","","","","","","","","","","5960000.03814697","4519999.98092651","4599999.90463257","-90000.0035762787","-560000.002384186","-629999.995231628","-1230000.01907349","-730000.019073486","-670000.016689301","-670000.016689301","-684880.018234253","-702938.973903656","-393579.989671707","-92770.0027823448","148030.996322632","521502.97164917","1874583.00590515","234068.006277084","4919906.13937378","","",
"Uzbekistan","UZB","Net bilateral aid flows from DAC donors, Luxembourg (current US$)","DC.DAC.LUXL.CD","","","","","","","","","","","","","","","","","","","","","","","","","","","","","","","","","","","","","","","","","","","","","","180000.007152557","","","","","349999.994039536","280000.001192093","286794.006824493","139292.001724243","116529.002785683","81326.000392437","122965.99894762","169697.001576424","129792.004823685","97635.9993219376","93108.9967489243","83185.002207756","89327.9984593391","120398.998260498","","",
"Uzbekistan","UZB","Net bilateral aid flows from DAC donors, Italy (current US$)","DC.DAC.ITAL.CD","","","","","","","","","","","","","","","","","","","","","","","","","","","","","","","","","","90000.0035762787","","9999.99977648258","","1169999.95708466","39999.9991059303","39999.9991059303","9999.99977648258","180000.007152557","370000.004768372","239999.994635582","9999.99977648258","","","","119999.997317791","29999.9993294477","","29999.9993294477","9999.99977648258","9999.99977648258","9999.99977648258","315324.008464813","224897.995591164","1690.99995400757","102856.002748013","56016.0018503666","424104.988574982","70537.0008945465","603251.993656158","887887.001037598","","",
"Uzbekistan","UZB","Net bilateral aid flows from DAC donors, Greece (current US$)","DC.DAC.GRCL.CD","","","","","","","","","","","","","","","","","","","","","","","","","","","","","","","","","","","","","","59999.9986588955","310000.002384186","150000.005960464","319999.992847443","209999.993443489","90000.0035762787","170000.001788139","469999.998807907","400000.005960464","180000.007152557","289999.99165535","439999.997615814","389999.985694885","370000.004768372","349999.994039536","250000","113715.000450611","142489.0011549","103171.996772289","9763.9998421073","9953.99989187717","","232.000005780719","1476.99995432049","","","","","",
"Uzbekistan","UZB","Trademark applications, nonresident, by count","IP.TMK.NRCT","","","","","","","","","","","","","","","","","","","","","","","","","","","","","","","","","","","","","","","","","","","","","6048","6151","7305","9079","8122","6070","6075","7004","7043","7506","6601","6179","5762","6506","7032","7686","7002","7879","","","","",
"Uzbekistan","UZB","Industrial design applications, resident, by count","IP.IDS.RSCT","","","","","","","","","","","","","","","","","","","","","","","","","","","","","","","","","","","","","","","","","","","","","60","50","47","53","54","55","250","301","218","291","366","406","358","321","307","249","149","231","","","","",
"Uzbekistan","UZB","Public private partnerships investment in ICT (current US$)","IE.PPN.ICTI.CD","","","","","","","","","","","","","","","","","","","","","","","","","","","","","","","","","","","","","320000000","","","","","","","","","","","","","","","","","","","","","","","","","","","","","",
"Uzbekistan","UZB","Investment in ICT with private participation (current US$)","IE.PPI.ICTI.CD","","","","","","","","","","","","","","","","","","","","","","","","","","","","","","","","","2500000","","","","320000000","10000000","","","","","","","","","","","","","","","","","","","","","","","","","","","","",
"Uzbekistan","UZB","Management practices index","IC.MNG.IND","","","","","","","","","","","","","","","","","","","","","","","","","","","","","","","","","","","","","","","","","","","","","","","","","","","","","","","","","","","","40.81285095","","","","","39.0033989","",
"Uzbekistan","UZB","Value lost due to electrical outages (% of sales for affected firms)","IC.FRM.OUTG.ZS","","","","","","","","","","","","","","","","","","","","","","","","","","","","","","","","","","","","","","","","","","","","","","","","","0","","","","","0","","","","","","0","","","","","0","",
"Uzbekistan","UZB","Firms formally registered when operations started (% of firms)","IC.FRM.FREG.ZS","","","","","","","","","","","","","","","","","","","","","","","","","","","","","","","","","","","","","","","","","","","","","","","","","100.0000076","","","","","97.42118835","","","","","","99.23660278","","","","","94.21142578","",
"Uzbekistan","UZB","Firms exporting directly at least 10% of sales (% of firms)","IC.FRM.EXS.ZS","","","","","","","","","","","","","","","","","","","","","","","","","","","","","","","","","","","","","","","","","","","","","","","","","1.068724632","","","","","1.480147958","","","","","","4.951943398","","","","","1.725508571","",
"Uzbekistan","UZB","Firms that are fully credit constrained (% of firms)","IC.FRM.CRDC.FL.ZS","","","","","","","","","","","","","","","","","","","","","","","","","","","","","","","","","","","","","","","","","","","","","","","","","","","","","","","","","","","","15.57090187","","","","","34.02083588","",
"Uzbekistan","UZB","Firms that use a third party to resolve commercial disputes (% of firms)","IC.FRM.CDP.ZS","","","","","","","","","","","","","","","","","","","","","","","","","","","","","","","","","","","","","","","","","","","","","","","","","","","","","","","","","","","","","","","","","34.1920166","",
"Uzbekistan","UZB","Firms using banks to finance working capital (% of firms)","IC.FRM.BKWC.ZS","","","","","","","","","","","","","","","","","","","","","","","","","","","","","","","","","","","","","","","","","","","2.7","2","","15","","","","","","","","13.41517448","","","","","","23.72806168","","","","","12.81410599","",
"Uzbekistan","UZB","Average time to clear exports through customs (days)","IC.CUS.DURS.EX","","","","","","","","","","","","","","","","","","","","","","","","","","","","","","","","","","","","","","","","","","","4","","","5.5","","","6.349002838","","","","","4.387583733","","","","","","3.694745779","","","","","2.267530203","",
"Uzbekistan","UZB","B-READY: Utility Services Pillar 2: Quality of Governance and Transparency of Utility Services","IC.BRE.US.P2","","","","","","","","","","","","","","","","","","","","","","","","","","","","","","","","","","","","","","","","","","","","","","","","","","","","","","","","","","","","","","","","","","",
"Uzbekistan","UZB","B-READY: Taxation Pillar 2: Public Services Provided by the Tax Administration","IC.BRE.TX.P2","","","","","","","","","","","","","","","","","","","","","","","","","","","","","","","","","","","","","","","","","","","","","","","","","","","","","","","","","","","","","","","","","","",
"Uzbekistan","UZB","B-READY: Pillar 2: Public Services","IC.BRE.P2.PS","","","","","","","","","","","","","","","","","","","","","","","","","","","","","","","","","","","","","","","","","","","","","","","","","","","","","","","","","","","","","","","","","","",
"Uzbekistan","UZB","B-READY: Market Competition Pillar 1: Quality of Regulations that Promote Market Competition","IC.BRE.MC.P1","","","","","","","","","","","","","","","","","","","","","","","","","","","","","","","","","","","","","","","","","","","","","","","","","","","","","","","","","","","","","","","","","","",
"Uzbekistan","UZB","B-READY: Labor Pillar 1: Quality of Labor Regulations","IC.BRE.LB.P1","","","","","","","","","","","","","","","","","","","","","","","","","","","","","","","","","","","","","","","","","","","","","","","","","","","","","","","","","","","","","","","","","","",
"Uzbekistan","UZB","B-READY: International Trade Pillar 1: Quality of Regulations for International Trade","IC.BRE.IT.P1","","","","","","","","","","","","","","","","","","","","","","","","","","","","","","","","","","","","","","","","","","","","","","","","","","","","","","","","","","","","","","","","","","",
"Uzbekistan","UZB","B-READY: Financial Services Pillar 1: Quality of Regulations for Financial Services","IC.BRE.FS.P1","","","","","","","","","","","","","","","","","","","","","","","","","","","","","","","","","","","","","","","","","","","","","","","","","","","","","","","","","","","","","","","","","","",
"Uzbekistan","UZB","B-READY: Dispute Resolution Pillar 1: Quality of Regulations for Dispute Resolution","IC.BRE.DR.P1","","","","","","","","","","","","","","","","","","","","","","","","","","","","","","","","","","","","","","","","","","","","","","","","","","","","","","","","","","","","","","","","","","",
"Uzbekistan","UZB","B-READY: Business Location Pillar 1: Quality of Regulations for Business Location","IC.BRE.BL.P1","","","","","","","","","","","","","","","","","","","","","","","","","","","","","","","","","","","","","","","","","","","","","","","","","","","","","","","","","","","","","","","","","","",
"Uzbekistan","UZB","B-READY: Business Insolvency Pillar 1: Quality of Regulations for Judicial Insolvency Proceedings","IC.BRE.BI.P1","","","","","","","","","","","","","","","","","","","","","","","","","","","","","","","","","","","","","","","","","","","","","","","","","","","","","","","","","","","","","","","","","","",
"Uzbekistan","UZB","B-READY: Business Entry Pillar 1: Quality of Regulations for Business Entry","IC.BRE.BE.P1","","","","","","","","","","","","","","","","","","","","","","","","","","","","","","","","","","","","","","","","","","","","","","","","","","","","","","","","","","","","","","","","","","",
"Uzbekistan","UZB","Human capital index plus (HCI+): overall score, female (scale 0–325)","HD_HCIP_OVRL_FE","","","","","","","","","","","","","","","","","","","","","","","","","","","","","","","","","","","","","","","","","","","","","","","","","","","","","","","","","","","","","164.012497871541","","","","","151.087512272737",
"Uzbekistan","UZB","Human capital index plus (HCI+): health pillar score, total (scale 0–50)","HD_HCIP_HLTH_TO","","","","","","","","","","","","","","","","","","","","","","","","","","","","","","","","","","","","","","","","","","","","","","","","","","","41.3481729340553","","","","","42.4292997980118","","","","","42.7872545135021","","","","","43.7548902833462",
"Uzbekistan","UZB","Human capital index plus (HCI+): education pillar score, male (scale 0–188)","HD_HCIP_EDUC_MA","","","","","","","","","","","","","","","","","","","","","","","","","","","","","","","","","","","","","","","","","","","","","","","","","","","","","","","","","","","","","113.278117207277","","","","","100.685354710437",
"Uzbekistan","UZB","Regulatory Quality - Governance score (0-100)","GOV_WGI_RQ_SC","","","","","","","","","","","","","","","","","","","","","","","","","","","","","","","","","","","","","26.0903568","","22.7656735","","21.244449","","27.6637358","28.101481","29.0208523","29.4265406","29.7756268","32.0352613","32.5771894","31.4865231","31.1271066","29.9310809","32.0329051","32.0383951","31.7293446","32.2316691","32.7790462","34.4747878","36.762057","40.3286218","38.7365553","43.9189069","44.6389401","44.2694583","46.555286","",
"Uzbekistan","UZB","Political Stability - Governance score (0-100)","GOV_WGI_PV_SC","","","","","","","","","","","","","","","","","","","","","","","","","","","","","","","","","","","","","55.5449044","","50.7935394","","45.3589343","","49.2953242","43.0082704","43.9340692","34.9838692","38.9402138","46.6238029","48.8974527","51.15412","54.7882954","55.4472182","56.3074681","56.2874348","61.4448397","60.6785983","62.3406586","62.240996","62.2739703","62.1917975","59.7210038","62.1151404","61.9220261","61.6158213","65.4377423","",
"Uzbekistan","UZB","Control of Corruption - Governance score (0-100)","GOV_WGI_CC_SC","","","","","","","","","","","","","","","","","","","","","","","","","","","","","","","","","","","","","22.8316534","","24.3572781","","21.7278198","","25.7907168","25.4723823","22.6834085","18.7472559","23.2043325","23.1779355","23.1203402","20.060221","20.0860877","18.6609217","20.1481927","22.3463525","22.8357605","22.3694825","22.9918976","22.6572423","23.339386","25.1350328","30.9390945","32.8367302","33.7033634","33.6504136","32.586308","",
"Uzbekistan","UZB","WBL: Legal Framework Index (scale 0-100)","GD_WBL_OVL_LAW","","","","","","","","","","","","","","","","","","","","","","","","","","","","","","","","","","","","","","","","","","","","","","","","","","","","","","","","","","","","","","","","","","82.1",
"Uzbekistan","UZB","Expense (% of GDP)","GC.XPN.TOTL.GD.ZS","","","","","","","","","","","","","","","","","","","","","","","","","","","","","","","","","","","","","","","","","","","","","","","","","","","","12.7779424393085","12.7811942899458","13.4093565613914","13.2547455085531","13.3096957639729","12.6164114774292","12.2589502018046","14.0744147200816","14.3808618361187","18.0452274411827","21.8708762446776","22.0498816046985","22.344366105039","","",
"Uzbekistan","UZB","Interest payments (% of expense)","GC.XPN.INTP.ZS","","","","","","","","","","","","","","","","","","","","","","","","","","","","","","","","","","","","","","","","","","","","","","","","","","","","0.229464950876994","0.199184117606081","0.143346783666018","0.172510083818639","0.170497175456371","0.152154724137312","0.23806767615793","0.372494239998409","1.16931534249128","1.36080462101252","1.21401158630119","1.51385366601804","2.9451729012447","","",
"Uzbekistan","UZB","Refugees under the mandate of the UNHCR by country or territory of origin","SM.POP.RHCR.EO","","","","","","","","","","","","","","","","","","","","","","","","","","","","","","","","","","","29060","142","69745","69068","51722","45527","3628","3454","6882","7394","7292","8322","9095","5658","6297","6662","8841","12667","11593","4953","4790","4197","3824","3405","3276","3217","3112","3014","4347","4440","5152","5164",
"Uzbekistan","UZB","Net migration","SM.POP.NETM","22039","48168","52532","57002","61512","65579","69537","74030","77914","65596","37324","24030","26748","30094","33600","37611","42094","45622","27783","10864","8540","6223","3897","1568","-752","-773","-802","-824","-473","-13888","-73478","-29064","-33259","-37377","-41788","-45876","-50314","-48360","-49862","-61955","-66547","-48642","-47679","-44092","-38834","-33386","-29197","-27013","-24028","-20378","-20380","-20380","-20381","-20380","-20381","-16545","-14839","-13352","-11516","-9341","-9208","-9205","-5007","-6004","-7066","-6987",
"Uzbekistan","UZB","Asylum-seekers by country or territory of asylum","SM.POP.ASYS.EA","","","","","","","","","","","","","","","","","","","","","","","","","","","","","","","","","","","","","","","","","1243","1335","1075","967","475","582","0","0","0","0","0","0","0","0","0","0","0","0","0","0","0","0","0","0","0","0",
"Uzbekistan","UZB","Unemployment, total (% of total labor force) (modeled ILO estimate)","SL.UEM.TOTL.ZS","","","","","","","","","","","","","","","","","","","","","","","","","","","","","","","","1.9","2.9","4.9","7.3","7.8","10.7","10.9","13.3","13.3","12.301","11.279","10.256","9.22","8.152","7.092","6.035","4.99","4.89","5.04","5.36","4.96","4.87","4.86","5.09","5.15","5.16","5.83","5.392","4.936","5.293","5.364","4.456","4.434","4.439","4.622",
"Uzbekistan","UZB","Unemployment, female (% of female labor force) (modeled ILO estimate)","SL.UEM.TOTL.FE.ZS","","","","","","","","","","","","","","","","","","","","","","","","","","","","","","","","2.43","3.706","8.047","11.66","12.149","16.272","16.19","19.324","18.912","17.138","15.415","13.753","12.15","10.561","9.042","7.574","6.169","5.957","6.052","6.479","4.799","4.69","4.647","4.871","4.925","4.928","5.56","5.931","6.285","7.721","7.297","6.59","6.554","6.558","6.626",
"Uzbekistan","UZB","Share of youth not in education, employment or training, male (% of male youth population)","SL.UEM.NEET.MA.ZS","","","","","","","","","","","","","","","","","","","","","","","","","","","","","","","","","","","","","","","","","","","","","","","","","","","","","","","","","","","","","","","","","","",
"Uzbekistan","UZB","Unemployment with intermediate education (% of total labor force with intermediate education)","SL.UEM.INTM.ZS","","","","","","","","","","","","","","","","","","","","","","","","","","","","","","","","","","","","","","","","","","","","","","","","","","","","","","","","","","","","","6.222","","","","","",
"Uzbekistan","UZB","Unemployment with basic education, male (% of male labor force with basic education)","SL.UEM.BASC.MA.ZS","","","","","","","","","","","","","","","","","","","","","","","","","","","","","","","","","","","","","","","","","","","","","","","","","","","","","","","","","","","","","","","","","","",
"Uzbekistan","UZB","Unemployment with advanced education, female (% of female labor force with advanced education)","SL.UEM.ADVN.FE.ZS","","","","","","","","","","","","","","","","","","","","","","","","","","","","","","","","","","","","","","","","","","","","","","","","","","","","","","","","","","","","","1.21","","","","","",
"Uzbekistan","UZB","Unemployment, youth male (% of male labor force ages 15-24) (national estimate)","SL.UEM.1524.MA.NE.ZS","","","","","","","","","","","","","","","","","","","","","","","","","","","","","","","","","","","","","","","","","","","","","","","","","","","","","","","","","","","","","8.27","","","","","",
"Uzbekistan","UZB","Labor force, female (% of total labor force)","SL.TLF.TOTL.FE.ZS","","","","","","","","","","","","","","","","","","","","","","","","","","","","","","","34.4939812937913","34.6586048391875","34.757622104234","34.8156184062397","34.9084607569854","34.8775326719165","34.8351418893795","34.9074971169355","34.9160547702177","34.9979200609324","35.0370157716455","35.0268835764266","35.1367476842867","35.1032080058288","35.1126375195664","35.0490404962619","35.0640375145012","35.0810696377623","35.1070960116806","35.2089675751564","35.2772078554648","35.0858535152224","35.1202538191134","35.1490002237205","35.1085887762688","35.1216259017273","35.1312835993551","35.1941346181563","35.225133418538","35.3215646039192","35.3203210205539","35.4402259134814","35.7430436642459","35.8315808675141","35.8863580674712","35.9315619093824",
"Uzbekistan","UZB","Labor force with intermediate education (% of total working-age population with intermediate education)","SL.TLF.INTM.ZS","","","","","","","","","","","","","","","","","","","","","","","","","","","","","","","","","","","","","","","","","","","","","","","","","","","","","","","","","","","","","55.733","","","","","",
"Uzbekistan","UZB","Labor force participation rate, total (% of total population ages 15+) (national estimate)","SL.TLF.CACT.NE.ZS","","","","","","","","","","","","","","","","","","","","","","","","","","","","","","","","","","","","","","","","","","","37.298","37.396","38.687","39.291","39.876","74.241","73.972","71.2","70.7","69.7","70","70.5","71.3","71.9","72.5","73.5","74.3","74.9","56.216","","","","","",
"Uzbekistan","UZB","Ratio of female to male labor force participation rate (%) (national estimate)","SL.TLF.CACT.FM.NE.ZS","","","","","","","","","","","","","","","","","","","","","","","","","","","","","","","","","","","","","","","","","","","78.1786490293928","80.0510892616156","93.3152732836682","91.353575689693","91.5529829954847","","","90.24064171123","89.2761394101877","87.3485868102288","87.6510067114094","88.993288590604","89.1102257636122","89.8148148148148","90.1445466491459","90.8972691807542","","82.9447852760736","54.5759050639834","","","","","",
"Uzbekistan","UZB","Labor force with basic education, male (% of male working-age population with basic education)","SL.TLF.BASC.MA.ZS","","","","","","","","","","","","","","","","","","","","","","","","","","","","","","","","","","","","","","","","","","","","","","","","","","","","","","","","","","","","","18.828","","","","","",
"Uzbekistan","UZB","Labor force with advanced education, female (% of female working-age population with advanced education)","SL.TLF.ADVN.FE.ZS","","","","","","","","","","","","","","","","","","","","","","","","","","","","","","","","","","","","","","","","","","","","","","","","","","","","","","","","","","","","","65.123","","","","","",
"Uzbekistan","UZB","Labor force participation rate for ages 15-24, total (%) (modeled ILO estimate)","SL.TLF.ACTI.1524.ZS","","","","","","","","","","","","","","","","","","","","","","","","","","","","","","","44.608","45.868","46.597","47.199","47.522","47.47","46.827","46.239","45.809","45.438","44.495","43.897","42.86","42.096","41.353","40.65","39.64","38.878","38.405","38.972","38.332","38.549","38.435","38.029","38.014","38.007","37.891","37.319","37","36.597","35.604","35.959","37.178","37.309","37.416","37.453",
"Uzbekistan","UZB","Labor force participation rate for ages 15-24, female (%) (modeled ILO estimate)","SL.TLF.ACTI.1524.FE.ZS","","","","","","","","","","","","","","","","","","","","","","","","","","","","","","","31.859","32.953","33.679","34.239","34.64","34.631","34.074","33.611","33.234","32.92","32.157","31.617","30.816","30.183","29.598","29.013","28.234","27.644","27.253","27.647","27.193","27.302","27.214","26.903","26.892","26.905","26.824","26.437","26.223","25.954","25.195","25.744","26.631","26.802","26.91","26.965",
"Uzbekistan","UZB","Average working hours of children, working only, ages 7-14 (hours per week)","SL.TLF.0714.WK.TM","","","","","","","","","","","","","","","","","","","","","","","","","","","","","","","","","","","","","","","","","","","","","","","","","","","","","","","","","","","","","","","","","","",
"Uzbekistan","UZB","Average working hours of children, working only, female, ages 7-14 (hours per week)","SL.TLF.0714.WK.FE.TM","","","","","","","","","","","","","","","","","","","","","","","","","","","","","","","","","","","","","","","","","","","","","","","","","","","","","","","","","","","","","","","","","","",
"Uzbekistan","UZB","Average working hours of children, study and work, male, ages 7-14 (hours per week)","SL.TLF.0714.SW.MA.TM","","","","","","","","","","","","","","","","","","","","","","","","","","","","","","","","","","","","","","","","","","","","","","4.4","","","","","","","","","","","","","","","","","","","","",
"Uzbekistan","UZB","Children in employment, female (% of female children ages 7-14)","SL.TLF.0714.FE.ZS","","","","","","","","","","","","","","","","","","","","","","","","","","","","","","","","","","","","","","","","","13.98417","","","","","4.9","4.9","","","","","","","","","","","","","","","","","","","",
"Uzbekistan","UZB","Child employment in services (% of economically active children ages 7-14)","SL.SRV.0714.ZS","","","","","","","","","","","","","","","","","","","","","","","","","","","","","","","","","","","","","","","","","","","","","","","","","","","","","","","","","","","","","","","","","","",
"Uzbekistan","UZB","Children in employment, self-employed, male (% of male children in employment, ages 7-14)","SL.SLF.0714.MA.ZS","","","","","","","","","","","","","","","","","","","","","","","","","","","","","","","","","","","","","","","","","","","","","","","","","","","","","","","","","","","","","","","","","","",
"Uzbekistan","UZB","Child employment in manufacturing, female (% of female economically active children ages 7-14)","SL.MNF.0714.FE.ZS","","","","","","","","","","","","","","","","","","","","","","","","","","","","","","","","","","","","","","","","","","","","","","","","","","","","","","","","","","","","","","","","","","",
"Uzbekistan","UZB","GDP per person employed (constant 2021 PPP $)","SL.GDP.PCAP.EM.KD","","","","","","","","","","","","","","","","","","","","","","","","","","","","","","","","12268.254906376","10666.7860361206","10333.2077824946","9772.61418484434","9514.59558578333","9808.87122023856","10115.5520267523","10598.9236450411","10783.5942724367","10853.2128517081","10924.7023582862","10989.3659992078","11095.9425426111","11538.3242167663","11961.9319083325","12471.389874317","13215.450837491","14061.0822470598","14729.5661849895","15560.8706623011","16353.9715294641","17127.9528649508","18135.712111135","19208.3183601861","20359.0028081793","21360.9092769199","22206.8164302846","23020.1613155508","24106.8643733562","24754.1160782119","26215.3414438402","26371.2607969735","27562.244583748","28947.8681441359","30845.4060658041",
"Uzbekistan","UZB","Children in employment, unpaid family workers (% of children in employment, ages 7-14)","SL.FAM.0714.ZS","","","","","","","","","","","","","","","","","","","","","","","","","","","","","","","","","","","","","","","","","","","","","","78.62","78.62","","","","","","","","","","","","","","","","","","","",
"Uzbekistan","UZB","Wage and salaried workers, male (% of male employment) (modeled ILO estimate)","SL.EMP.WORK.MA.ZS","","","","","","","","","","","","","","","","","","","","","","","","","","","","","","","","39.6410130082584","39.4760498620793","39.2740968478108","39.0930968424365","38.8287508710523","38.7965150869671","38.7672258049545","38.863738284609","38.9798795706384","39.1533663749216","39.3579676443452","39.5793228308158","39.8739199319974","40.2246127628444","40.6296064344905","41.0174455906317","41.4273037005526","41.8584745685312","42.2793914352534","42.6926169627268","43.0346419544068","43.3470373704192","43.6412789018264","43.9670062392048","44.2443458696842","44.4987675425621","44.716497686967","45.0311870663178","45.3077658299664","45.0667650043389","45.3094470018244","45.6844268382808","45.8886096259469","46.1356216467063","46.3805965737927",
"Uzbekistan","UZB","Vulnerable employment, female (% of female employment) (modeled ILO estimate)","SL.EMP.VULN.FE.ZS","","","","","","","","","","","","","","","","","","","","","","","","","","","","","","","","27.622107084307","27.3771129691237","27.3428007181476","27.4574885620517","27.3516507123305","27.1426671081227","27.1417312588541","27.0602492427456","26.9523054050227","26.7947792725276","26.621688797364","26.4332412031713","26.172208593758","25.9102591281089","25.6050235272444","25.3562194736566","25.1356461943964","24.8713400333474","24.6138838088979","24.3797017271258","24.2033520681412","24.0227989571764","23.8453131147848","23.6259559911483","23.4482593835733","23.2645609447069","23.0603771438618","22.7472769652029","22.4969942239165","22.5536419126437","22.2637501207023","22.5912089577348","22.4585131467722","22.274372513443","22.0867302197727",
"Uzbekistan","UZB","Employment to population ratio, 15+, male (%) (national estimate)","SL.EMP.TOTL.SP.MA.NE.ZS","","","","","","","","","","","","","","","","","","","","","","","","","","","","","","","","","","","","","","","","","","","41.881","41.496","39.867","41.069","41.636","44.02","","71.6","71.2","70.5","70.8","70.8","71.4","71.6","72","72.3","","76.6","70.26","","","","","",
"Uzbekistan","UZB","Self-employed, total (% of total employment) (modeled ILO estimate)","SL.EMP.SELF.ZS","","","","","","","","","","","","","","","","","","","","","","","","","","","","","","","","52.8872320305112","52.8107355814469","52.9641700551469","52.9811301019671","53.0492340222025","53.0614773551046","52.9270614184417","52.8295795023633","52.591413336711","52.282543136839","51.9808807781573","51.6501286703995","51.3021813075594","50.9204649265385","50.5180732258157","50.1233397372996","49.7262924248269","49.3323625857504","48.9287776814087","48.5518183447852","48.1833334651238","47.9087171096891","47.6513531813901","47.3807518462043","47.1433822454816","46.9220821784505","46.7109084468895","46.4987395789454","46.3117027176927","46.608534495966","46.2613143608725","46.0892482130567","45.8928470984248","45.668176787269","45.4358227356809",
"Uzbekistan","UZB","Employers, male (% of male employment) (modeled ILO estimate)","SL.EMP.MPYR.MA.ZS","","","","","","","","","","","","","","","","","","","","","","","","","","","","","","","","13.9261746421796","14.2442428288017","14.3159484413323","14.0065049845357","14.2399756338253","14.446272493364","14.4418596137531","14.4112129464554","14.4443789811754","14.4938156242744","14.5290306764551","14.5592815773592","14.6202009936074","14.6941307069984","14.7721349029779","14.7797616437903","14.7550430031375","14.7745006408481","14.7676838883988","14.6978339754395","14.6392522240906","14.6258003478738","14.6062732048171","14.5907237627073","14.5522887640466","14.5152329779148","14.517083522005","14.5914011121893","14.6140603484869","14.3488049687231","14.434363937318","14.3722484940154","14.2847522207289","14.2469010037617","14.2106052284206",
"Uzbekistan","UZB","Employment to population ratio, ages 15-24, male (%) (modeled ILO estimate)","SL.EMP.1524.SP.MA.ZS","","","","","","","","","","","","","","","","","","","","","","","","","","","","","","","","56.501","56.27","56.049","54.404","53.792","50.714","49.695","47.106","46.469","46.225","46.245","45.869","45.908","45.799","45.868","45.596","45.549","45.008","45.388","44.356","44.34","44.136","43.678","43.363","43.334","43.224","41.968","42.439","42.753","41.755","41.563","43.988","44.034","44.106","43.844",
"Uzbekistan","UZB","Employment in agriculture (% of total employment) (modeled ILO estimate)","SL.AGR.EMPL.ZS","","","","","","","","","","","","","","","","","","","","","","","","","","","","","","","","38.7673883094858","39.0275801128894","39.079919849079","39.5347691393009","39.3909225468746","39.1551857867856","38.9458386820337","38.2168853127924","37.4199904119504","36.7892194210918","36.024472133399","35.2582905545618","34.4227446011705","33.4116704565652","32.3936803534658","31.3322878537804","30.1376511720839","28.9317165337553","27.8584255886288","26.9604574395174","27.2340544475864","26.7419149978203","27.2993593375509","27.6562830050207","27.5816950924486","27.4220937139458","27.1539848581967","26.6493914736113","26.1766052839745","27.1860834171962","26.9945200455118","26.5612109703802","26.1279176228967","25.6474629581127","25.1978529929594",
"Uzbekistan","UZB","Child employment in agriculture, male (% of male economically active children ages 7-14)","SL.AGR.0714.MA.ZS","","","","","","","","","","","","","","","","","","","","","","","","","","","","","","","","","","","","","","","","","","","","","","","","","","","","","","","","","","","","","","","","","","",
"Uzbekistan","UZB","Survey mean consumption or income per capita, total population (2021 PPP $ per day)","SI.SPR.PCAP","","","","","","","","","","","","","","","","","","","","","","","","","","","","","","","","","","","","","","","","","","","","","","","","","","","","","","","","","","","","","","","","","","",
"Uzbekistan","UZB","Average transaction cost of sending remittances to a specific country (%)","SI.RMT.COST.IB.ZS","","","","","","","","","","","","","","","","","","","","","","","","","","","","","","","","","","","","","","","","","","","","","","","","","","","","","","","","","1.70631","1.56293","1.43902","1.75","1.75","2.08667","","","","",
"Uzbekistan","UZB","Poverty headcount ratio at national poverty lines (% of population)","SI.POV.NAHC","","","","","","","","","","","","","","","","","","","","","","","","","","","","","","","","","","","","","","","","","","27.5","26.5","27.2","26.1","25.8","","","","","17.7","16","15","14.1","","","","","","","","17","14.1","11","8.9","5.8",
"Uzbekistan","UZB","Poverty headcount ratio at $4.20 a day (2021 PPP) (% of population)","SI.POV.LMIC","","","","","","","","","","","","","","","","","","","","","","","","","","","","","","","","","","","","","","","89.8","","97.4","","97.2","97.2","","","","","","","","","","","","","","","","","","9.1","8.3","7.3","5.1","4",
"Uzbekistan","UZB","Income share held by lowest 20%","SI.DST.FRST.20","","","","","","","","","","","","","","","","","","","","","","","","","","","","","","","","","","","","","","","4.4","","7.2","","8.2","7.5","","","","","","","","","","","","","","","","","","7","7.2","6.4","6.6","7",
"Uzbekistan","UZB","Income share held by highest 20%","SI.DST.05TH.20","","","","","","","","","","","","","","","","","","","","","","","","","","","","","","","","","","","","","","","48.9","","43.6","","42","43.4","","","","","","","","","","","","","","","","","","40.2","38.6","41.3","41.5","40",
"Uzbekistan","UZB","UHC service coverage sub-index on reproductive, maternal, newborn and child health","SH_UHC_SCI_RMNCH","","","","","","","","","","","","","","","","","","","","","","","","","","","","","","","","","","","","","","","","","77","77","78","78","78","78","78","78","78","78","78","78","78","78","78","78","78","78","78","77","77","78","78","78","","",
"Uzbekistan","UZB","UHC service coverage index","SH_UHC_SCI","","","","","","","","","","","","","","","","","","","","","","","","","","","","","","","","","","","","","","","","","78","78","79","79","79","80","80","80","80","81","81","81","81","81","81","80","79","78","77","78","78","79","80","79","","",
"Uzbekistan","UZB","Proportion of population further impoverished due to out-of-pocket health expenditure, based on the societal poverty line (%)","SH_UHC_FH40_FURTHER","","","","","","","","","","","","","","","","","","","","","","","","","","","","","","","","","","","","","","","","","24.68","","20.82","20.22","","","","","","","","","","","","","","","","","","","","","","",
"Uzbekistan","UZB","Domestic private health expenditure (% of current health expenditure)","SH.XPD.PVTD.CH.ZS","","","","","","","","","","","","","","","","","","","","","","","","","","","","","","","","","","","","","","","","","60.90266037","61.15747452","62.39006424","59.60544968","59.98807526","58.05919647","57.3274765","58.58140182","57.75285339","56.84793091","58.44346619","58.5825882","56.62637329","56.43164825","45.87700272","48.84343719","55.44295883","57.44728851","61.02040482","58.36039734","53.79425049","60.77647781","66.02459717","64.53517914","","",
"Uzbekistan","UZB","Domestic general government health expenditure per capita, PPP (current international $)","SH.XPD.GHED.PP.CD","","","","","","","","","","","","","","","","","","","","","","","","","","","","","","","","","","","","","","","","","62.3960892840496","66.5531014775592","65.986177852836","67.882684021225","70.4826845139037","77.2275744661435","88.1253711938483","92.6956856088012","104.748136072788","119.781989903855","116.858327842684","124.277371688806","144.093559640235","153.980409718978","152.888260634248","160.30462005608","142.220481542443","139.793906163367","141.252738030121","171.804063478448","237.419873225115","251.113080477828","229.958886675408","264.835352584807","","",
"Uzbekistan","UZB","Domestic general government health expenditure (% of current health expenditure)","SH.XPD.GHED.CH.ZS","","","","","","","","","","","","","","","","","","","","","","","","","","","","","","","","","","","","","","","","","39.09733963","38.84144974","37.60974884","36.53923798","37.28559875","37.96368027","40.57534027","39.57130051","40.72805023","41.63732529","40.05787659","39.69395065","42.10529709","41.9860878","52.20277786","49.78010941","43.59277344","41.49798203","38.16909409","41.58654022","46.15740204","39.1982193","33.76481628","35.36053848","","",
"Uzbekistan","UZB","Current health expenditure per capita, PPP (current international $)","SH.XPD.CHEX.PP.CD","","","","","","","","","","","","","","","","","","","","","","","","","","","","","","","","","","","","","","","","","159.591652250094","171.345573033751","175.44966772588","185.780236308559","189.034611037764","203.424899525209","217.189481478921","234.249786019632","257.189188989498","287.679365788156","291.723713491064","313.088926256923","342.221920842473","366.741491905909","292.873766432232","322.025456246766","326.247841833681","336.869156219709","370.070955230189","413.124220570838","514.370090079118","640.623662452861","681.060697507243","748.957358440758","","",
"Uzbekistan","UZB","Incidence of tuberculosis (per 100,000 people)","SH.TBS.INCD","","","","","","","","","","","","","","","","","","","","","","","","","","","","","","","","","","","","","","","","","156","163","166","167","165","160","153","142","127","113","103","94","87","82","81","79","76","73","70","67","63","60","57","54","51","",
"Uzbekistan","UZB","GNI per capita (constant LCU)","NY.GNP.PCAP.KN","","","","","","","","","","","","","","","","","","","","","","","","","","","","","","","","","","","","","","","","","","","","","","","","","","","","","","","","","","","","","","","","","","",
"Uzbekistan","UZB","GNI per capita, Atlas method (current US$)","NY.GNP.PCAP.CD","","","","","","","","","","","","","","","","","","","","","","","","","","","","","","","630","650","600","590","570","580","590","610","610","650","620","550","450","420","460","520","600","760","970","1150","1460","1880","2460","2780","3000","3170","3230","2890","2490","2240","2090","2360","2620","2880","3170","3670",
"Uzbekistan","UZB","GNI growth (annual %)","NY.GNP.MKTP.KD.ZG","","","","","","","","","","","","","","","","","","","","","","","","","","","","","","","","","","","","","","","","","","","","","","","","","","","","","","","","","","","","","","","","","","",
"Uzbekistan","UZB","GNI (current US$)","NY.GNP.MKTP.CD","","","","","","","","","","","","","","","","","","","","","","","","","","","","","","","13362340337.8657","13800167711.5003","12882537633.2664","13051236185.9519","12855990259.3271","13316333268.1214","13875892215.5689","14569603773.5849","14887971210.8383","16910465982.0282","13541513969.314","11196421329.1974","9542788512.80184","10018453435.4603","11980923547.8807","14283209838.8053","17241833852.919","23242393927.8817","31271456763.7246","34586223673.2577","56398980176.9159","68538762283.9176","76111909205.2875","83896282850.8939","92418660958.7636","98991217109.9273","98724050706.1282","73489298261.4415","62825885465.4447","70906880714.2301","70287203282.725","81527412942.49","95300457992.2052","108521123663.051","122504673800.763","147409506131.386",
"Uzbekistan","UZB","Gross domestic savings (current LCU)","NY.GDS.TOTL.CN","","","","","","","","","","","","","","","","","","","","","","","","","","","","","","","","","194886500","369545100","12991600000","72649300000","89190600000","182692000000","291844000000","358419000000","809713000000","1166012000000","1794482000000","2639757000000","3860265000000","5428733000000","7428817000000","9340309000000","13493449000000","15108888000000","20060944354642.7","27429722398739.1","30894194953026","34034184215468","42350338364446","45182768213643","44969927765232","79526504938649","114721132251343","140343333800000","172221862800000","189276174300000","196167743300000","261420681405350","307088853698050","368994864486740",
"Uzbekistan","UZB","GDP per capita, PPP (constant 2021 international $)","NY.GDP.PCAP.PP.KD","","","","","","","","","","","","","","","","","","","","","","","","","","","","","","","4239.58649108779","4118.51585848122","3568.35538610457","3406.55184062183","3161.07497053576","3070.52690445141","3064.63712278537","3168.77278928055","3253.54493589925","3346.1588710371","3430.88370808896","3530.5496647712","3626.07785614929","3733.79819347394","3962.90117061128","4185.63947675734","4439.90667205623","4792.8290951141","5145.99183378479","5471.82013683888","5794.98037704358","6170.84149747534","6525.4971525889","6932.93371228586","7344.44304405623","7792.23605983713","8172.9216949615","8413.29975299494","8742.5491991216","9169.01147508351","9145.23119844239","9705.60054565692","10091.3877869999","10514.0955721447","10997.1707291644","11622.8556243531",
"Uzbekistan","UZB","GDP per capita (constant 2015 US$)","NY.GDP.PCAP.KD","","","","","","","","","","","","","","","","","","","","","","","","","","","","1632.60918153926","1733.22868026946","1740.60611634042","1726.30546724627","1677.00705207512","1452.98873488236","1387.10439786651","1287.14935182537","1250.27933587957","1247.8810920149","1290.28380529458","1324.80194060935","1362.51315204654","1397.01202350998","1437.5947280451","1476.49258739973","1520.35493285443","1613.64273882937","1704.33893207214","1807.87328626177","1951.57878907892","2095.38214534409","2228.0552685669","2359.64199067641","2512.68783806993","2657.09909084172","2823.00205379328","2990.56339751192","3172.89899391083","3327.90932206401","3425.78819696408","3559.85436594803","3733.50435754861","3723.82133264406","3951.99657327359","4109.08421031655","4281.20542121225","4477.90745486742","4732.67835236137",
"Uzbekistan","UZB","GDP, PPP (constant 2021 international $)","NY.GDP.MKTP.PP.KD","","","","","","","","","","","","","","","","","","","","","","","","","","","","","","","86762950998.306","86336077274.9146","76666436622.4414","74903108576.7599","71008146935.9612","70369073609.6597","71565347863.1786","75286745949.6049","78524076026.238","81900611296.775","85041499740.1212","88582490234.6647","92102305024.6349","96000652406.1406","103151741585.251","110320795047.906","118541259153.216","129770678921.942","141487882475.758","152878977560.146","164493450262.453","177863373966.665","190948464705.833","206074972304.676","221971058053.853","239606162717.609","255686324524.698","267704282407.902","283026829072.271","302253721741.697","307155137056.892","332355634582.91","352582543777.539","374851763165.444","399877571452.804","430666644031.363",
"Uzbekistan","UZB","GDP (constant 2015 US$)","NY.GDP.MKTP.KD","","","","","","","","","","","","","","","","","","","","","","","","","","","","30905406089.1808","33729722052.1123","34772406917.0519","35328765429.7544","35154947902.016","31217593737.9337","30499589080.5909","28913610450.5146","28653387954.881","29140495550.9913","30655801318.6416","31974000775.669","33348882809.5964","34627812465.3912","36069658565.9596","37502882190.1015","39090239450.5479","42002071623.9483","44921218624.152","48268486608.4542","52840962905.7313","57612058529.871","62250366950.6188","66979631884.1971","72423694043.5058","77751775857.5986","83911096542.085","90383779619.6224","97564568986.8161","104112205483.946","109005764429.499","115244909717.475","123073854828.787","125069648539.719","135330969248.223","143567108315.461","152634850007.123","162825039488.938","175361956576.381",
"Uzbekistan","UZB","Mineral rents (% of GDP)","NY.GDP.MINR.RT.ZS","","","","","","","","","","","","","","","","","","","","","","","","","","","","","","","0","0","1.62564624514235","1.47318905118808","1.69659309225517","0.300715396012429","0.193662009159915","0.220611710553217","0.0636264754514798","0.0770514785664045","0.164238515501257","0.108041838954363","0.246537749525258","0.315271453353902","1.02015315898038","0.909829761446114","4.21465331082121","4.37341581018419","5.29974600640318","5.1332000617616","5.93844484670294","7.69198003727705","6.5876963283587","4.51469943597757","3.50704473062017","3.13494692424688","4.22622567643029","7.22319684202001","9.03878504058788","4.92871809001081","6.59047011084412","8.50242086897125","","","","",
"Uzbekistan","UZB","Gross value added at basic prices (GVA) (current LCU)","NY.GDP.FCST.CN","","","","","","","","","","","","","","","","","","","","","","","","","","","","25189000","28142000","30698000","32776100","61742700","447858600","4631871100","59537500000","262989800000","478410000000","855898400000","1212231248000","1842860000000","2848000000000","4341200000000","6512200000000","8498900000000","10536100000000","14233300000000","18986300000000","25330900000000","35115200000000","44611400000000","78638724900000","104000260100000","128016216500000","157273048300000","192617863400000","230397698800000","267781944700000","334820786000000","449239000600000","574820561700000","660714960000000","809177968500000","982099778300000","1.2033271442E+15","1.4750102546E+15","1.7681394077E+15",
"Uzbekistan","UZB","GDP deflator: linked series (base year varies by country)","NY.GDP.DEFL.ZS.AD","","","","","","","","","","","","","","","","","","","","","","","","","","","","","","","8.3040183401809E-05","0.000158380283108134","0.00128628429772311","0.0151637850479239","0.202981709492299","0.955930087091836","1.73554130423622","2.88250966286313","4.00662950113019","5.77416866098091","8.50492402758072","12.3525071156005","17.9708136776259","22.7807348811722","26.407034740774","32.0662911197061","39.5909055185122","48.2601656624603","61.1898289587662","71.7521511400144","100","121.377077008577","139.171601583605","156.923270463417","177.477627869396","195.230686124013","211.91956146702","257.782089314789","326.419541594495","383.035837319382","428.587510773579","483.779335998888","551.717951092703","628.483844755428","716.909849103634","801.880033168474",
"Uzbekistan","UZB","Coal rents (% of GDP)","NY.GDP.COAL.RT.ZS","","","","","","","","","","","","","","","","","","","","","","","","","","","","","","","0.157135529183624","0.1518936536204","0.0769139777837228","0.00712601811209048","0.00956444350354587","0.0294012701764836","0.0152522795903362","0.00647403880295967","0.0121293297216647","0.00211026815130088","0.0200116320320681","0.0883260370434612","0.0355440621728097","0.0252641418064628","0.283832729250063","0.172720377765279","0.156904350881374","0.210570825809528","0.535634788278614","0.140016075482997","0.177982091255547","0.191200265017751","0.0703808968939064","0.0364243643920352","0.0303130899002915","0.0150647267740631","0.0189339569216539","0.0360593632484536","0.0527463848698131","0.0336816048445821","0.0292509982094504","0.0535648008565471","","","","",
"Uzbekistan","UZB","Adjusted net savings, including particulate emission damage (% of GNI)","NY.ADJ.SVNG.GN.ZS","","","","","","","","","","","","","","","","","","","","","","","","","","","","","","","","","","","","","","","","","","","","","","3.93145189819562","0.776420974313826","9.08598086304784","13.9347142917891","11.0897414698689","11.4821137587397","11.5616175306981","12.4875583479634","10.2306300653454","14.0323457369431","11.941982989711","10.1408861478378","13.4359720071503","9.60504654244797","11.4486897843012","10.3298374924047","2.72093371017478","","","","",
"Uzbekistan","UZB","Adjusted net national income per capita (current US$)","NY.ADJ.NNTY.PC.CD","","","","","","","","","","","","","","","","","","","","","","","","","","","","","","","","","","","","","","","561.92755764684","623.877646532343","447.157279406512","332.285125272437","290.628667104206","297.245897435351","363.076719316954","440.845534384652","478.537534731781","664.272004884738","821.091707098887","974.856236162155","1441.56539869506","1667.13084700398","1846.51367639234","2003.06264843472","2239.18456758233","2416.42223743748","2358.76135970268","1651.41715830271","1303.39717853851","1473.2156412856","1422.76002217429","1457.84675888408","","","","",
"Uzbekistan","UZB","Adjusted savings: net national savings (% of GNI)","NY.ADJ.NNAT.GN.ZS","","","","","","","","","","","","","","","","","","","","","","","","","","","","","","","","","","","","","","","","","","","","","","26.3532777702419","28.8193831854938","30.2839544639956","37.5733088251377","26.1300687218851","21.4609499675522","23.6158035177752","22.8179158108555","19.2297538171877","19.625171672169","14.9318283083875","12.9430344129723","20.4132625920077","23.4361744290555","21.5578270834939","20.0763263443074","19.4284950221516","","","","",
"Uzbekistan","UZB","Adjusted savings: particulate emission damage (% of GNI)","NY.ADJ.DPEM.GN.ZS","","","","","","","","","","","","","","","","","","","","","","","","","","","","","","","","","1.22685194899443","1.22715135529938","1.34623504174744","1.33284314329902","1.24889628828735","1.17207945511309","1.12226476853219","1.0363387331505","1.00672193789147","0.976265219371175","0.934671852528818","0.889842501361316","0.82213292198056","0.799277572494359","0.753197714533684","0.678052363021433","0.626139586401505","0.612341137085574","0.597078444771353","0.590013796344235","0.591353208066819","0.581986937808135","0.582005347882159","0.576841613278885","0.582779616851518","0.565103884009819","0.544284053712319","0.54008956588774","0.546303706868585","0.507033513307251","","","","",
"Uzbekistan","UZB","Adjusted savings: mineral depletion (% of GNI)","NY.ADJ.DMIN.GN.ZS","","","","","","","","","","","","","","","","","","","","","","","","","","","","","","","","","0.966245358681685","0.879072800979702","0.829481044484744","0.18580985263604","0.118328640987827","0.12465613563638","0.0374964981668593","0.044276558316526","0.0943026552657392","0.0568384873459606","0.128799088284198","0.157451761429946","0.548949670469072","0.506353200663929","2.5367205687755","2.66151155312162","3.231641452496","3.35837948896056","3.44503583237668","4.50245832428203","3.89026436886295","2.91408030171342","2.27772036068934","1.84349107495427","2.22467506552409","2.5326902520244","4.13081959797778","2.88914497706222","4.67514795191437","5.54292931246213","","","","",
"Uzbekistan","UZB","Adjusted savings: net forest depletion (% of GNI)","NY.ADJ.DFOR.GN.ZS","","","","","","","","","","","","","","","","","","","","","","","","","","","","","","","","","","","","","","","0","0","0","0","0","0","0","0","0","0","0","0","0","0","0","0","0","0","0","0","0","0","0","0","","","","",
"Uzbekistan","UZB","Adjusted savings: education expenditure (% of GNI)","NY.ADJ.AEDU.GN.ZS","","","","","","","","","","","9.3","9.3","9.3","9.3","9.3","9.3","9.3","9.3","9.3","9.3","9.3","9.3","9.3","9.3","9.3","9.3","9.3","9.3","9.3","9.3","9.3","9.3","9.3","9.3","9.3747642","9.3747642","9.3747642","9.3747642","9.3747642","9.19281173277913","9.01085926555827","8.82890679833741","8.64695433111655","8.46500186389569","8.28304939667479","8.10109692945393","7.91914446223307","7.73719199501222","7.55523952779136","7.3732870605705","7.19133459334964","7.00938212612878","6.82742965890792","6.64547719168707","6.46352472446621","6.28157225724535","6.09961979002449","5.91766732280359","5.73571485558276","5.33715179448677","4.93858873339081","4.93858873339081","","","","",
"Uzbekistan","UZB","Services, value added (annual % growth)","NV.SRV.TOTL.KD.ZG","","","","","","","","","","","","","","","","","","","","","","","","","","","","","3.0167719504657","-0.338302143965407","-8.35896892308455","-6.16969556036544","-5.40713634703546","-2.03144363756313","-3.12345002526132","-0.509197942901451","4.78832945808583","5.31810329613751","5.49301910973514","4.85453888349477","5.42176371610192","5.11377095811028","3.29437901851539","3.20968200042522","7.35200920120303","7.55986087184716","7.78582314390739","12.50225720827","12.3380064769682","6.77855071415468","5.75986631004331","10.8283769665515","7.84249699799472","7.56441537714588","8.5705770516346","8.47301087946366","7.30886534614999","6.50164436326391","5.75071593512781","7.30422366181966","-0.574708230918674","10.9769089918406","9.12204855123252","7.1066069829693","7.71646387316711","8.52914261646767",
"Uzbekistan","UZB","Services, value added per worker (constant 2015 US$)","NV.SRV.EMPL.KD","","","","","","","","","","","","","","","","","","","","","","","","","","","","","","","","4033.94236233768","3721.78223240358","3600.74531371501","3487.04390841955","3382.36221279598","3565.69891000272","3666.04474914438","3832.19107546821","3877.74207316542","3918.82093376226","3929.39461696714","3879.78857051756","3832.12445314076","3930.01114158733","4045.48680386058","4179.80955706011","4491.77616025513","4859.53998830806","4977.91306660041","5118.55574204834","5547.12740601621","5775.9310029483","6166.44908126778","6635.51441683599","7059.85587176717","7447.51698570334","7832.82621765702","7978.86085220765","8411.34212749649","8657.60993284321","9416.3441434911","9698.68622673268","10171.4802841835","10736.5803089722","11478.1276954755",
"Uzbekistan","UZB","Machinery and transport equipment (% of value added in manufacturing)","NV.MNF.MTRN.ZS.UN","","","","","","","","","","","","","","","","","","","","","","","","","","","","","","","","","","","","","","","","","","","","","","","","","","","","","","10.9814915953134","11.6039288666979","9.42302613975998","6.55635501124681","8.30447695809642","11.0241130891627","9.35727070959136","8.12291857238625","7.50020949598284","9.5604997846752","9.61901230306564","","",
"Uzbekistan","UZB","Industry (including construction), value added (constant LCU)","NV.IND.TOTL.KN","","","","","","","","","","","","","","","","","","","","","","","","","","","","11422413908531.2","11422413908531.2","12318352477506.1","12514238685101.1","13020545666088.6","10554554790266.2","9889881151231.23","8801174552240.18","8347773276485.02","8468751585501.11","8693859891876.57","8895171779042.73","9082255524177.24","9243732284937.97","9511399458450.66","9834787622432.9","10147235882456","10744264051217.7","11315955630292.1","12207438640059.4","13232173431697.8","14094114383985.4","15487892224261.3","19525486200000","20670696600000","22398694097555","24852371269588.6","26991617739181.4","29567262339735.2","31515381885510.4","33102100045028","71981467473100.3","78866303314635.7","81589440899353.6","88411857632268.8","93379032379302.7","99507764485350.6","106799720717169","115763952233940",
"Uzbekistan","UZB","Industry (including construction), value added (current US$)","NV.IND.TOTL.CD","","","","","","","","","","","","","","","","","","","","","","","","","","","","3012127273.86385","3677337626.54196","3890818858.56079","4451545117.42892","5062196751.59864","4679750628.08443","4091457005.73701","3128419733.29261","3223261923.44741","3638318363.27345","3372588679.24528","3357529551.22777","3594351732.99101","2783718669.42812","2274821176.41612","1878340246.80442","2072085984.31033","2683379120.87912","3721674124.39125","4651330686.18121","5993446671.09887","8588565362.45071","10225570065.9107","12309863804.2843","14126516512.4471","16284883634.7857","18556567422.4369","21098721323.5881","23446563361.0614","24043927753.2406","9641127746.78887","18181417493.1222","22970960532.886","23416425342.3413","26981937329.7334","30071204306.3645","33485991767.9172","38846058807.6641","47852370881.0913",
"Uzbekistan","UZB","Manufacturing, value added (constant 2015 US$)","NV.IND.MANF.KD","","","","","","","","","","","","","","","","","","","","","","","","","","","","","","","","","","","","","","","","","","","","","","","","","","","8645903686.16061","9388204196.89404","9994119889.06623","11255353174.0552","12173888593.8127","12984721626.0263","13941465019.2808","14448879948.7235","87363722988.0792","93518980679.0248","101080285013.878","109441493944.716","115238420901.631","123620813094.499","132200242065.388","142384878853.862",
"Uzbekistan","UZB","Financial intermediary services indirectly Measured (FISIM) (constant LCU)","NV.FSM.TOTL.KN","","","","","","","","","","","","","","","","","","","","","","","","","","","","","","","","","","","","","","","","","","","","","","","","","","","","","","","","","","","","","","","","","","",
"Uzbekistan","UZB","Agriculture, forestry, and fishing, value added (annual % growth)","NV.AGR.TOTL.KD.ZG","","","","","","","","","","","","","","","","","","","","","","","","","","","","","9.82027315648759","-3.45640218113353","5.81773799665702","2.2170959685043","-6.46940820386615","1.4999999805559","-3.40000000773779","2.00000000842179","-5.69999999304913","5.79999999460428","4.10000000729391","5.50000000355917","3.15899998741172","4.13794604918918","5.99772691193169","6.80421264822017","8.33432707699518","5.85280758168425","7.11002541879897","6.45559535162444","4.71686924540424","5.82289455944287","5.66379656718526","6.07835362929809","6.96275292588349","6.43914611621079","5.98345767762676","6.10197110475849","6.1680161477268","1.15149815362507","0.620273878603058","3.21408900111922","2.81145617942522","4.01888116101156","3.60023029882453","4.05415864291399","3.42211339636734","4.35122595899169",
"Uzbekistan","UZB","Agriculture, forestry, and fishing, value added per worker (constant 2015 US$)","NV.AGR.EMPL.KD","","","","","","","","","","","","","","","","","","","","","","","","","","","","","","","","3554.24972451116","3233.21338480587","3249.56616913538","3095.59560976474","3113.38891113741","2994.05432890511","3121.96757545158","3327.15287594764","3496.98927631356","3556.60419541807","3655.12143469048","3829.79162940961","4058.51506554153","4383.86040328112","4639.53830096028","4985.10658801552","5340.54691010092","5685.01584005272","6057.1960891033","6493.37153370104","6627.70861839377","7043.17295775283","7204.9315443508","7411.57004586268","7742.3366685279","8129.05035865102","8245.13785756241","8288.56722807384","8540.44953314129","8542.98203138556","8759.02041488878","8745.03622079559","9093.87677722099","9433.16380262439","9912.78121083614",
"Uzbekistan","UZB","External balance on goods and services (current LCU)","NE.RSB.GNFS.CN","","","","","","","","","","","","","","","","","","","","","","","","","","","","","","","","","","","","","","-29113000000","-4100000000","-5549000000","171615000000","126774000000","215040000000","592205000000","856321000000","970181000000","1173717000000","1389109000000","1008949000000","321988000000","-534844739830.199","-2353875782280.6","-7237227183323.61","-7798153950632.9","-7970320421576","-7103524587647.2","-11560816499332.2","-19964591557442.4","-74762231738434","-84820200000000","-81638900000000","-121802100000000","-162350000000000","-207841281695843","-221033578797814","-246531412035469",
"Uzbekistan","UZB","Imports of goods and services (annual % growth)","NE.IMP.GNFS.KD.ZG","","","","","","","","","","","","","","","","","","","","","","","","","","","","","","","","","","","","","27.2917599226745","-7.19664363588858","-22.762206157179","-7.98946445154647","-5.79198472576356","6.41817755189746","-9.80329951241499","8.93422443944883","26.8324184466225","4.39663951904741","30.7947423399871","51.9530157671871","39.7914110337872","2.67708241986338","-4.15648650266736","25.8214403953281","7.82463750509497","3.17137957482541","-5.4292217657087","-10.5621413378502","-1.26184106384599","13.7325443346543","42.3077357783333","13.4146345874821","-14.8561005097483","23.3873818091563","13.6257445969316","15.2637400772068","-1.46318743669617","7.67778544008502",
"Uzbekistan","UZB","Gross capital formation (% of GDP)","NE.GDI.TOTL.ZS","","","","","","","","","","","","","","","","","","","","","","","","","","","","","","","","","43.9301488105631","14.6502375108632","18.2004266495678","24.1998260825338","23.000095157758","18.8993990766049","20.9006339688086","17.1003354222844","19.6000122865217","21.0999939090005","21.1999946310166","20.8","24.5","28","29.6100809944662","28.2057467186946","32.0363460936417","29.9477879762474","25.544196023924","24.939068190188","28.061546236388","25.4549637024881","25.9149119018393","24.424590799647","23.7962055076888","26.2597739110439","33.4959684906661","37.5511039982581","35.6185340527013","35.9146303184061","33.3171368327978","33.0290737657093","39.0472249923559","33.277986337555",
"Uzbekistan","UZB","Taxes on goods and services (% value added of industry and services)","GC.TAX.GSRV.VA.ZS","","","","","","","","","","","","","","","","","","","","","","","","","","","","","","","","","","","","","","","","","","","","","","","","","","","","8.66506038430761","9.26110890743289","9.50839786309839","9.63786516461268","9.21003147540617","8.59969854421857","10.9327061134013","12.1700114205554","10.8196163000928","10.3730686792672","9.76275922928916","8.9878614458634","8.39537501558994","","",
"Uzbekistan","UZB","Taxes on exports (current LCU)","GC.TAX.EXPT.CN","","","","","","","","","","","","","","","","","","","","","","","","","","","","","","","","","","","","","","","","","","","","","","","","","","","","","","","","","","611475354000","","","","","","","","",
"Uzbekistan","UZB","Social contributions (current LCU)","GC.REV.SOCL.CN","","","","","","","","","","","","","","","","","","","","","","","","","","","","","","","","","","","","","","","","","","","","","","","","","","","","4565111200000","6024291400000","7760309500000","9642522508000","10539488896500","12317239410880.8","13740024222997","18809158456259.7","23601317809597.7","20467461145007.3","26610290819360","32473725029522.1","38880583764347","","",
"Uzbekistan","UZB","Net lending (+) / net borrowing (-) (current LCU)","GC.NLD.TOTL.CN","","","","","","","","","","","","","","","","","","","","","","","","","","","","","","","","","","","","","","","","","","","","","","","","","","","","7278571900000","11212849700000","6757933205690","7227855510710","5809830407640.59","8892733852027.9","4406717412395.3","11556094986636.1","2659629643811.3","-11455203121576.6","-34366120379000.3","-35409656656338.4","-51491089426083.6","","",
"Uzbekistan","UZB","Net incurrence of liabilities, total (current LCU)","GC.LBL.TOTL.CN","","","","","","","","","","","","","","","","","","","","","","","","","","","","","","","","","","","","","","","","","","","","","","","","","","","","-176880300000","-37856000000","-100338000000","-7973404700.00001","254655837100","231919977895","83207061337.01","-1046526411000","-891667131900","2385809469.99975","-6373080191890","3594052327315.75","53470595388781.3","","",
"Uzbekistan","UZB","Net acquisition of financial assets (current LCU)","GC.AST.TOTL.CN","","","","","","","","","","","","","","","","","","","","","","","","","","","","","","","","","","","","","","","","","","","","","","","","","","","","7103238700000","11176457000000","6653520000000","7198026836200","6080439119845.19","9136404682420","4489924615219.5","10510068049035","1767946037656.03","-11452817312096.6","-40739200570890.8","-31815604329029.3","1979505958953.31","","",
"Uzbekistan","UZB","Account ownership at a financial institution or with a mobile-money-service provider, secondary education or more (% of population ages 15+)","FX.OWN.TOTL.SO.ZS","","","","","","","","","","","","","","","","","","","","","","","","","","","","","","","","","","","","","","","","","","","","","","","","","","","","28.12251333244","","","48.2059577028617","","","43.1865445263392","","","","51.8181174387087","","","63.8574734489712","",
"Uzbekistan","UZB","Account ownership at a financial institution or with a mobile-money-service provider, female (% of population ages 15+)","FX.OWN.TOTL.FE.ZS","","","","","","","","","","","","","","","","","","","","","","","","","","","","","","","","","","","","","","","","","","","","","","","","","","","","21.2931522658435","","","39.3352532737355","","","35.9690781340014","","","","38.8183128905487","","","60.7039265407325","",
"Uzbekistan","UZB","Domestic credit provided by financial sector (% of GDP)","FS.AST.DOMS.GD.ZS","","","","","","","","","","","","","","","","","","","","","","","","","","","","","","","","","","","","","","","","","","","","","","","","","","","","","","","","","","","","6.34842320639096","9.9633094302815","14.176808132657","17.423079012186","22.6986920873526","24.1340965663361","",
"Uzbekistan","UZB","Real interest rate (%)","FR.INR.RINR","","","","","","","","","","","","","","","","","","","","","","","","","","","","","","","","","","","","","","","","","","","","","","","","","","","","","","3.05646913256291","2.55689260908371","3.42788806855111","4.58384197665864","-5.15013659288559","-5.25999584432066","5.33592931385435","9.33824654731484","7.57056832082121","6.75428410325491","7.23011538117087","7.94619590257576","",
"Uzbekistan","UZB","Wholesale price index (2010 = 100)","FP.WPI.TOTL","","","","","","","","","","","","","","","","","","","","","","","","","","","","","","","","","","","","","","","","","","","","","","","","","","","","","","","","","","","","","","","","","","",
"Uzbekistan","UZB","Broad money to total reserves ratio","FM.LBL.BMNY.IR.ZS","","","","","","","","","","","","","","","","","","","","","","","","","","","","","","","","","","","","","","","","","","","","","","","","","","","","","","0.623596030576593","0.608494626355161","0.678038306155051","0.670073280916176","0.510083651938911","0.38244824599813","0.367665200370328","0.319190895841406","0.387020951723311","0.478324137310209","0.522989408004946","0.53103854685189","",
"Uzbekistan","UZB","Monetary Sector credit to private sector (% GDP)","FM.AST.PRVT.GD.ZS","","","","","","","","","","","","","","","","","","","","","","","","","","","","","","","","","","","","","","","","","","","","","","","","","","","","","","8.25654883409208","8.88087715154549","9.10833974051315","10.3447002844036","13.5626448855059","19.5520797822691","24.7978693544642","30.4841373867845","30.5429238565957","31.2555332746155","32.7949630932238","31.4511091127797","31.2090160739317",
"Uzbekistan","UZB","Claims on central government (annual growth as % of broad money)","FM.AST.CGOV.ZG.M3","","","","","","","","","","","","","","","","","","","","","","","","","","","","","","","","","","","","","","","","","","","","","","","","","","","","","","","-26.8804063679424","-20.6822917960615","-25.8951910976737","-177.830765980097","-28.8080496824877","17.6288125361935","-42.8649896149632","-0.0673674852050694","-9.05379809524971","3.65075091826609","4.67813487757204","-5.26507518062188",
"Uzbekistan","UZB","Total reserves (includes gold, current US$)","FI.RES.TOTL.CD","","","","","","","","","","","","","","","","","","","","","","","","","","","","","","","","","","","","","","","","1242300740.61785","","","","","","","","","","","","","","22501939340.8419","24195780634.2289","24287333269.6036","26284410686.6739","28070940955.3947","27077105981.1617","29291325502.0694","34903111839.0572","35375443899.6491","35773956817.6684","34557511091.0994","41236890133.3347","",
"Uzbekistan","UZB","Borrowers from commercial banks (per 1,000 adults)","FB.CBK.BRWR.P3","","","","","","","","","","","","","","","","","","","","","","","","","","","","","","","","","","","","","","","","","","","","","","","12.3113391465785","21.0354992100684","24.3922448443321","26.3755082741166","36.3116551978921","40.092754637392","44.8663243270318","47.2748558848605","49.8973705874877","58.9838687508477","69.6837806850055","90.1325693548011","116.158913272718","156.978906862212","182.973858480188","219.202041008375","260.745885830937","316.351295095443","376.816755625362","",
"Uzbekistan","UZB","Bank nonperforming loans to total gross loans (%)","FB.AST.NPER.ZS","","","","","","","","","","","","","","","","","","","","","","","","","","","","","","","","","","","","","","","","","","","","","","","","","","","0.965131048293637","0.709190155100445","3.05328353123232","2.81670032876534","2.09687034766165","1.46241461373232","0.744086678772422","1.19780753069295","1.27871644313014","1.47850042070038","2.06065321360246","5.13022516204468","3.53227061739394","3.45445449013674","3.88791727639684","",
"Uzbekistan","UZB","Renewable internal freshwater resources per capita (cubic meters)","ER.H2O.INTR.PC","","","","","","","","","","","","","","","","","","","","","","","","","","","","","","","","","760.527416920292","743.134138668194","727.40899808492","712.98948593589","699.726502860721","687.740540831753","677.027058998185","667.592525709258","659.215088650713","651.248134586605","643.307593155585","635.519248590666","627.752902012536","619.949747647444","612.006954706204","603.486304184871","594.294755796138","584.838690465282","575.645894774608","566.9045167649","558.405241108208","549.72292652435","540.647958306182","531.393415651832","522.30224179538","513.526779353005","504.733965970305","495.681729374703","486.506848670645","477.168118768488","467.672831084959","","","",
"Uzbekistan","UZB","Level of water stress: freshwater withdrawal as a proportion of available freshwater resources","ER.H2O.FWST.ZS","","","","","","","","","","","","","","","","","","","","","","","","","","","","","","","","","","","154.1812446","153.9978423","153.81444","153.6310377","153.4476354","153.2642331","153.0808308","154.1152853","150.8316605","147.5480356","144.2644107","140.9807858","141.3950228","141.8092598","142.2234968","142.6377338","143.0519708","143.4662078","143.8804448","144.2946818","144.7089188","158.1273301","156.4468024","168.924577","160.3842845","151.843992","143.3897333","121.8812733","123.0283912","","","",
"Uzbekistan","UZB","Water productivity, total (constant 2015 US$ GDP per cubic meter of total freshwater withdrawal)","ER.GDP.FWTL.M3.KD","","","","","","","","","","","","","","","","","","","","","","","","","","","","","","","","","","","0.5377975643196","0.533592106840441","0.543310222916485","0.572244676555732","0.597564560741052","0.624005655256065","0.64871254841284","0.671188287420164","0.713050331592385","0.759771417892087","0.834948248165159","0.913775806024248","0.978988550762265","1.06859757806241","1.16168957925279","1.25157113423853","1.34275557309357","1.44770177316125","1.54973198993198","1.66769691019357","1.79119658382129","1.7694294235807","1.90845976360504","1.85056642043832","2.06066784174579","2.32442877594597","2.50139297079438","3.18425809995818","3.34655264138603","","","",
"Uzbekistan","UZB","Population in urban agglomerations of more than 1 million (% of total population)","EN.URB.MCTY.TL.ZS","11.7418345888695","11.7539911837817","11.7449037582355","11.7384929722592","11.7402769374062","11.7467796031741","11.765685770083","11.797173891425","11.840306812223","11.8980194069183","11.9253861251192","11.9085636796268","11.8975963782418","11.8838470469323","11.8694200496918","11.8546568409903","11.8411171958379","11.8280592264933","11.8271849562939","11.7715734529335","11.6384343700256","11.5063318863349","11.3748711028349","11.240554990419","11.0999199831796","10.9526538209989","10.8019185652933","10.6538063514821","10.5184261763365","10.3865194607268","10.2632177660191","10.0827938487548","9.84099670981132","9.61911191832074","9.4186822402826","9.23502904254021","9.06624581443433","8.92338721896918","8.80617465251296","8.70500205752507","8.61176160749075","8.51811037763105","8.44510901189686","8.37346004721122","8.30150580018326","8.2283418336133","8.15270794537467","8.06868205977779","7.97497007976861","7.9400012770529","7.90685922597258","7.87812357796825","7.85115376809225","7.81961013744251","7.78072483487242","7.73723447646659","7.69418647558119","7.65376465727681","7.6110700452747","7.55454751432449","7.49524539298261","7.43248917990628","7.36644241363258","7.30175188943593","7.24292176590861","7.19252210618677",
"Uzbekistan","UZB","Population living in slums (% of urban population)","EN.POP.SLUM.UR.ZS","","","","","","","","","","","","","","","","","","","","","","","","","","","","","","","","","","","","","","","","","29.45579","","26.73127","","23.97195","","21.18651","","18.41311","","15.62992","","12.83512","","10.05116","","7.29256","","5.35972","","4.52719","","7.1","","","",
"Uzbekistan","UZB","Population density (people per sq. km of land area)","EN.POP.DNST","","","","","","","","","","","","","","","","","","","","","","","","","","","","","","","","","50.5056182416549","51.6877174424071","52.8051034320639","53.8730347907851","54.8941725434885","55.8508697696286","56.7346708979784","57.5364551010813","56.8556053811659","57.5582699220712","58.2687291671924","58.9874184689718","59.7204791523748","60.4727210570633","61.2574119536538","62.1032147968733","63.0661816146635","64.0891121586439","65.1205023262643","66.1372206631804","67.1452569986232","68.207469669955","69.3523563008704","69.7897094870631","71.0059170523229","72.2198017195203","73.4780871882284","74.8253929702307","76.2200658118688","77.7112512566577","79.2892236957962","80.9084466129581","","",
"Uzbekistan","UZB","Nitrous oxide (N2O) emissions (total) excluding LULUCF (% change from 1990)","EN.GHG.N2O.ZG.AR5","","","","","","","","","","","","","","","","","","","","","","","","","","","","","","","","-5.95808310437891","-13.5719322132802","-17.4888764618639","-21.0958204673102","-24.7319409662282","-24.9604901650903","-28.7254735101753","-33.1128887159912","-33.2940261129617","-31.7890053247101","-33.8933599163607","-31.2103382041868","-29.6469644289917","-26.5335894381094","-22.7418609740086","-14.5845996741958","-7.58953536434146","-2.34870772447664","-0.160470714094674","10.9727929198376","15.6021298840235","21.8738602932238","32.4928882297163","38.9506187847991","43.1751319020643","56.1088283206497","45.1992511366676","57.6855746553527","62.0304408081889","65.6155024435313","67.1205232317829","71.6829973984293","70.9329183787595","74.9288822971626","",
"Uzbekistan","UZB","Nitrous oxide (N2O) emissions (total) excluding LULUCF (Mt CO2e)","EN.GHG.N2O.MT.CE.AR5","","","","","","","","","","","6.5488","6.7057","6.8271","6.9241","7.2483","7.3589","7.5644","7.9085","8.0567","8.1838","8.5361","8.5287","8.5796","8.8689","8.9384","9.0467","9.2489","9.4702","9.1542","8.4425","8.2258","7.7357","7.1094","6.7872","6.4905","6.1914","6.1726","5.8629","5.502","5.4871","5.6109","5.4378","5.6585","5.7871","6.0432","6.3551","7.0261","7.6015","8.0326","8.2126","9.1284","9.5092","10.0251","10.8986","11.4298","11.7773","12.8412","11.9438","12.9709","13.3283","13.6232","13.747","14.1223","14.0606","14.3893","",
"Uzbekistan","UZB","Nitrous oxide (N2O) emissions from Building (Energy) (Mt CO2e)","EN.GHG.N2O.BU.MT.CE.AR5","","","","","","","","","","","0.0468","0.0468","0.049","0.0511","0.0531","0.0572","0.0575","0.059","0.0606","0.0621","0.0662","0.0663","0.0662","0.0665","0.0679","0.0692","0.0696","0.0705","0.0719","0.0722","0.0672","0.07","0.0534","0.0516","0.0499","0.0346","0.346","0.3647","0.025","0.0263","0.0284","0.0273","0.03","0.0273","0.0273","0.0266","0.028","0.0272","0.0278","0.0249","0.0277","0.0287","0.025","0.0323","0.0263","0.0221","0.0288","0.0266","0.0234","0.0214","0.0351","0.0249","0.0393","0.0451","0.0488","",
"Uzbekistan","UZB","Carbon dioxide (CO2) emissions from Waste (Mt CO2e)","EN.GHG.CO2.WA.MT.CE.AR5","","","","","","","","","","","","","","","","","","","","","","","","","","","","","","","","","","","","","","","","","","","","","","","","","","","","","","","","","","","","","","","","","","",
"Uzbekistan","UZB","Carbon dioxide (CO2) emissions from Power Industry (Energy) (Mt CO2e)","EN.GHG.CO2.PI.MT.CE.AR5","","","","","","","","","","","18.0752","18.0752","19.078","20.4317","21.9171","23.1321","24.5708","25.3287","26.7986","27.8304","28.7639","29.3515","30.8644","32.3384","33.5856","35.0518","36.9896","38.7342","39.4633","40.2591","43.8052","43.791","45.095","44.2426","39.0369","33.8914","33.784","34.2325","36.9015","35.1199","38.6731","38.2915","38.2733","35.4077","38.4279","34.6601","39.07","38.2647","40.6286","38.5441","37.9371","40.3567","40.6652","43.1009","43.8467","43.9393","45.1663","45.7278","37.0928","39.1342","39.4036","48.4728","44.0833","47.6979","54.3786","",
"Uzbekistan","UZB","Carbon dioxide (CO2) net fluxes from LULUCF - Other Land (Mt CO2e)","EN.GHG.CO2.LU.OL.MT.CE.AR5","","","","","","","","","","","","","","","","","","","","","","","","","","","","","","","","","","","","","","","","","1.4335","2.2015","6.2835","4.8584","4.2004","7.3106","8.0548","8.6762","9.3603","9.2745","8.8598","7.6063","7.2873","7.9888","4.4726","3.5447","3.3039","3.318","2.7961","2.1316","1.2915","-0.0986","-3.4499","-3.4499","","",
"Uzbekistan","UZB","Carbon dioxide (CO2) emissions from Industrial Processes (Mt CO2e)","EN.GHG.CO2.IP.MT.CE.AR5","","","","","","","","","","","4.4896","4.7564","4.996","5.2047","5.4473","5.8528","6.1648","6.3932","6.5051","6.5513","5.2171","5.4145","5.7197","6.114","6.205","6.4843","7.1418","7.3352","7.4112","7.4776","7.2255","6.8705","6.4239","5.6109","4.7457","4.225","4.2822","4.2664","4.0741","4.3136","4.0177","3.8839","4.0752","4.2542","4.7279","4.7466","5.2399","5.7673","5.9097","5.7609","6.8297","6.7813","6.7165","6.4795","6.1123","6.7322","7.0763","7.2907","7.3927","8.2047","8.2132","9.792","10.2651","10.0494","10.1739","",
"Uzbekistan","UZB","Carbon dioxide (CO2) emissions from Agriculture (Mt CO2e)","EN.GHG.CO2.AG.MT.CE.AR5","","","","","","","","","","","2.3768","2.3768","2.3768","2.3768","2.5238","2.5238","2.6042","2.8199","2.8054","2.8337","3.1317","3.1261","3.1166","3.2783","3.2418","3.2529","3.2797","3.3904","3.2352","2.6846","2.4789","2.2733","2.0676","1.8619","1.6563","1.4506","1.2449","1.0393","0.8336","0.805","0.8554","0.6961","0.7615","0.8223","0.8536","0.8964","1.174","1.3543","1.5718","1.4087","1.6688","1.6638","1.7801","1.8044","1.8092","1.8795","1.9679","1.4615","1.7918","1.8242","1.9178","1.7903","1.8001","1.758","1.7694","",
"Uzbekistan","UZB","Methane (CH4) emissions from Power Industry (Energy) (Mt CO2e)","EN.GHG.CH4.PI.MT.CE.AR5","","","","","","","","","","","0.007","0.007","0.0073","0.0077","0.0083","0.0086","0.0093","0.0096","0.0102","0.0106","0.011","0.0114","0.0121","0.0128","0.0135","0.0143","0.0152","0.016","0.0165","0.0171","0.0183","0.0184","0.0196","0.0196","0.0173","0.0151","0.0148","0.015","0.0164","0.0157","0.0175","0.0174","0.0174","0.0162","0.0176","0.0159","0.0181","0.018","0.0191","0.0182","0.0181","0.0193","0.0192","0.0227","0.023","0.0233","0.0257","0.0299","0.0237","0.0299","0.0311","0.0379","0.034","0.0343","0.0396","",
"Uzbekistan","UZB","Methane (CH4) emissions from Fugitive Emissions (Energy) (Mt CO2e)","EN.GHG.CH4.FE.MT.CE.AR5","","","","","","","","","","","3.0542","3.0569","3.2071","3.3969","3.5314","3.7398","3.9686","4.1613","4.3153","4.4585","4.565","4.6334","4.7581","4.8736","5.0013","5.043","5.3049","5.469","5.6424","5.565","6.2924","6.425","6.9686","8.1504","10.956","12.2107","14.1628","13.3794","13.9188","11.458","13.8898","18.3368","24.3031","19.9687","17.3705","23.7984","25.3528","20.8791","24.8966","17.356","19.4937","20.6037","22.5725","21.5008","19.7179","18.9948","18.4789","19.3428","20.2418","21.1513","19.7893","20.5875","20.9473","19.8911","19.4134","",
"Uzbekistan","UZB","Total greenhouse gas emissions excluding LULUCF (Mt CO2e)","EN.GHG.ALL.MT.CE.AR5","","","","","","","","","","","78.5921","79.7919","83.634","87.6557","92.2831","99.8086","101.2232","104.6194","109.3348","112.6856","119.6786","122.9758","126.5587","130.73","135.1266","139.384","144.4087","149.2832","151.7595","152.7275","163.1813","162.5073","152.7072","153.378","150.3779","142.1961","146.6238","145.087","160.9657","159.5104","169.405","175.0142","185.7878","174.1371","176.1412","177.2523","189.41","183.6009","195.1412","176.5481","192.4441","198.3916","187.0615","186.4686","178.1141","173.1853","182.9667","188.0524","185.5182","189.6361","198.2383","210.4789","206.8547","211.3657","227.4884","",
"Uzbekistan","UZB","Disaster risk reduction progress score (1-5 scale; 5=best)","EN.CLC.DRSK.XQ","","","","","","","","","","","","","","","","","","","","","","","","","","","","","","","","","","","","","","","","","","","","","","","","","","","","","","","","","","","","","","","","","","",
"Uzbekistan","UZB","PM2.5 pollution, population exposed to levels exceeding WHO Interim Target-2 value (% of total)","EN.ATM.PM25.MC.T2.ZS","","","","","","","","","","","","","","","","","","","","","","","","","","","","","","","85.1898043783997","","","","","84.8449210770766","","","","","78.5834064788399","","","","","78.371915039265","","","","","79.1652486902008","82.1177520198289","78.1361802745036","76.7964524745358","72.8580129105126","76.2006217852119","72.1724486423162","72.2426656411247","","","","","","","","",
"Uzbekistan","UZB","Electric power consumption (kWh per capita)","EG.USE.ELEC.KH.PC","","","","","","","","","","","","","","","","","","","","","","","","","","","","","","","2388.47325154278","2323.7708886791","2124.77583291483","2014.01176234898","1917.08329825759","1833.52620557075","1817.83292817856","1808.79129389502","1738.51764801131","1731.04208823596","1767.37421074727","1637.80536074464","1622.24537184675","1561.37822733613","1549.98107905115","1492.3184470145","1585.30026712942","1604.40933537913","1560.98755348926","1517.18037026517","1473.39279419574","1500.77042115663","1493.99032591968","1501.34243078798","1515.00542930988","1531.86997863304","1538.10658341199","1582.3790294017","1781.58116409445","1824.40605179461","1758.03447898451","2118.90095041143","2094.05232640759","2059.24963004498","","",
"Uzbekistan","UZB","Alternative and nuclear energy (% of total energy use)","EG.USE.COMM.CL.ZS","","","","","","","","","","","","","","","","","","","","","","","","","","","","","","","1.21","1.08","1.2","1.35","1.33","1.35","1.38","1.2","1.15","1.35","0.65","0.8","1.07","1.49","1.13","1.75","0.89","0.9","0.85","1.34","1.55","1.06","1.4","1.22","1.39","1.63","1.56","1.71","1.23","1.31","0.95","0.86","1.23","1.31","","",
"Uzbekistan","UZB","Renewable energy consumption (% of total final energy consumption)","EG.FEC.RNEW.ZS","","","","","","","","","","","","","","","","","","","","","","","","","","","","","","","1.3","1.2","1.4","1.6","1.6","1.5","1.7","1.4","1.2","1.5","0.7","0.8","1","1.4","1","1.6","0.8","0.9","0.8","1.2","1.3","0.9","1.3","1.2","1.4","1.7","1.6","1.7","1.5","1.6","1","1","","","","",
"Uzbekistan","UZB","Electricity production from oil sources (% of total)","EG.ELC.PETR.ZS","","","","","","","","","","","","","","","","","","","","","","","","","","","","","","","4.41899689303151","8.89873534570294","6.87474219716761","3.74371808175141","3.2510460251046","11.2258445198407","11.1605275325304","11.905589091067","11.8972461086318","10.6830354191003","10.0443856429516","9.91054859359036","9.41150272283742","8.57781789832178","7.85730095172941","6.62540648274415","5.85745245377028","4.17457305502846","2.94316778844239","2.0757240085424","1.46416546416546","1.03211877888039","0.7275468853077","0.512070226773958","0.362247368326668","0.257785828746603","0.258868811417477","0.256494574153239","0.690027982701603","1.06404747288725","0.685714285714286","1.8609083138321","0.908858339280184","2.82800559681412","","",
"Uzbekistan","UZB","Electricity production from hydroelectric sources (% of total)","EG.ELC.HYRO.ZS","","","","","","","","","","","","","","","","","","","","","","","","","","","","","","","11.8029294274301","11.1344964460445","12.3372159258314","14.9708030682211","14.9707112970711","13.0402714264641","14.3662343952971","12.5439701220307","12.6112985740721","15.5583963324591","7.52848790064445","9.08275818928668","12.1950725752576","16.7596733822986","12.2738888106401","18.7286268750656","9.51937293662528","9.52031176674624","8.93703452945159","12.9393449494042","15.7614237614238","10.8003181577153","12.5398171708604","10.4316020482809","10.894320606854","11.8877586567268","11.6831581994993","13.0368299901348","9.37579496311371","10.1698383466339","7.51729323308271","6.96719588582319","8.7304258842855","9.33699278872027","","",
"Uzbekistan","UZB","Access to electricity, urban (% of urban population)","EG.ELC.ACCS.UR.ZS","","","","","","","","","","","","","","","","","","","","","","","","","","","","","","","","","","","","","100","99.8302001953125","99.8714981079102","99.8923645019531","99.9","99.9","99.9","99.8","99.7","99.7","99.8","99.8","99.8","99.9","100","100","100","100","100","100","100","100","100","100","100","100","100","100","100","",
"Uzbekistan","UZB","Access to clean fuels and technologies for cooking, urban (% of urban population)","EG.CFT.ACCS.UR.ZS","","","","","","","","","","","","","","","","","","","","","","","","","","","","","","","","","","","","","","","","","98.3","98.4","98.5","98.6","98.7","98.7","98.8","98.7","98.8","98.7","98.7","98.7","98.6","98.5","98.4","98.3","98.2","98","98","97.7","97.6","97.4","97.2","96.8","","",
"Uzbekistan","UZB","Public and publicly guaranteed debt service (% of exports of goods, services and primary income)","DT.TDS.DPPG.XP.ZS","","","","","","","","","","","","","","","","","","","","","","","","","","","","","","","","","","","","","","","","","","","","","","9.98622356335816","9.78020901855042","6.33360582510059","4.63995414316832","3.601661217382","3.28454863243666","2.30927058658908","2.57059712685542","2.31343789244594","2.68966644935661","2.72375634932015","3.53552604735193","3.18564947140911","3.16978197271569","3.76348239253169","5.86683989916493","7.7374283296991","7.14184610149438","10.5656908393565","13.8701207009418","",
"Uzbekistan","UZB","IMF repurchases and charges (TDS, current US$)","DT.TDS.DIMF.CD","","","","","","","","","","","","","","","","","","","","","","","","","","","","","","","","","","","","2978337.2","7154396.6","10441771.1","10487890","47798153","89060648.9","57396378","30163017.3","30100501.2","34172151.7","30602413.2","15774300.8","13758772.3","3406335","947538.4","1295054.2","443236.4","120755.5","519173.2","199071.8","184684.5","308593","195530.1","351175.5","3607575.1","2394682.4","3376220.8","18253771.7","112479012.9","169474532.9","",
"Uzbekistan","UZB","Net ODA received (% of central government expense)","DT.ODA.ODAT.XP.ZS","","","","","","","","","","","","","","","","","","","","","","","","","","","","","","","","","","","","","","","","","","","","","","","","","","","","1.66937155724635","2.65834716990209","2.66245560442935","2.68272236614955","3.4730602377712","4.13877005824057","7.21346329566243","12.2602623107783","11.4359634838345","11.5648472091993","6.55136221164237","7.62197482497731","4.99489169660306","","",
"Uzbekistan","UZB","Net ODA received (% of GNI)","DT.ODA.ODAT.GN.ZS","","","","","","","","","","","","","","","","","","","","","","","","","","","","","","","","","0.011721293067012","0.0611436334870946","0.219741921315664","0.628701606778828","0.631959380190467","0.960077593849041","1.06152478915215","0.924012513572395","1.36795502857977","1.3363957095157","1.92211628902364","1.91746975775119","2.02944845202254","1.18366808165985","0.867719729488372","0.721422098392653","0.573820556154252","0.495013913285575","0.251547093000904","0.209781571352684","0.336228235076421","0.351817535517489","0.351298373420937","0.455591812378803","0.517654292174368","0.86970014786476","1.68415408546664","1.62751451448214","2.08215014834937","1.42655971711714","1.66275259660699","1.1058481675402","","",
"Uzbekistan","UZB","Net official aid received (current US$)","DT.ODA.OATL.CD","","","","","","","","","","","","","","","","","","","","","","","","","","","","","","","","","","","","","","","","","","","","","","","","","","","","","","","","","","","","","","","","","","",
"Uzbekistan","UZB","Net official flows from UN agencies, WHO (current US$)","DT.NFL.WHOL.CD","","","","","","","","","","","","","","","","","","","","","","","","","","","","","","","","","","","","","","","","","","","","","","","","","","","","589999.973773956","32062.0015263557","219655.007123947","460932.999849319","557884.991168976","782356.023788452","1071284.05570984","1121683.00151825","647962.987422943","871061.027050018","1267500.04291534","876854.002475739","1270977.02026367","","",
"Uzbekistan","UZB","Net official flows from UN agencies, UNTA (current US$)","DT.NFL.UNTA.CD","","","","","","","","","","","","","","","","","","","","","","","","","","","","","","","","","9999.99977648258","39999.9991059303","70000.0002980232","479999.989271164","189999.997615814","270000.010728836","250000","370000.004768372","730000.019073486","519999.980926514","349999.994039536","740000.009536743","810000.002384186","1370000.00476837","1419999.95708466","1159999.9666214","370000.004768372","","","","","","","","","","","","","","","","","",
"Uzbekistan","UZB","Net official flows from UN agencies, UNIDIR (current US$)","DT.NFL.UNID.CD","","","","","","","","","","","","","","","","","","","","","","","","","","","","","","","","","","","","","","","","","","","","","","","","","","","","","","","","","","","","","","","","","","",
"Uzbekistan","UZB","Net official flows from UN agencies, UNDP (current US$)","DT.NFL.UNDP.CD","","","","","","","","","","","","","","","","","","","","","","","","","","","","","","","","","","409999.996423721","810000.002384186","1950000.04768372","2559999.94277954","2349999.90463257","1629999.99523163","1460000.03814697","1279999.97138977","1179999.94754791","1240000.00953674","1440000.05722046","2319999.9332428","3049999.95231628","3859999.89509583","3980000.01907349","4349999.90463257","6570000.17166138","6889999.8664856","5739999.77111816","5312389.85061646","5636972.90420532","4171051.97906494","3344575.88195801","2119194.98443604","2147969.96116638","1047888.0405426","1163800.00114441","1035925.98438263","1348966.95613861","1243265.03276825","","","",
"Uzbekistan","UZB","Net official flows from UN agencies, UNICEF (current US$)","DT.NFL.UNCF.CD","","","","","","","","","","","","","","","","","","","","","","","","","","","","","","","","","","39999.9991059303","1559999.94277954","2269999.98092651","3400000.09536743","1320000.05245209","1799999.95231628","1220000.02861023","1460000.03814697","1590000.0333786","1850000.02384186","1840000.0333786","1929999.94754791","2269999.98092651","2509999.99046326","2769999.98092651","2970000.02861023","3460000.03814697","3759999.99046326","4019999.98092651","3200891.97158813","3182111.02485657","3879764.08004761","4861313.81988525","3547072.88742065","4289000.03433228","3260745.04852295","3934999.94277954","3385999.91798401","3667000.05531311","3000999.92752075","2753999.94850159","","",
"Uzbekistan","UZB","Imports of goods and services (% of GDP)","NE.IMP.GNFS.ZS","","","","","","","","","","","","","","","","","","","","","","","","","","","","","","","","","","","","","","30.0894730915308","22.8537352470558","18.4397696203245","19.3913257156899","27.1011715022435","28.0340796220236","32.221688338074","34.8057825625969","31.7162289460794","30.9576045330392","34.7432635686414","38.5794692300191","34.0105112646732","22.3751819014127","23.1835665947076","22.3708703311009","21.0068395119034","17.9849870300028","15.0038442658548","14.8381024904165","23.2228973117917","38.2521221014723","37.9896096458527","32.3429035050183","34.4457811217665","37.815398870245","39.7869621133828","35.9625379735638","35.3645415221702",
"Uzbekistan","UZB","Imports of goods and services (current LCU)","NE.IMP.GNFS.CN","","","","","","","","","","","","","","","","","","","","","","","","","","","","","","","","","","","","","","293923000000","323645000000","392520000000","631304000000","1334814000000","2088595000000","3171903000000","4267537000000","5050302000000","6539763000000","9794126000000","15034342000000","16792894000000","19713062884309","26806639437075.7","31841139324554.9","36384150633789.6","37948011115345.5","37591316439186.4","43062162549018","85834796583584.2","189277160554105","235567200000000","228042200000000","296637000000000","393990300000000","502034287816645","552180224317816","654120244634245",
"Uzbekistan","UZB","Gross capital formation (annual % growth)","NE.GDI.TOTL.KD.ZG","","","","","","","","","","","","","","","","","","","","","","","","","","","","","","","","","","","","","","","","","","","","","","","","","","","","","","","","","","","","","","","","","","",
"Uzbekistan","UZB","Changes in inventories (constant LCU)","NE.GDI.STKB.KN","","","","","","","","","","","","","","","","","","","","","","","","","","","","","","","","","","","","","","","","","","","","","","","","","","","","","","","","","","","","","","","","","","",
"Uzbekistan","UZB","Gross fixed capital formation (constant LCU)","NE.GDI.FTOT.KN","","","","","","","","","","","","","","","","","","","","","","","","","","","","","","","8705175777502.85","9140434566171.5","6215495503670.79","5904720728418.42","4605682169473.13","4789909454244.26","5125203117443.43","5996487647624.84","6248092466954.18","6316821483277.5","6373672875404.21","6628619791352.27","6867250104009.54","7176276359012.42","7527758316716.61","8054701398720.51","8787679226344.01","10800057768688.9","13856474119731.3","17292879700077.6","18883824632734.7","19374804073185.8","21428533304943.4","23849957568402.1","26183518189137.8","28654213526022.2","29835956298564.8","35615667445973.1","45976906830914.7","63274700789722.3","60088049209459","61977549423318.8","61809973323658.2","76269404842005.1","100151310973298","110697996672720",
"Uzbekistan","UZB","Gross fixed capital formation (current US$)","NE.GDI.FTOT.CD","","","","","","","","","","","","","","","","","","","","","","","","","","","","","","","","","5690624389.8994","1919169401.93147","2347686669.72057","3230788407.3453","3208258483.03393","4175094339.62264","4195596951.73582","4311617458.27985","3146794031.86948","3057709669.20531","1985098110.60687","2036465089.46404","2579474097.33124","2843998778.01139","3748482262.98691","5246145566.21395","7912496208.67455","9551520858.06689","11905327578.1144","13245331302.5125","14939505372.401","16864301336.4871","18993424213.7923","20164024924.5821","19774628504.6494","16008852921.9792","17463000860.7028","24755761072.6749","22952824910.1308","24865722743.1567","26403281482.534","33270829830.7814","42835314179.7991","50012799423.6739",
"Uzbekistan","UZB","Exports of goods and services (constant LCU)","NE.EXP.GNFS.KN","","","","","","","","","","","","","","","","","","","","","","","","","","","","","","","","","","","","5741290573593.66","5942989790693.43","6135234895993.22","5188866834394.27","4768771743494.73","5206409266794.25","4925730349094.56","4593347419994.92","5809007207593.58","7443223273191.78","8334194180990.79","9734511149989.25","13620006034985","18708850230979.3","17751787440980.4","19178218144478.8","21995152477441.2","20870409785439.1","23084903096923.5","21430943498536.3","21894246537352.1","22834458063660.2","26051330711822.1","28699351327005.4","33410411403611","26692491172389.2","30279924879856.2","36041106687055.1","42267814919643.5","39763363702090.4","40763600731396.3",
"Uzbekistan","UZB","Exports of goods and services (current US$)","NE.EXP.GNFS.CD","","","","","","","","","","","","","","","","","","","","","","","","","","","","","","","","","","","","","","3997132075.4717","3382144369.17866","3104709563.543","3393714865.37893","3383383874.62673","2995507327.41245","3875170383.182","5027333202.51177","5409530612.61164","6328126538.24697","8851137334.97958","12165067485.593","11677571266.7676","12090928284.6635","14254614638.5955","13019734006.3878","13644942280.4611","12972030799.1424","11872252204.8396","10623491738.669","12880673500.8197","14190894258.3354","17059027389.7613","14561318344.1846","16479144804.738","20962647200.8976","25070062402.3687","26172869000.28","32401308149.1144",
"Uzbekistan","UZB","Gross national expenditure (current LCU)","NE.DAB.TOTL.CN","","","","","","","","","","","","","","","","","","","","","","","","","","","","","","","","","444000000","5492000000","63694000000","303412000000","598468000000","978753000000","1420300000000","2134249000000","3083985000000","4798526000000","7235160000000","9251795000000","11404680000000","14953219000000","19951183000000","26800891000000","37960851000000","49053612000000","90546452800120.8","117034527262620","151379694058877","183255632014215","223327944776246","266556282304910","314303256118410","387145756702061","545836674039906","712588000000000","783992500000000","981180900000000","1.1928341E+15","1.41714819541804E+15","1.82788637923711E+15","2.09618141873547E+15",
"Uzbekistan","UZB","Final consumption expenditure (constant LCU)","NE.CON.TOTL.KN","","","","","","","","","","","","","","","","","","","","","","","","","","","","","","","","","","","","38975143082159","42297288934426","41019732516216.9","41208580627075.2","43491233032941.7","43876150328572.1","47203941394565.9","48822010462138.8","48846868578059.5","52463640219730.5","54860994421407.5","60160387672162.2","64503147364914.6","64905983728481.5","67849370260559.1","68041413745357.3","77049488514695.9","84629064787630.1","92322060460600.4","100955434561822","112395457509982","122123454581281","126870643655666","134373119359008","142314786978837","139939748655967","153955584240563","168945855169853","178818324839384","195729385180043","211118940252243",
"Uzbekistan","UZB","Final consumption expenditure (current US$)","NE.CON.TOTL.CD","","","","","","","","","","","","","","","","","","","","","","","","","","","","","","","","","7266489605.56385","12153031339.6007","10316062884.9188","10147217055.0213","11723577844.3114","11986988679.2453","11900021168.5013","14202832156.611","10338082759.2037","8702256996.68974","7354352886.10327","7416808738.4438","8242479395.60439","9429679048.28652","11236244380.2711","14918867730.3954","19317827570.5187","23380352342.3534","42896782578.2645","51414600754.2846","58970463051.5171","66428654911.2489","72977807346.6312","79969945468.0879","82705737576.0534","56725291921.7519","47101885046.8672","54288948331.0536","52997886398.4838","63329737980.9265","76533852515.3031","85249216123.4829","97084654227.3427","117704803685.455",
"Uzbekistan","UZB","Households and NPISHs Final consumption expenditure per capita growth (annual %)","NE.CON.PRVT.PC.KD.ZG","","","","","","","","","","","","","","","","","","","","","","","","","","","","","","","","","","","","","","","","","","","","","","","","","","","","12.266245090547","8.39997096242841","7.48013507001681","7.70732808478812","10.2032719038375","7.80776675570849","2.54962866539658","4.27196969218242","4.05174357355618","-4.15920368550503","9.49961331263076","9.0284591492675","4.83817835153533","9.26321694176923","7.44806377716509",
"Uzbekistan","UZB","Households and NPISHs Final consumption expenditure (constant 2015 US$)","NE.CON.PRVT.KD","","","","","","","","","","","","","","","","","","","","","","","","","","","","","","","","","","","","","","","","","","","","","","","","","","","40570187670.427","46248932031.3321","50896897001.5652","55568048539.7585","60855478323.1728","68232701670.701","74840537200.7961","78060222008.9916","82812886803.9245","87741874089.3324","85678385224.8282","95653617100.1366","106407086051.056","113832884919.952","126852831702.663","138893229056.519",
"Uzbekistan","UZB","Households and NPISHs Final consumption expenditure per capita, PPP (constant 2021 international $)","NE.CON.PCAP.PP.KD","","","","","","","","","","","","","","","","","","","","","","","","","","","","","","","","","","","","","","","","","","","","","","","","","","","2780.26194863447","3121.29569341319","3383.48362531143","3636.57277055663","3916.85536502549","4316.50276799909","4653.52523612816","4772.17284949995","4976.03862728915","5177.65495258801","4962.30573697724","5433.70559338056","5924.28548317039","6210.91298090029","6786.24332438559","7291.68705525944",
"Uzbekistan","UZB","General government final consumption expenditure (annual % growth)","NE.CON.GOVT.KD.ZG","","","","","","","","","","","","","","","","","","","","","","","","","","","","","","","","","","","","","","","","","","","","","","","","","","","","8.77095330072794","8.53223223635801","8.56013136987399","8.39852814035105","6.73326285953814","2.67255559053928","1.48505784443371","4.82802331395801","5.69404806404998","1.25537984543949","3.19313791611262","3.52515707675079","1.13342167495247","1.15973469162576","0.684159392205004",
"Uzbekistan","UZB","Arms exports (SIPRI trend indicator values)","MS.MIL.XPRT.KD","","","","","","","","","","","","","","","","","","","","","","","","","","","","","","","","","","","","","","","","","","","","252000000","126000000","4000000","","","","209000000","209000000","209000000","","","","34000000","68000000","","","","","","","","","",
"Uzbekistan","UZB","Military expenditure (current USD)","MS.MIL.XPND.CD","","","","","","","","","","","","","","","","","","","","","","","","","","","","","","","","","","","86929824.5614035","112678421.494542","172211545.661018","217747190.74336","","250071736.011478","115375384.615385","59760610.4651163","45914432.9896907","54133695.4635028","","","","","","","","","","","","","","","1440385072.20752","","","","","","","",
"Uzbekistan","UZB","Logistics performance index: Ability to track and trace consignments (1=low to 5=high)","LP.LPI.TRAC.XQ","","","","","","","","","","","","","","","","","","","","","","","","","","","","","","","","","","","","","","","","","","","","","","","","2.08","","","2.96","","2.53","","2.866667","","2.05328","","2.71","","","","2.4","","","",
"Uzbekistan","UZB","Logistics performance index: Ease of arranging competitively priced shipments (1=low to 5=high)","LP.LPI.ITRN.XQ","","","","","","","","","","","","","","","","","","","","","","","","","","","","","","","","","","","","","","","","","","","","","","","","2.07","","","2.79","","2.38","","2.225397","","2.361264","","2.42","","","","2.6","","","",
"Uzbekistan","UZB","Lead time to export, median case (days)","LP.EXP.DURS.MD","","","","","","","","","","","","","","","","","","","","","","","","","","","","","","","","","","","","","","","","","","","","","","","","","","","1.41","","","","18","","18","","16","","","","","","","",
"Uzbekistan","UZB","Secure Internet servers (per 1 million people)","IT.NET.SECR.P6","","","","","","","","","","","","","","","","","","","","","","","","","","","","","","","","","","","","","","","","","","","","","","","","","","","0.0704584938524612","0.277554230974247","0.922701438795693","1.37935373240504","2.41537949549274","5.75621998594702","70.9934687287355","205.787842790911","283.966912433599","460.977941222643","477.693750310394","595.02922815341","733.565156714046","823.873753807853","966.617245834433","",
"Uzbekistan","UZB","Fixed telephone subscriptions (per 100 people)","IT.MLT.MAIN.P2","","","","","","","","","","","","","","","","2.519009888","2.725862713","3.122516412","3.299390523","3.53495268","3.6370183","4.04024525","4.302195022","4.547347419","4.831092502","5.148589112","5.441807999","5.766054399","6.122440233","6.715448347","6.85","6.96","7.12","7.02","6.93","6.74","6.56","6.49","6.37","6.53","6.67705004394633","6.62791647268387","6.6186154477287","6.67827273646926","6.72471652192621","6.80465038191978","6.89863677885383","6.72974391202721","6.72696200376115","6.64508466345361","6.66595127809242","6.68813756808926","6.76660707951906","6.7285547922197","8.29736127400217","9.15990538465436","10.9092796167107","10.8246982370192","10.6885541225243","17.1782234578739","16.2989709040321","16.8398498806905","16.2736807669262","17.241849174024","17.3881126374754","",
"Uzbekistan","UZB","Container port traffic (TEU: 20 foot equivalent units)","IS.SHP.GOOD.TU","","","","","","","","","","","","","","","","","","","","","","","","","","","","","","","","","","","","","","","","","","","","","","","","","","","","","","","","","","","","","","","","","","",
"Uzbekistan","UZB","Railways, goods transported (million ton-km)","IS.RRS.GOOD.MT.K6","","","","","","","","","","","","","","","","","","","","","","","","","","","","","","","","","","","","16831","19653","16498","15672","13883","15441","15732","18428","","18007","18007","19281.4","21594","23432.4","22227","22281.8","22482","22686.4","","22932","22935","22937","22940","22942","22860","23632","24619","","","","",
"Uzbekistan","UZB","Statistical performance indicators (SPI): Pillar 5 data infrastructure score (scale 0-100)","IQ.SPI.PIL5","","","","","","","","","","","","","","","","","","","","","","","","","","","","","","","","","","","","","","","","","","","","","","","","","","","","","","","","","40","65","65","65","80","75","75","95","90","",
"Uzbekistan","UZB","Statistical performance indicators (SPI): Pillar 1 data use score (scale 0-100)","IQ.SPI.PIL1","","","","","","","","","","","","","","","","","","","","","","","","","","","","","","","","","","","","","","","","","","","","","40","40","40","40","30","20","30","30","0","20","0","40","60","60","60","60","70","70","90","90","90","",
"Uzbekistan","UZB","CPIA structural policies cluster average (1=low to 6=high)","IQ.CPA.STRC.XQ","","","","","","","","","","","","","","","","","","","","","","","","","","","","","","","","","","","","","","","","","","","","","","2.5","2.5","2.66666666666667","2.8","2.83333333333333","2.83333333333333","2.83333333333333","2.83333333333333","2.83333333333333","2.83333","2.83333","2.83333","3.16666666666667","3.16666666666667","3.333333","3.5","3.5","3.5","3.5","3.5","3.5",
"Uzbekistan","UZB","CPIA social protection rating (1=low to 6=high)","IQ.CPA.PROT.XQ","","","","","","","","","","","","","","","","","","","","","","","","","","","","","","","","","","","","","","","","","","","","","","3.5","3.5","3.5","3.5","3.5","3.5","3.5","3.5","3.5","3.5","3.5","3.5","3.5","3.5","3.5","3.5","3.5","3.5","3.5","3.5","3.5",
"Uzbekistan","UZB","CPIA macroeconomic management rating (1=low to 6=high)","IQ.CPA.MACR.XQ","","","","","","","","","","","","","","","","","","","","","","","","","","","","","","","","","","","","","","","","","","","","","","3","3","3.5","4","4","4","4","4","4","4","4","4","4","4","4","4","4","4","4","4","4",
"Uzbekistan","UZB","CPIA fiscal policy rating (1=low to 6=high)","IQ.CPA.FISP.XQ","","","","","","","","","","","","","","","","","","","","","","","","","","","","","","","","","","","","","","","","","","","","","","3.5","3.5","3.5","4","4","4","4","4","4","4","4","4","4","4","4","4","4","4","4","4","4",
"Uzbekistan","UZB","CPIA economic management cluster average (1=low to 6=high)","IQ.CPA.ECON.XQ","","","","","","","","","","","","","","","","","","","","","","","","","","","","","","","","","","","","","","","","","","","","","","3.5","3.5","3.66666666666667","4","4","4","4","4","4","4","4","4.16667","4.16666666666667","4.16666666666667","4.166667","4.16666666666667","4.166667","4.166667","4.166667","4.166667","4.166667",
"Uzbekistan","UZB","Net bilateral aid flows from DAC donors, Hungary (current US$)","DC.DAC.HUNL.CD","","","","","","","","","","","","","","","","","","","","","","","","","","","","","","","","","","","","","","","","","","","","","","","","","","","","9999.99977648258","","50000.0007450581","","10656.0001149774","12009.0004056692","9588.00036460161","","98108.0010533333","504113.018512726","505755.007266998","1126546.9789505","1322021.96121216","","",
"Uzbekistan","UZB","Net bilateral aid flows from DAC donors, Finland (current US$)","DC.DAC.FINL.CD","","","","","","","","","","","","","","","","","","","","","","","","","","","","","","","","","","","","","","","59999.9986588955","19999.9995529652","","219999.998807907","579999.983310699","409999.996423721","150000.005960464","239999.994635582","529999.971389771","490000.009536743","400000.005960464","90000.0035762787","19999.9995529652","19999.9995529652","72801.9997477531","6372.99986556172","62518.0006027222","50317.9989755154","","","","","1139600.99220276","75014.0026211739","2261020.89881897","2493302.1068573","","",
"Uzbekistan","UZB","Net bilateral aid flows from DAC donors, Germany (current US$)","DC.DAC.DEUL.CD","","","","","","","","","","","","","","","","","","","","","","","","","","","","","","","","","","19999.9995529652","970000.028610229","46639999.3896484","29840000.1525879","21409999.8474121","11850000.3814697","8949999.80926514","9260000.22888184","13729999.5422363","21569999.6948242","19010000.2288818","20329999.9237061","16959999.0844727","15779999.7329712","16510000.2288818","29459999.0844727","32069999.6948242","25040000.9155273","16389999.3896484","39421859.7412109","32173286.4379883","19753068.9239502","9093544.96002197","14705195.4269409","15415950.7751465","15464506.149292","15379382.1334839","28364637.3748779","18962873.4588623","26087146.7590332","25304250.7171631","","",
"Uzbekistan","UZB","Net bilateral aid flows from DAC donors, Canada (current US$)","DC.DAC.CANL.CD","","","","","","","","","","","","","","","","","","","","","","","","","","","","","","","","","","","","","","9999.99977648258","140000.000596046","109999.999403954","170000.001788139","330000.013113022","509999.990463257","469999.998807907","759999.990463257","860000.014305115","29999.9993294477","449999.988079071","9999.99977648258","9999.99977648258","","","","","","18493.0004179478","","3895.00008895993","1633.99998564273","63676.9980192184","283120.006322861","131153.002381325","2924459.93423462","82994.9975013733","","",
"Uzbekistan","UZB","Stocks traded, turnover ratio of domestic shares (%)","CM.MKT.TRNR","","","","","","","","","","","","","","","","","","","","","","","","","","","","","","","","","","","","","","","","","","","","","","","","","","","","","","","","","","","","","0.5941","0.7079","1.242","0.2142","0.0543","",
"Uzbekistan","UZB","Market capitalization of listed domestic companies (% of GDP)","CM.MKT.LCAP.GD.ZS","","","","","","","","","","","","","","","","","","","","","","","","","","","","","","","","","","","","","","","","","","","","","","","","","","","","","","","","","","","","","7.457927073021","6.39892409101904","8.93747555016678","12.7611006884449","15.4912487996631","16.1182462515559",
"Uzbekistan","UZB","Personal remittances, received (current US$)","BX.TRF.PWKR.CD.DT","","","","","","","","","","","","","","","","","","","","","","","","","","","","","","","","","","","","","","","","","","","","","","1026125524.12169","1417694341.82363","1706573278.45895","3629959095.45539","2178092136.28341","3435379055.47969","4907420018.68114","6087971428.9721","6441534870.71052","6814316319.56741","4843179722.12111","5795061401.25167","7130151739.46001","7609613691.87163","8546153773.20434","7083725806.44577","9276845181.10841","15512123643.7067","14168883803.2474","16579258955.3401","21003039891.5739",
"Uzbekistan","UZB","Foreign direct investment, net inflows (% of GDP)","BX.KLT.DINV.WD.GD.ZS","","","","","","","","","","","","","","","","","","","","","","","","","","","","","","","","","0.0694776727834706","0.366414449820697","0.565932056672873","-0.179769069574583","0.645212527339969","1.13126132489788","0.931351445248341","0.7096656112296","0.542857629929967","0.726225245162731","0.674044441759953","0.815041487200325","1.46799380148438","1.49216056466347","1.19530557570436","2.99176207276698","1.85438789059302","1.81985173937585","2.99355724160322","2.39605562355834","0.988125260232837","0.836508133232868","0.885698410750819","1.06718996650784","1.69905310280349","2.4880865313219","1.01875982438812","3.30121289679898","2.46444977604592","2.80927561208071","2.81838908878173","2.0054127330605","2.45125129042312","2.99134974013705",
"Uzbekistan","UZB","Exports of goods, services and primary income (BoP, current US$)","BX.GSR.TOTL.CD","","","","","","","","","","","","","","","","","","","","","","","","","","","","","","","","","","","","","","","","","","","","","","6282650890.19316","7346508402.19459","10047203412.5978","12502285220.9459","13013174016.4247","13189175021.5501","15739562618.2059","14336360336.2779","15346771497.9211","14551288457.854","13870657461.498","12760331098.0526","15009757893.6861","17340305567.7388","19982988340.5962","16475353238.0793","18996072676.4775","25287269940.2205","30367235206.6986","31840702999.7952","38727760558.6756",
"Uzbekistan","UZB","Insurance and financial services (% of service exports, BoP)","BX.GSR.INSF.ZS","","","","","","","","","","","","","","","","","","","","","","","","","","","","","","","","","","","","","","","","","","","","","","0.706064480224686","0.945389838183115","0.952750779827566","1.75193797223561","2.10731855574904","2.09593058959928","2.48173933938215","2.45279281090602","2.4766643993762","1.96660841384746","2.01444102480261","1.60340139857547","1.5493559019699","1.29563982547195","1.18297382788039","2.23717274528824","2.39913940952662","2.95607029066233","2.67539972904311","2.06446184692908","2.42892845725841",
"Uzbekistan","UZB","ICT service exports (% of service exports, BoP)","BX.GSR.CCIS.ZS","","","","","","","","","","","","","","","","","","","","","","","","","","","","","","","","","","","","","","","","","","","","","","0.163059015871745","0.13339861328616","0.157799560043694","4.1067022856991","4.81774256184336","5.11722561635186","7.34281380970269","10.4658085042845","8.35882606316938","10.0647991363224","8.74065311511558","7.74393872832685","6.69351957902831","5.69351024454209","5.28860608710197","9.76817011059679","7.66362150679812","6.26140367964456","8.11654170799925","9.46564335753085","9.93631868028465",
"Uzbekistan","UZB","Net capital account (BoP, current US$)","BN.TRF.KOGT.CD","","","","","","","","","","","","","","","","","","","","","","","","","","","","","","","","","","","","","","","","","","","","","","","","","","4999943.63146516","","6996762.63725175","","","","","13619888.9743038","99766718.8782157","143029881.399946","253996602.35","25150000","32231713.2311207","22248258.0141542","8438917.30639239","8328714.0240601","12993480.2780052",
"Uzbekistan","UZB","Foreign direct investment, net (BoP, current US$)","BN.KLT.DINV.CD","","","","","","","","","","","","","","","","","","","","","","","","","","","","","","","","","","","","","","","","","","","","","","-210942182.1482","-205006878.842154","-665212034.69858","-545389489.4866","-608776388.262","-1659799355.44525","-1611410789","-741158491.424517","-687255065.174763","-804245735.750486","-1036625230.27393","-1657069191.40486","-1790139193.7102","-622886824.389982","-2313130816.86861","-1716938024.48459","-2277773115.81438","-2653272400.5716","-2144623728.15137","-2938039218.4724","-4240239473.34718",
"Uzbekistan","UZB","Net primary income (BoP, current US$)","BN.GSR.FCTY.CD","","","","","","","","","","","","","","","","","","","","","","","","","","","","","","","","","","","","","","","","","","","","","","445230135.171022","407212472.538319","349126238.036407","409210141.215383","524441613.042421","850710410.815432","1129187002.7073","789907951.337124","1218411458.9747","1113223799.21305","1426648130.34697","852686386.45309","1212894214.70186","1507553069.6","736218151.622629","160076149.509455","357361131.905738","1014102156.04591","994583946.733422","1148608559.53572","371425001.981697",
"Uzbekistan","UZB","Personal remittances, paid (current US$)","BM.TRF.PWKR.CD.DT","","","","","","","","","","","","","","","","","","","","","","","","","","","","","","","","","","","","","","","","","","","","","","148296600","189561600","327699000","473929050","385683587.25","260825190","341066130","402304500","676778600","607071500","335516240","159289200","174311760","244064391.29","274721976.95949","341077595.279748","447730939.372381","625458701.549934","595034916.045974","737254767.165282","1163049677.62809",
"Uzbekistan","UZB","Travel services (% of service imports, BoP)","BM.GSR.TRVL.ZS","","","","","","","","","","","","","","","","","","","","","","","","","","","","","","","","","","","","","","","","","","","","","","32.892515622464","32.7567624185398","39.0687883829694","34.40164795057","39.7093444073071","38.8827754244452","45.6867703300228","47.4548427167381","44.6033548040554","38.5953995099194","51.554351395676","40.1251287473537","39.8607451765369","43.2111996674887","43.3943214719478","26.7580386115544","33.5021098496818","43.0689061904124","37.4131244130321","41.7413287850134","41.2530661217403",
"Uzbekistan","UZB","Service imports (BoP, current US$)","BM.GSR.NFSV.CD","","","","","","","","","","","","","","","","","","","","","","","","","","","","","","","","","","","","","","","","","","","","","","1583195423.57221","1643889828.35699","2130768748.18619","2475105212.27269","2635844055.56054","2654741581.84484","3115111084.38008","3462391287.60129","3379035261.44074","2886063681.49656","3091910829.02795","3443736833.13078","4092825798.11738","5191101922.08299","5397774428.09153","3589749398.48735","5027200611.01044","7334153405.27173","8170849209.57177","10464185997.2025","13635469395.115",
"Uzbekistan","UZB","Primary income payments (BoP, current US$)","BM.GSR.FCTY.CD","","","","","","","","","","","","","","","","","","","","","","","","","","","","","","","","","","","","","","","","","","","","","","256111351.517445","274473635.282282","396135374.25923","311755574.59738","352800217.121839","275140350.432776","362354146.643675","561933020.054232","534525055.213495","510612620.036785","598566566.116981","1357727818.98041","1384645148.84464","1697615209.80567","2221036195.92045","1778830529.09574","2196671132.21007","3307301065.32654","4323059001.21252","4518794423.22291","6057412347.62658",
"Uzbekistan","UZB","Surface area (sq. km)","AG.SRF.TOTL.K2","","447400","447400","447400","447400","447400","447400","447400","447400","447400","447400","447400","447400","447400","447400","447400","447400","447400","447400","447400","447400","447400","447400","447400","447400","447400","447400","447400","447400","447400","447400","447400","447400","447400","447400","447400","447400","447400","447400","447400","444103","444103","444103","444103","444103","444103","444103","444103","444103","444103","444103","444103","444103","444103","444103","448924","448924","448924","448924","448924","448924","448924","448924","448920","","",
"Uzbekistan","UZB","Cereal production (metric tons)","AG.PRD.CREL.MT","","","","","","","","","","","","","","","","","","","","","","","","","","","","","","","","","2408200","2271400","2602900","3382600","3479100","3960000","4328200","4523400","4107900","4262600","5775800","6321300","5999200","6534570","6637128","6753700","6698000","7378300","7473500","7063268","7431597","7704980","7890990","8014002","8096413.83","7067542.17","6248843.77","7097740","7226304.31","7196119.42","7516778.12","7911754.68","","",
"Uzbekistan","UZB","Average precipitation in depth (mm per year)","AG.LND.PRCP.MM","","","","","","","","","","","","","","","","","","","","","","","","","","","","","","","","","206","206","206","206","206","206","206","206","206","206","206","206","206","206","206","206","206","206","206","206","206","206","206","206","206","206","206","206","206","206","206","","","",
"Uzbekistan","UZB","Land area where elevation is below 5 meters (% of total land area)","AG.LND.EL5M.ZS","","","","","","","","","","","","","","","","","","","","","","","","","","","","","","","0","","","","","","","","","","0","","","","","","","","","","","","","","","0","","","","","","","","","","",
"Uzbekistan","UZB","Rural land area where elevation is below 5 meters (sq. km)","AG.LND.EL5M.RU.K2","","","","","","","","","","","","","","","","","","","","","","","","","","","","","","","0","","","","","","","","","","0","","","","","","","","","","","","","","","0","","","","","","","","","","",
"Uzbekistan","UZB","Arable land (hectares per person)","AG.LND.ARBL.HA.PC","","","","","","","","","","","","","","","","","","","","","","","","","","","","","","","","","0.208237433494577","0.203338600611107","0.198902289072425","0.195264868394315","0.191675387197343","0.188434173886399","0.185540218494117","0.182995527702066","0.180739510229816","0.178595036173964","0.176535572075254","0.172881460219431","0.169270458155889","0.165686692042619","0.162103188492561","0.158405921581941","0.15457482938394","0.15071944464806","0.146976418176234","0.143391454577071","0.139908877423317","0.136421448412255","0.133805406572228","0.131417429170689","0.128986917767252","0.126540038212175","0.124169497944151","0.12235815516725","0.11978072534896","0.117279980525467","0.115301101592764","0.113008114734342","","",
"Uzbekistan","UZB","Fertilizer consumption (kilograms per hectare of arable land)","AG.CON.FERT.ZS","","","","","","","","","","","","","","","","","","","","","","","","","","","","","","","","","298.994188645507","276.985014538135","189.346463742167","212.178770949721","234.651474530831","195.465713647532","184.100044662796","172.985041303862","163.214285714286","160.745369337202","160.347903657449","155.905511811024","141.852019972764","149.301580032059","165.203327171904","169.057122872464","175.869411764706","197.896699121349","205.389741131352","213.023711589644","211.386174890083","232.749198520345","244.66196834817","248.692155407077","253.734294847967","254.295151996821","217.958853674312","272.46882360233","268.256524981357","296.838973133139","237.159240412064","303.041697691735","","",
"Uzbekistan","UZB","Intentional homicides, female (per 100,000 female)","VC.IHR.PSRC.FE.P5","","","","","","","","","","","","","","","","","","","","","","","","","","","","","","","","","","","","","","","","","","","","","","","","","","","","","","","","1.41475270057296","1.6614375388675","1.29828446590604","1.09577063354003","0.843920380759753","0.966506961896724","1.05420849010636","","","","",
"Uzbekistan","UZB","Travel services (% of commercial service exports)","TX.VAL.TRVL.ZS.WT","","","","","","","","","","","","","","","","","","","","","","","","","","","","","","","","","","","","","","","","","","","","","","15.6677343600989","16.082191609581","21.2838127939003","18.2418808966739","26.1752201566366","20.3849956015461","19.3644903593297","14.1209910122447","23.6935827651417","21.4055509082427","22.5461863023059","24.2873923443994","30.8666533379746","41.9005021844805","48.6871313857741","20.6087573235305","26.0257590255948","33.3512652913588","39.9989926982436","49.0944911230831","50.5082724454051",
"Uzbekistan","UZB","Commercial service exports (current US$)","TX.VAL.SERV.CD.WT","","","","","","","","","","","","","","","","","","","","","","","","","","","","","","","","","","","","","","","","","","","","","","799019121.731801","983298284.171673","1307705905.88814","1518452558.87822","1345151541.82614","1390766344.73668","1821294785.62922","2117271455.8158","2424650444.68652","2342634655.05668","2336840628.853","1886625256.43953","2231037037.4775","2731227230.08908","3107397332.77026","1697320294.41462","2289156405.14203","4307385817.14785","5416628853.89549","6524424307.44168","9247020899.25362",
"Uzbekistan","UZB","Merchandise exports by the reporting economy (current US$)","TX.VAL.MRCH.WL.CD","","","","","","","","","","","","","","","","","","","","","","","","","","","","","","","","","160318761.013065","682279445.478928","1976692242.63947","2691824484.71055","2586859379.84617","2896100904.16801","2310317608.138","1962723968.11336","3890995545","3868775272","3330498577","3158993762","4002132148","5515696273","10155158826","13502653388","9468960987.00001","4946231621","7388722598","8107329668","6357432459","6702490238","6192514397","5043359612","7033815619","6985760789","6956811789","8335949178","6736821484","10754121042","9057065978","10979429618","","",
"Uzbekistan","UZB","Merchandise exports to low- and middle-income economies in Middle East & North Africa (% of total merchandise exports)","TX.VAL.MRCH.R4.ZS","","","","","","","","","","","","","","","","","","","","","","","","","","","","","","","","","0.130989036263127","","0.20453756394528","0.155137462941853","0.892337844126517","0.764211774005591","0.00502077110627676","0.00600434749361559","8.09855550734125","8.09855553687999","8.09855532930318","8.09855543488091","8.17838574279882","8.17838564114134","8.17838569765762","8.17838569404","8.17838567571658","8.17838564782407","8.17838566795792","8.17838567262268","8.17838576112508","8.17838568256636","8.17838563678353","8.17838571373324","6.17041535504032","5.18322006631195","2.76614170163803","2.87584607200685","2.88479530683078","2.54906069895805","1.74917407452721","1.97244182562053","","",
"Uzbekistan","UZB","Merchandise exports to low- and middle-income economies outside region (% of total merchandise exports)","TX.VAL.MRCH.OR.ZS","","","","","","","","","","","","","","","","","","","","","","","","","","","","","","","","","7.86047627999772","2.62035425553651","6.58610300552183","7.33932782688273","12.8939713795116","10.1078634943929","10.9577301041384","8.441236407877","54.4106388330496","54.4106386647728","54.4106385606782","54.410638814044","54.9469833998095","54.9469832636667","54.9469833865501","54.9469833358356","54.9469833400212","54.9469832642114","54.9469833134477","54.9469833523982","54.946983417099","54.9469833185306","54.9469833069489","54.9469834038081","43.2236679304971","35.0594577451971","37.2104367706648","31.6234499960383","30.4553874979894","28.9089909055163","26.7660757566362","26.6454662836384","","",
"Uzbekistan","UZB","Ores and metals exports (% of merchandise exports)","TX.VAL.MMTL.ZS.UN","","","","","","","","","","","","","","","","","","","","","","","","","","","","","","","","","","","","","","","","","","","","","","","","","","","","","","","","","","8.20354028371555","7.6354853444308","8.37864671560409","8.33762446780379","13.9619291123545","11.2856964615134","8.39123120304255","8.10048140248817","",
"Uzbekistan","UZB","Fuel exports (% of merchandise exports)","TX.VAL.FUEL.ZS.UN","","","","","","","","","","","","","","","","","","","","","","","","","","","","","","","","","","","","","","","","","","","","","","","","","","","","","","","","","","16.1883074086756","24.9394912096299","16.5598854216671","5.95874581011308","6.53139390408132","7.46412599396005","4.46396721405799","6.52845706509898","",
"Uzbekistan","UZB","Export volume index (2015 = 100)","TX.QTY.MRCH.XD.WD","","","","","","","","","","","","","","","","","","","","","","","","","","","","","","","","","","","","","","","","","","","","","","56.5","60.8","80","84.2","108.6","107.6","97","96.9","105.8","106.4","100","96.1","101.6","104.2","152.2","128.8","104.5","98.7","132.2","125.8","",
"Uzbekistan","UZB","Transport services (% of commercial service imports)","TM.VAL.TRAN.ZS.WT","","","","","","","","","","","","","","","","","","","","","","","","","","","","","","","","","","","","","","","","","","","","","","52.9441850503109","51.693724593821","49.9577343156584","55.5267426973501","50.3241411252395","54.6684633243018","48.1394233308544","43.4221994237841","45.7934940233629","54.7895004601833","41.979869217519","52.3218735226543","48.9686241092645","46.7308934336101","47.0310645241152","51.4184050579288","50.0793729467238","43.8462281006424","50.6774691776082","44.3034007256249","44.5826605588497",
"Uzbekistan","UZB","Merchandise imports from low- and middle-income economies within region (% of total merchandise imports)","TM.VAL.MRCH.WR.ZS","","","","","","","","","","","","","","","","","","","","","","","","","","","","","","","","","","32.1703633601432","15.1055728434755","24.4138039677678","22.9833145151821","22.2970295485273","23.1900140711486","22.4708676126637","13.948674841746","13.9486746548342","13.9486747219167","13.948674842109","13.5596617488855","13.5596619166702","13.5596618220126","13.5596617923196","13.5596618343229","13.5596617234847","13.559661817728","13.5608240257898","13.5664906328675","13.5664906079783","13.5664906130251","13.5664906020149","16.4908808696775","17.6609895113567","22.8331452759682","22.1775084848498","21.5815013811932","26.9109653965462","23.7811286715815","19.5776588494894","","",
"Uzbekistan","UZB","Merchandise imports from low- and middle-income economies in South Asia (% of total merchandise imports)","TM.VAL.MRCH.R5.ZS","","","","","","","","","","","","","","","","","","","","","","","","","","","","","","","","","0.287955432103509","1.79986926183309","1.00257734347663","1.47643806790008","1.21457092377639","1.28605147664551","1.21056852368219","0.936557112288869","3.52854237568051","3.52854249905621","3.52854248973514","3.52854248081564","3.54449404506617","3.54449398110248","3.54449401483357","3.54449397596343","3.5444940184216","3.54449399250418","3.54449401122047","3.54444634285586","3.54421399419354","3.54421398871559","3.54421398163123","3.54421400372114","3.30158112567523","3.03402242696416","2.07509401760945","1.77573764844822","1.91353478210595","2.50393013169403","2.83031420505018","2.23411476818728","","",
"Uzbekistan","UZB","Merchandise imports from low- and middle-income economies in East Asia & Pacific (% of total merchandise imports)","TM.VAL.MRCH.R1.ZS","","","","","","","","","","","","","","","","","","","","","","","","","","","","","","","","","14.2832956673906","5.38868208518994","2.47376701196117","2.45053145093954","1.47129290099432","1.91548219989371","2.39775217567578","1.41947712316788","19.9972610012812","19.9972609043527","19.9972609693436","19.9972609352635","20.0876627422745","20.0876627714503","20.0876627057967","20.0876628138241","20.0876627996433","20.0876627287289","20.087662765343","20.0873926967424","20.0860758251858","20.0860758500659","20.0860758592932","20.086075866496","20.7053790091409","21.9379350918366","21.0062443375558","23.0432856140772","23.8307540502798","22.0348299394963","24.3037452219614","32.5623157563949","","",
"Uzbekistan","UZB","Merchandise imports from economies in the Arab World (% of total merchandise imports)","TM.VAL.MRCH.AL.ZS","","","","","","","","","","","","","","","","","","","","","","","","","","","","","","","","","0.00407734085071093","0.0164937214589888","0.00103024685078882","0.0932340604291935","0.247736823558163","0.0540768471134512","0.0646152275071556","0.0367179051092292","4.30927885787911","4.30927893267052","4.30927884654032","4.30927883868242","4.32875984323895","4.32875982983678","4.32875990027909","4.32875981097971","4.32875984382244","4.32875984556406","4.32875983579348","4.32870165680554","4.32841788339311","4.32841788727969","4.32841785696674","4.32841786284788","2.4726175896025","0.555223140350242","0.41296050523338","0.475296812610519","0.397466993611569","0.586352343587825","1.13681520956831","0.919390157169343","","",
"Uzbekistan","UZB","ICT goods imports (% total goods imports)","TM.VAL.ICTG.ZS.UN","","","","","","","","","","","","","","","","","","","","","","","","","","","","","","","","","","","","","","","","","","","","","","","","","","","","","","","","","","2.56","2.01","3","3.95","4.02","3.81","4.11","4.57","",
"Uzbekistan","UZB","Import unit value index (2015 = 100)","TM.UVI.MRCH.XD.WD","","","","","","","","","","","","","","","","","","","","","","","","","","","","","","","","","","","","","","","","","73.7","73.2","73.4","77.4","83.1","87.1","92.5","97.2","106.1","99.9","104.1","114.2","112.1","109.7","108.5","100","99.2","102.6","106.9","104.9","104.3","119.8","131.8","127.8","125.8","",
"Uzbekistan","UZB","Tariff rate, applied, simple mean, primary products (%)","TM.TAX.TCOM.SM.AR.ZS","","","","","","","","","","","","","","","","","","","","","","","","","","","","","","","","","","","","","","","","","","10.76","","","","","12.08","12.11","12.77","12.16","","","12.11","","12.53","15.49","","","","","7.22","9.39","","","","",
"Uzbekistan","UZB","Tariff rate, applied, weighted mean, all products (%)","TM.TAX.MRCH.WM.AR.ZS","","","","","","","","","","","","","","","","","","","","","","","","","","","","","","","","","","","","","","","","","","5.83","","","","","7.54","6.91","8.58","7.04","","","7.21","","6.83","8.73","","","","","2.63","2.56","","","","",
"Uzbekistan","UZB","Binding coverage, all products (%)","TM.TAX.MRCH.BC.ZS","","","","","","","","","","","","","","","","","","","","","","","","","","","","","","","","","","","","","","","","","","","","","","","","","","","","","","","","","","","","","","","","","","",
"Uzbekistan","UZB","Tariff rate, applied, simple mean, manufactured products (%)","TM.TAX.MANF.SM.AR.ZS","","","","","","","","","","","","","","","","","","","","","","","","","","","","","","","","","","","","","","","","","","10.66","","","","","11.98","12.24","12.77","12.01","","","12.26","","12.33","13.52","","","","","6.09","6.3","","","","",
"Uzbekistan","UZB","Merchandise trade (% of GDP)","TG.VAL.TOTL.GD.ZS","","","","","","","","","","","","","","","","","","","","","","","","","","","","","","","","","43.2073927298983","42.3743043948893","39.9641061938173","46.290535415455","63.9477304874724","55.6813877542664","45.5001207492384","37.1520487066981","40.0711776631036","48.4325580167705","50.9713851977128","57.7337498984153","63.7737737541799","58.8152662119899","57.6833179802035","64.4020720822987","66.2449127272914","58.6478340718898","36.6986836707609","35.1993684729506","30.8608017076974","30.4061080511566","27.8466062908259","21.425810842074","20.7435547069165","30.5964308660977","46.0433265121134","52.4392939387841","47.0987495855302","46.5947712935538","46.1318073164081","50.9678821103952","45.2684419940611","44.4782735857679",
"Uzbekistan","UZB","International tourism, receipts for travel items (current US$)","ST.INT.TVLR.CD","","","","","","","","","","","","","","","","","","","","","","","","","","","","","","","","","","","","","","","","","27000000","22000000","22000000","24000000","28000000","28000000","43000000","51000000","64000000","99000000","121000000","","","","501000000","521000000","458000000","689000000","1144000000","1481000000","345000000","","","","","",
"Uzbekistan","UZB","International tourism, receipts (current US$)","ST.INT.RCPT.CD","","","","","","","","","","","","","","","","","","","","","","","","","","","","","","","","","","","","","15000000","198000000","167000000","102000000","63000000","72000000","68000000","48000000","57000000","","","","","","","","","","660000000","688000000","579000000","835000000","1314000000","1679000000","395000000","","","","","",
"Uzbekistan","UZB","Urban population (% of total population)","SP.URB.TOTL.IN.ZS","34.3303985595703","34.9156837463379","35.1426849365234","35.2697563171387","35.3549880981445","35.5234489440918","35.6946983337402","36.0253791809082","36.4272994995117","36.5718383789062","36.6462058604539","36.6894645690918","37.1027870178223","37.6776351928711","38.182918548584","38.7408142089844","39.2719879150391","39.730224609375","40.6479721069336","40.916002252995","41.0747337341309","41.172046661377","41.1765747070312","41.192699432373","40.9839630126953","40.627758026123","40.541561126709","40.6414642333984","40.8027572631836","40.6152409047433","40.7715937023416","41.0845226123885","41.5298766018746","42.0894314135234","42.7449627900584","43.4782464742032","44.2710582086815","45.1051737362168","45.9623687995325","46.8244191413524","47.6731005044","48.4901886313987","49.2574592650723","49.9566881481443","50.5696510233382","51.0781236333777","51.4638817209862","51.7087010288873","51.7943572998047","51.6105041503906","51.3321647644043","51.3395500183105","51.3359680175781","51.1276969909668","50.8868713378906","50.6597328186035","50.6572189331055","50.6787376403809","50.5814971923828","50.5920104980469","50.7670402526855","50.9269905090332","50.9847412109375","50.9964841114568","50.9986686706543","51.0173495084299",
"Uzbekistan","UZB","Rural population growth (annual %)","SP.RUR.TOTL.ZG","","2.79507591735695","3.52692881222972","3.65755385153303","3.65727065406941","3.47752305032364","3.37220704594991","3.01618638692771","2.80904020583719","3.07991768849208","2.98654429697786","2.85450426688191","2.22270262806119","1.97530975464296","2.08908245284841","1.99958552947435","2.02890529752394","2.13075675193047","1.25461302904986","2.20629074953813","2.35375517531543","2.45749246715201","2.62465930816805","2.64370401042337","3.09863362340469","3.41859866119216","3.01412946002903","2.69573584019267","2.4920821301914","2.93600021372527","2.14868140898537","1.87433571745808","1.70165916312976","1.35195739683774","1.00033981641661","0.713214353409877","0.465117744484562","0.219740057160601","-0.00380304169774065","-0.204818677805011","-0.346054129991421","-0.357917625044391","-0.273990902737349","-0.169510380591531","-0.00285235026492247","0.216826272222587","0.497830951696268","0.896348039711674","1.35726463635464","1.98459975421872","2.15789191599299","1.51500873215887","1.51795634254197","1.99411777391192","2.15616007969035","2.1879805305232","1.73072016776892","1.65080238916793","1.92403324726657","1.78846848469245","1.51342381358531","1.61279551859635","1.89223800237712","1.99718728938561","1.96619531167114","1.84591645956635",
"Uzbekistan","UZB","Completeness of birth registration, urban (%)","SP.REG.BRTH.UR.ZS","","","","","","","","","","","","","","","","","","","","","","","","","","","","","","","","","","","","","","","","","","","","","","","100","","","","","","","","","","","","","","","","","","","",
"Uzbekistan","UZB","Population, male (% of total population)","SP.POP.TOTL.MA.ZS","48.5727744630995","48.6546739312153","48.7371091872396","48.8160772037525","48.8908786934308","48.9623482149849","49.0294280637719","49.092209719697","49.151430522867","49.2075567533921","49.260935281774","49.3123318231996","49.362981750817","49.4132591507724","49.4631164636865","49.5122410379953","49.5600959551659","49.606477198483","49.6511117549944","49.6942838945353","49.7366986819473","49.7782417896017","49.8189669080522","49.8592652172884","49.8994093221489","49.9404011302946","49.9824768079316","50.0245508852027","50.064918244429","50.1022341338116","50.1365553876588","50.1662316920695","50.1900224672076","50.2087711203702","50.2249870689028","50.2381249615743","50.2450819911167","50.247963284253","50.2504730799084","50.2531295136037","50.2542314930112","50.2536918477042","50.2531419316078","50.2538829389879","50.255632574166","50.2578141178118","50.260387600395","50.2635322016451","50.2687638021684","50.2768194611975","50.2870831332018","50.298287532028","50.3092451064869","50.3206307750976","50.3333339619938","50.3479326031845","50.3630000580478","50.3756256682684","50.3860875055485","50.3946539663745","50.4027258436845","50.4155042142647","50.4271220926006","50.4377290367212","50.447673756174","50.4518232429129",
"Uzbekistan","UZB","Population, total","SP.POP.TOTL","8209109","8517711","8854368","9202246","9557611","9921681","10289294","10659180","11032155","11403150","11762638","12111511","12465106","12831047","13209011","13598521","13998620","14408822","14816349","15215587","15619936","16035032","16462736","16908400","17378846","17875339","18395621","18930070","19460630","19977183","20464956","20962910","21485090","21987955","22463291","22917589","23351981","23758960","24134929","24476008","24787054","25090283","25399980","25711259","26029350","26356975","26699043","27076008","27494774","27939328","28385506","28823196","29261903","29724065","30222994","30749346","31284568","31819178","32373490","32964701","33586372","34243696","34938955","35652307","36361859","37053428",
"Uzbekistan","UZB","Age dependency ratio, young (% of working-age population)","SP.POP.DPND.YG","73.0928870169408","77.4746351854151","81.6209329798274","85.3159605530199","88.3026108565712","90.0518070890766","90.7319531794538","90.9649148660456","90.7000929343138","90.1190025195582","89.4982314367455","88.8406003566642","87.9870224591295","86.8490354042623","85.3955982805654","83.6190947584658","81.6202061524854","79.5162130110751","77.5133694399758","75.7888655941648","74.303547624252","73.0645119031836","72.1055712786413","71.4606645262944","71.1370043862121","71.006596669554","70.9789162408753","70.948613848774","70.7734472918224","70.504058534587","70.4344901823423","70.5552503518049","70.6456814515171","70.6548485710935","70.4324002399324","69.9445471921503","69.2201570900808","68.1497153399107","66.6674544314225","64.8029552046691","62.6477328791265","60.2669464675077","57.8405370426627","55.5704891870808","53.4743919251044","51.4079274813326","49.3101492723223","47.4129693309873","45.8947422116327","44.7042966352549","43.6714632605443","42.7539689034668","42.0769704419067","41.7772196244263","41.8775846712434","42.2741721646534","42.8114335095127","43.3664261018677","44.0222986005453","44.8287131521928","45.7783911226564","46.8507465420305","47.8475386105229","48.6665073669346","49.3454082239031","49.9526805888477",
"Uzbekistan","UZB","Population ages 80 and above, male (% of male population)","SP.POP.80UP.MA.5Y","0.554861423205945","0.559001482651505","0.563220289926942","0.566696470340484","0.568952234206471","0.569125924681672","0.568518180618923","0.568125030695645","0.56634785395012","0.560476111085815","0.550463940521729","0.536871859338552","0.520741578132039","0.506061404472403","0.497245923679302","0.494673012093913","0.495558381167787","0.499180926363958","0.504126836713527","0.506891891409348","0.505538728363729","0.500516352067544","0.492436504496398","0.481299591336311","0.467346326079344","0.451511456907885","0.43414130509614","0.415526074923842","0.397205199370334","0.380377090053317","0.363761788195195","0.348796563658974","0.336958606268985","0.325809627049926","0.31293140468801","0.298066599373867","0.282164609175553","0.266505706986455","0.25330403014005","0.244935745931867","0.243394154911667","0.247160850368469","0.254232756822502","0.266885320072962","0.28922773187459","0.320395541775416","0.359884084133272","0.406767901909848","0.453999080476137","0.492909307506525","0.521365651404421","0.541028469350405","0.551868473486888","0.556877203475458","0.561419601537328","0.567526332204482","0.574869126363057","0.583996883919222","0.592781822411902","0.596877732796447","0.58096585643781","0.556144380731102","0.542664603216257","0.528202478293274","0.516626623880706","0.513388413545096",
"Uzbekistan","UZB","Population ages 70-74, male (% of male population)","SP.POP.7074.MA.5Y","1.73169580517792","1.66408297539889","1.58146603194216","1.50389271300732","1.45392484163671","1.4332257145492","1.43844683857963","1.46693173689862","1.49969686281832","1.51390657792885","1.50359356514971","1.47388818156916","1.42640807599622","1.36687287079185","1.30330378958698","1.24008372280578","1.17468546445923","1.10626355941463","1.0407896056838","0.983993841251947","0.934534507785653","0.894354605017291","0.865804270282562","0.841051033853182","0.809103705323658","0.769131588875835","0.722544688521627","0.671463905996848","0.625970637842813","0.599109902422966","0.59797726672783","0.615553832516411","0.644710207530631","0.689554440457134","0.757353296369453","0.841847603826387","0.945712098518208","1.07204541381552","1.19781090172458","1.28998788248141","1.34039585939728","1.35064077901826","1.31959970346954","1.26739956421785","1.22398803260966","1.19885804781194","1.1882740073193","1.19399827677397","1.20660284553168","1.20728929709292","1.19105790758922","1.1643155318371","1.12812654058867","1.08709190680132","1.05052243947892","1.02313314518168","1.00519191383364","0.997862669788362","1.00549083221374","1.02626960897845","1.07648382995546","1.15210252099555","1.23115997797682","1.31078408921171","1.39014938743042","1.45431209009694",
"Uzbekistan","UZB","Population ages 65 and above, male (% of male population)","SP.POP.65UP.MA.ZS","5.58741152111455","5.51435604556611","5.45686423135203","5.40680122582032","5.34645180619757","5.26782420673346","5.1784799797573","5.08117314025478","4.97429903849035","4.85715072404596","4.73139082059615","4.59614852687365","4.44877971405856","4.29431795034209","4.14100185074419","3.99035635660984","3.84284224399351","3.70282981581931","3.57049741982649","3.43650946791131","3.29541433529145","3.1480876181117","2.99859234182744","2.85565792576489","2.73213904867785","2.64055200528374","2.57575462606423","2.53192226877723","2.52165437795066","2.5616706539055","2.6466305216349","2.77366036083787","2.94132021041285","3.12440372440558","3.28791364438715","3.41843977606376","3.51922089260733","3.59156782694422","3.64758463036848","3.70502409337006","3.76770635579178","3.83116369663615","3.89600281253458","3.95642936944319","3.99702183616055","4.01225944572726","4.00828136551914","3.98726743759698","3.95353296964063","3.91384114166392","3.87375358539153","3.83784569190148","3.80870624600816","3.79263367536614","3.78966530275406","3.83525720642175","3.92628527047768","4.02509571726364","4.13386129679032","4.24888626435087","4.33732626692436","4.41844687007722","4.5349944614275","4.66938609450427","4.82768972822949","5.01591127760663",
"Uzbekistan","UZB","Population ages 65-69, male (% of male population)","SP.POP.6569.MA.5Y","2.30072689116094","2.30029960684218","2.33307140094588","2.37260320751048","2.38266135935627","2.35263760712474","2.29215080970306","2.20579621684416","2.10340781517622","1.99808900448682","1.89665512388286","1.79522100411421","1.69062242611424","1.58874149608094","1.49783702308747","1.41785915720973","1.35171023891894","1.30327074031693","1.26358631748164","1.21692407248141","1.15978046146137","1.09210059638257","1.01557446658046","0.944367553441093","0.89884716127294","0.891266465748465","0.913042641284486","0.954340338232037","1.02041486617655","1.12037997745033","1.24437846059668","1.39481540183992","1.57432202097822","1.74981481913417","1.87358654374131","1.93426049626753","1.93554677479042","1.87856515200307","1.79333366095214","1.72312341978659","1.68130903724179","1.6620187197934","1.66815029824422","1.68662714853847","1.68914744116458","1.66666679248665","1.62748938206696","1.57304628183049","1.51133937741744","1.4573390229918","1.41770039924359","1.39162943371179","1.38008894169169","1.38856936899931","1.4150019518821","1.49101900277428","1.60867581412792","1.7273199113151","1.84383206323546","1.95524169451852","2.03327269083594","2.08550305338259","2.14518549159347","2.20886593830993","2.28318292393601","2.37033757734814",
"Uzbekistan","UZB","Population ages 55-59, male (% of male population)","SP.POP.5559.MA.5Y","3.65440618830554","3.42223571878677","3.18418172468921","2.95764268337245","2.75835687382297","2.58479610892635","2.44428822140265","2.34274895768578","2.25933328261837","2.16448800762545","2.05341895645526","1.92614677885256","1.7845174535051","1.6536286450423","1.56953575891225","1.55289689893668","1.58933120698926","1.66144844452957","1.77558376408724","1.94500214712409","2.15265700507965","2.40696611119303","2.71491477541177","3.01712705583267","3.22872334874491","3.33013293579848","3.3264735001148","3.21858203799335","3.05838098916457","2.91867381555528","2.82171588726333","2.75531741100626","2.72620197096048","2.71759685848106","2.68865029247437","2.62725068293448","2.54616762556781","2.44864185453428","2.3456915433781","2.25752757498693","2.19198438989177","2.14701359598813","2.12499130875891","2.13555466371919","2.17568101188158","2.29015511263065","2.46711334034774","2.64628941350503","2.8233123211748","2.99681654581766","3.12973514602491","3.22882998316925","3.3351419196862","3.44234404827544","3.55801303562089","3.68636813861149","3.82109257598147","3.95661093961583","4.07289598562017","4.15105299806064","4.19227752574476","4.19148787787304","4.15067573479204","4.08479456422885","4.01402126243587","3.95608129514234",
"Uzbekistan","UZB","Population ages 45-49, male (% of male population)","SP.POP.4549.MA.5Y","3.21720312424763","2.97897250525395","2.72236657727287","2.48985152071641","2.33896165040233","2.29914728375788","2.34628595906483","2.45218311249349","2.62437038522627","2.87938709849023","3.18772397760936","3.56274826420167","4.01778081723371","4.46603073370189","4.7835278257521","4.94159862734403","4.94526343236645","4.79031113325962","4.55270603530329","4.34369749977418","4.19859925051883","4.1065179880072","4.07541121724939","4.0712105849257","4.02644551972589","3.92164078119721","3.7766351006304","3.5970213362486","3.40598108437189","3.23904500093166","3.10669437767359","3.00570961161062","2.9420899139898","2.9283509131551","2.95841186791388","3.08675138587832","3.29562075958334","3.51056865398179","3.7282827486602","3.94619153451753","4.11223209262537","4.2346797191452","4.37064740197994","4.51531434851838","4.67901126458862","4.86292957677154","5.05361671469419","5.23900539613992","5.39434344140325","5.500926674339","5.56171700313635","5.5727774030599","5.53634265120419","5.46816923360087","5.38764819028466","5.31413926820059","5.27034186102467","5.26244767371512","5.28417118105462","5.32262630175355","5.35975316106217","5.38625978995063","5.39973429949566","5.40313056000779","5.41310014025514","5.44428905104733",
"Uzbekistan","UZB","Population ages 35-39, male (% of male population)","SP.POP.3539.MA.5Y","4.48655411858177","5.02353312632435","5.67829403922683","6.3141678235857","6.75024610511898","6.9489354221423","6.92597885557581","6.68045207686017","6.32429454330021","6.01725670115981","5.80365301925916","5.66488593994978","5.61705975542925","5.61585340993087","5.56593100146505","5.43736328858191","5.25641710303061","5.02828948408504","4.77658342669771","4.54527059384281","4.35723295147886","4.21447396922835","4.12215839294086","4.09517147695413","4.12430134589815","4.28507689467567","4.54937780239613","4.81074735082195","5.06384155351732","5.30461289147833","5.4571090559761","5.54044568138116","5.64272010647504","5.7598393823485","5.90651544891349","6.08134467012754","6.26786487121781","6.45936993113856","6.62980350457572","6.75152981182338","6.82104522731185","6.83230345680193","6.78883956507561","6.71408826571791","6.63309970186637","6.5650889269184","6.53210143227054","6.53556178035731","6.56981314362013","6.62612730428107","6.6860463283412","6.74112809291845","6.78750740628848","6.815882399387","6.83891370242273","6.87858062770463","6.93841784576862","7.02610460050822","7.15552330883257","7.32678613431284","7.52432554727774","7.7365111666199","7.92661630524074","8.03693304951215","8.05279487597712","8.02573032214577",
"Uzbekistan","UZB","Population ages 25-29, male (% of male population)","SP.POP.2529.MA.5Y","7.78834887565607","7.5185476216588","7.40923764698358","7.37958701747071","7.29067154596815","7.09825957288435","6.84346784890485","6.53468956646187","6.20878429311406","5.92323957134747","5.68735077147963","5.49689006286848","5.37489103138751","5.35210938831402","5.41792656653588","5.67443680743866","6.08160782284752","6.4896738241582","6.87528359343501","7.22359463884209","7.44808009328547","7.57884313333184","7.72475131270678","7.87680519225413","8.04999088151136","8.24522998502523","8.44147214007546","8.62810342374203","8.77718850832535","8.85528695880664","8.84299268933685","8.74526045372223","8.59112993597921","8.41047447742311","8.2365206739652","8.08828156386753","7.99128321274412","7.95584849837627","7.97725676859899","8.03515588525671","8.09863072775242","8.15982941428256","8.21474759166934","8.25499807269699","8.29846112530301","8.36737707394418","8.45915017933842","8.57411863219411","8.732872023065","8.94594905134945","9.19750000052542","9.47872069763951","9.74408248376475","9.90993918235579","9.94598724625738","9.91375892786177","9.87211922024884","9.81652474206381","9.7362052534571","9.61177153456768","9.41866937295933","9.12261908099405","8.73303178078962","8.30156119819284","7.86772328305198","7.43875998939881",
"Uzbekistan","UZB","Population ages 15-64 (% of total population)","SP.POP.1564.TO.ZS","54.4860775998954","53.1427516148411","51.9221360575933","50.8726157248667","50.0521940053848","49.5843043129486","49.4023545250043","49.3383637390493","49.4115791520333","49.5842464582155","49.7861640299635","50.0168703152262","50.3219366798029","50.7191969603104","51.2081052551211","51.791944874005","52.4483199058193","53.1442526371779","53.8199779790547","54.4265692805674","54.9754315582525","55.4600778015261","55.8635484405508","56.1642687609629","56.3472626433309","56.4461478589622","56.4928876279849","56.5239510471963","56.5822443419806","56.6472385020451","56.6246098941039","56.5197627619448","56.4068952839645","56.3122650560273","56.3002745234436","56.3876932339543","56.5652588531997","56.872253667669","57.3302618789556","57.9276457597243","58.6392102377473","59.4506000480465","60.3017140230369","61.1228742240899","61.9167132486981","62.7444341155317","63.627292490834","64.4644236329078","65.1682958883696","65.7464566480186","66.2630804209888","66.7288868092367","67.0778725498475","67.2375935121929","67.1905084451678","66.9631109070887","66.6394929921998","66.3032741811129","65.9153420605047","65.4579393879532","64.9556790474422","64.4123354034613","63.88678820121","63.4338978400472","63.0320578494076","62.6402164463704",
"Uzbekistan","UZB","Population ages 15-64, female (% of female population)","SP.POP.1564.FE.ZS","56.5254255555263","55.0371429032","53.6807736497316","52.4978922823032","51.5673175482122","50.9881723048316","50.6604570014849","50.4434654361779","50.3679925414807","50.4139589879968","50.5173499278055","50.676045979483","50.9348564316448","51.3000730186386","51.7561997012174","52.3019767351335","52.9179711822468","53.5709231884233","54.2038185267793","54.773454432862","55.2917487756963","55.7529107978685","56.1402009472991","56.4278777421057","56.5957625927791","56.6770028684147","56.7019315437808","56.7028094779416","56.7277235830378","56.7674019940274","56.7308742463214","56.6251217620112","56.5216698607798","56.4364549102136","56.4246774871824","56.5006494963006","56.6568555213169","56.9315100084247","57.3475892796985","57.8974187683886","58.5589623397993","59.3149840009079","60.10761420902","60.8740485554211","61.6227448345748","62.4171873071089","63.2763379790535","64.1013875017172","64.8079155498768","65.3999286296442","65.9354210202368","66.4230181418999","66.7939643314598","66.975686827847","66.9436703142074","66.7243549546408","66.409796402421","66.0821061695238","65.7035154096325","65.2563788838034","64.7575572815209","64.215687876782","63.6906427310559","63.2381929172642","62.8357094655738","62.4342325734413",
"Uzbekistan","UZB","Population ages 10-14, male (% of male population)","SP.POP.1014.MA.5Y","8.68037303580887","9.38711802781893","10.0531172001058","10.6659902312365","11.2207562917309","11.5655301233787","11.7515198626541","11.963772163689","12.1901165752645","12.4637344359592","12.7925137870542","13.1396601873798","13.4681792149319","13.7130014904013","13.824448373543","13.8066733923146","13.6586472562818","13.4011541320443","13.0973949232799","12.8004502414076","12.5347397378837","12.3362416009006","12.2105902958765","12.1420871407823","12.1003583799545","12.0433188424889","11.956899206022","11.8467593818483","11.7192443478869","11.6049131707765","11.5379399300623","11.4986760555184","11.4928057754105","11.5694437871055","11.7376155416703","11.9651320054825","12.2389399944874","12.5105861186432","12.6873116535438","12.7381791185427","12.7312840543894","12.7210471295706","12.6905477489441","12.6358481609513","12.5348376482933","12.3472882032673","12.0280373197999","11.5778679640877","11.0534850109977","10.5086735208912","9.95959295354577","9.43380973374613","8.99934568232699","8.66916684433867","8.43639370545055","8.28772856761715","8.22108452817548","8.26847555068483","8.43362462668747","8.64438247284152","8.82598064589207","8.93900428935553","8.95469671033511","8.92878930258532","8.95036402664848","9.04587405121624",
"Uzbekistan","UZB","Population ages 0-14 (% of total population)","SP.POP.0014.TO.ZS","39.8254487789113","41.1721529410895","42.379331873263","43.4024615619675","44.1973888663182","44.6515666044897","44.8237167681281","44.8805958807338","44.8163482112062","44.6848283149831","44.5577320562671","44.4352874069671","44.2767737283272","44.0491333248175","43.7294678507523","43.3079487100105","42.8084232588641","42.2582998894115","41.7176776045731","41.2492761534603","40.8486967920772","40.521635986706","40.2807285496165","40.1353605268576","40.0837518210358","40.0804857485636","40.0980374622852","40.1029605278797","40.0452056268167","39.9386064591789","39.8832594607093","39.8776601149363","39.8490362421327","39.7873472089605","39.6536308949566","39.4401182305896","39.1545603775543","38.7582789819083","38.2206241418817","37.5388250089879","36.7361357921733","35.82906250657","34.8788332683497","33.9662810755397","33.1095839888434","32.2556122668784","31.3747138544495","30.5644964353682","29.9088214016813","29.3914902070749","28.9380568213571","28.5292465229957","28.2243383145655","28.0899971117679","28.1377620651641","28.3081007916705","28.529321549206","28.7533610823221","29.0174502499198","29.3439503667878","29.7356662994145","30.1776585415555","30.5682549668664","30.8710611630266","31.1034262577169","31.2904692650839",
"Uzbekistan","UZB","Population ages 0-14, female (% of female population)","SP.POP.0014.FE.ZS","37.6906481415026","39.1159695219777","40.390933695821","41.4737803315491","42.2958329401076","42.7715745884557","42.9928425187279","43.1005870793883","43.0887878435404","43.008605840687","42.9287718641261","42.8502408966871","42.7353094922915","42.5526496429528","42.2795261273725","41.9057448607647","41.4540630533783","40.9509837507682","40.4543499538497","40.0255346334287","39.661146651445","39.3662893139398","39.1531297439552","39.0317806807304","39.0017657825465","39.0187993336181","39.0562571554458","39.0821094801878","39.0466182700061","38.9624653196054","38.926864116509","38.9378542776756","38.9253884784953","38.8806659802445","38.764192916157","38.5661994303513","38.2945071844592","37.9133690419998","37.3936965005368","36.7321153793086","35.9506769812977","35.0664357807616","34.1400850859613","33.2509496316892","32.4168332961916","31.584926489082","30.725593722681","29.9332944718991","29.2893746008243","28.779248394212","28.3299224056017","27.9202431838562","27.6080974189229","27.4607719462294","27.4906961696059","27.6408029350355","27.840882710173","28.042358652287","28.2814042338025","28.5811830155397","28.9466854048954","29.3661288760456","29.7370343354246","30.0229942196682","30.2442143467916","30.4238383848837",
"Uzbekistan","UZB","Teenage mothers (% of women ages 15-19 who have had children or are currently pregnant)","SP.MTR.1519.ZS","","","","","","","","","","","","","","","","","","","","","","","","","","","","","","","","","","","","","9.5","","","","","","","","","","","","","","","","","","","","","","","","","","","","","",
"Uzbekistan","UZB","Wanted fertility rate (births per woman)","SP.DYN.WFRT","","","","","","","","","","","","","","","","","","","","","","","","","","","","","","","","","","","","","3.1","","","","","","","","","","","","","","","","","","","","","","","","","","","","","",
"Uzbekistan","UZB","Life expectancy at birth, male (years)","SP.DYN.LE00.MA.IN","54.268","54.565","54.874","55.177","55.494","55.806","56.119","56.434","56.753","57.07","57.381","57.681","57.976","58.256","58.526","58.78","59.035","59.285","59.536","59.782","60.046","60.273","60.5","60.783","61.136","61.659","62.183","62.753","63.084","63.176","63.039","62.562","62.238","61.918","61.767","61.598","61.593","61.885","62.153","62.324","62.395","62.802","63.351","63.916","64.29","64.604","65.003","65.528","66.124","66.65","67.046","67.337","67.559","67.808","68.069","68.489","68.711","68.751","68.914","68.924","68.598","68.921","69.029","69.45","69.564","",
"Uzbekistan","UZB","Mortality rate, infant (per 1,000 live births)","SP.DYN.IMRT.IN","","","","","","","","","","","","","","","","","","","","101.3","95","89.1","83.6","78.6","74.2","70.3","66.9","64.2","62.1","60.8","60.2","60.2","60.5","60.8","60.8","60.5","60.1","59.3","58.2","56.7","54.8","52.6","50","47.3","44.4","41.4","38.5","35.7","32.9","30.2","27.8","25.5","23.4","21.6","20","18.6","17.4","16.4","15.6","14.9","14.4","13.9","13.5","13.1","12.8","",
"Uzbekistan","UZB","Death rate, crude (per 1,000 people)","SP.DYN.CDRT.IN","15.38","15.121","14.813","14.387","13.94","13.494","13.005","12.539","12.088","11.718","11.423","11.157","10.906","10.666","10.432","10.202","9.969","9.73","9.487","9.293","9.108","8.928","8.759","8.588","8.419","8.188","7.954","7.669","7.43","7.296","7.302","7.383","7.455","7.504","7.515","7.47","7.377","7.227","7.128","7.057","7.006","6.889","6.758","6.653","6.621","6.614","6.564","6.467","6.364","6.256","6.198","6.148","6.125","6.109","6.082","6.005","5.963","5.962","5.933","5.97","6.467","6.32","6.048","6.206","6.034","",
"Uzbekistan","UZB","Adolescent fertility rate (births per 1,000 women ages 15-19)","SP.ADO.TFRT","55.412","55.156","53.879","50.694","48.29","45.694","43.186","43.082","43.876","45.494","48.309","49.661","50.464","50.702","50.695","45.479","39.471","39.708","36.038","35.712","34.339","32.86","32.839","35.877","37.005","37.968","39.227","38.037","40.186","41.744","44.481","48.885","55.091","63.262","62.448","59.073","54.433","45.273","31.387","26.929","21.589","17.798","14.904","12.314","10.448","9.744","9.426","10.074","11.733","18.443","22.103","24.804","26.234","25.609","26.314","25.309","22.953","21.057","21.987","22.159","21.316","31.127","34.418","34.081","34.138","",
"Uzbekistan","UZB","Prevalence of moderate or severe food insecurity in the population (%)","SN.ITK.MSFI.ZS","","","","","","","","","","","","","","","","","","","","","","","","","","","","","","","","","","","","","","","","","","","","","","","","","","","","","","","","11.2","13.4","14.9","17.2","19.7","23.6","26.1","26.1","24.4","","",
"Uzbekistan","UZB","Refugees under the mandate of the UNRWA by country or territory of origin","SM.POP.RRWA.EO","","","","","","","","","","","","","","","","","","","","","","","","","","","","","","","","","","","","","","","","","","","","","","","","","","","","","","","","","","","","","","","","","","",
"Uzbekistan","UZB","Other people in need of international protection by country or territory of origin","SM.POP.OPIP.EO","","","","","","","","","","","","","","","","","","","","","","","","","","","","","","","","","","","","","","","","","","","","","","","","","","","","","","","","","","","","","","","","","","",
"Uzbekistan","UZB","Forcibly displaced people","SM.POP.FDIP","","","","","","","","","","","","","","","","","","","","","","","","","","","","","","","","","","","","","","","","","","","","","","","","","","","3709","3616","3578","3543","3523","106","26","20","13","13","13","13032","13026","9405","8505","7705",
"Uzbekistan","UZB","Children in employment, wage workers, male (% of male children in employment, ages 7-14)","SL.WAG.0714.MA.ZS","","","","","","","","","","","","","","","","","","","","","","","","","","","","","","","","","","","","","","","","","","","","","","3.19","3.19","","","","","","","","","","","","","","","","","","","",
"Uzbekistan","UZB","Tuberculosis case detection rate (%, all forms)","SH.TBS.DTEC.ZS","","","","","","","","","","","","","","","","","","","","","","","","","","","","","","","","","","","","","","","","","41","43","49","56","47","51","58","51","49","63","58","57","59","85","75","67","68","73","73","74","57","66","72","73","75","",
"Uzbekistan","UZB","Prevalence of severe wasting, weight for height, female (% of children under 5)","SH.SVR.WAST.FE.ZS","","","","","","","","","","","","","","","","","","","","","","","","","","","","","","","","","","","","","7.1","","","","","","4","","","","1.2","","","","","","","","","","","0.4","","","","0.8","","","","",
"Uzbekistan","UZB","Mortality rate attributed to unsafe water, unsafe sanitation and lack of hygiene (per 100,000 population)","SH.STA.WASH.P5","","","","","","","","","","","","","","","","","","","","","","","","","","","","","","","","","","","","","","","","","","","","","","","","","","","","","","","","","","","","2.9","","","","","","",
"Uzbekistan","UZB","Suicide mortality rate, female (per 100,000 female population)","SH.STA.SUIC.FE.P5","","","","","","","","","","","","","","","","","","","","","","","","","","","","","","","","","","","","","","","","","7.03","6.98","7.1","6.65","6.29","6.86","7.78","7.9","7.65","7.33","6.9","7.01","7.48","7.34","7.41","7.85","8","7.67","7.36","7.33","6.31","6.06","","","","",
"Uzbekistan","UZB","Prevalence of stunting, height for age, female (modeled estimate, % of children under 5)","SH.STA.STNT.ME.FE.ZS","","","","","","","","","","","","","","","","","","","","","","","","","","","","","","","","","","","","","","","","","27.6","25.9","24.3","22.8","21.5","20.3","19.1","18","16.8","15.6","14.4","13.4","12.4","11.5","10.8","10.1","9.4","8.8","8.2","7.7","7.2","6.9","6.7","6.5","6.3","",
"Uzbekistan","UZB","People using safely managed sanitation services, urban (% of urban population)","SH.STA.SMSS.UR.ZS","","","","","","","","","","","","","","","","","","","","","","","","","","","","","","","","","","","","","","","","","66.0633776579343","65.9244124217631","65.7854471855918","65.6464819494206","65.5075167132494","65.3891422093072","65.270767705365","65.1523932014228","65.0340186974807","64.9156441935385","64.7972696895963","64.6788951856542","64.560520681712","64.4421461777698","64.3237716738277","64.2053971698855","64.0870226659433","63.9686481620011","63.850273658059","63.7318991541168","63.6135246501746","63.4951501462324","63.3767756422903","63.2584011383481","63.140026634406","",
"Uzbekistan","UZB","Mortality rate attributed to unintentional poisoning (per 100,000 population)","SH.STA.POIS.P5","","","","","","","","","","","","","","","","","","","","","","","","","","","","","","","","","","","","","","","","","3.23","3.08","2.98","2.75","2.49","2.12","1.25","1.02","0.94","0.87","0.83","0.79","0.85","0.83","0.83","0.78","0.84","0.82","0.81","0.71","0.62","0.58","","","","",
"Uzbekistan","UZB","Prevalence of overweight, weight for height, female (modeled estimate, % of children under 5)","SH.STA.OWGH.ME.FE.ZS","","","","","","","","","","","","","","","","","","","","","","","","","","","","","","","","","","","","","","","","","12.9","12.9","12.7","12.4","12","11.5","10.8","10","9.2","8.4","7.6","6.9","6.3","5.7","5.2","4.8","4.5","4.3","4.1","4","4","4.1","4.3","4.6","5.1","",
"Uzbekistan","UZB","Diarrhea treatment (% of children under 5 receiving oral rehydration and continued feeding)","SH.STA.ORCF.ZS","","","","","","","","","","","","","","","","","","","","","","","","","","","","","","","","","","","","","","","","","33","","","","","","28.1","","","","","","","","","","","","","","","","","","","",
"Uzbekistan","UZB","Maternal mortality ratio (national estimate, per 100,000 live births)","SH.STA.MMRT.NE","","","","","","","","","","","","","","","","","","","","","","","","","","","","","","","","","","","","","","","","","","","","","","","","","","","","","","","","","","","","","","","","","","",
"Uzbekistan","UZB","Prevalence of underweight, weight for age, female (% of children under 5)","SH.STA.MALN.FE.ZS","","","","","","","","","","","","","","","","","","","","","","","","","","","","","","","","","","","","","14.1","","","","","","6.1","","","","4.3","","","","","","","","","","","2.7","","","","1.7","","","","",
"Uzbekistan","UZB","Female genital mutilation prevalence (%)","SH.STA.FGMS.ZS","","","","","","","","","","","","","","","","","","","","","","","","","","","","","","","","","","","","","","","","","","","","","","","","","","","","","","","","","","","","","","","","","","",
"Uzbekistan","UZB","Exclusive breastfeeding (% of children under 6 months)","SH.STA.BFED.ZS","","","","","","","","","","","","","","","","","","","","","","","","","","","","","","","","","","","","","2.5","","","","13.3758","","18.9","","","","23.78293","","","","","","","","","","","49.46042","","","","","","","","",
"Uzbekistan","UZB","ARI treatment (% of children under 5 taken to a health provider)","SH.STA.ARIC.ZS","","","","","","","","","","","","","","","","","","","","","","","","","","","","","","","","","","","","","","","","","","","","","","","67.7","","","","","","","","","","","","","","","","","","","",
"Uzbekistan","UZB","Mortality rate attributed to household and ambient air pollution, age-standardized, female (per 100,000 female population)","SH.STA.AIRP.FE.P5","","","","","","","","","","","","","","","","","","","","","","","","","","","","","","","","","","","","","","","","","","","","","","","","","","","","","","","","","","","","129.7","","","","","","",
"Uzbekistan","UZB","Prevalence of current tobacco use, males (% of male adults)","SH.PRV.SMOK.MA","","","","","","","","","","","","","","","","","","","","","","","","","","","","","","","","","","","","","","","","","56.1","","","","","49.6","","47.2","","","43.5","","","","","38.5","","","","","34.3","","32.9","32.2","31.6","",
"Uzbekistan","UZB","Lifetime risk of maternal death (%)","SH.MMR.RISK.ZS","","","","","","","","","","","","","","","","","","","","","","","","","","0.356413638741889","0.342442523461062","0.308226611802902","0.268616375520803","0.239997100765459","0.228176824025173","0.216268066233283","0.208851752361508","0.202133411919843","0.196833757301935","0.181836556738109","0.163121461544319","0.145482233169169","0.134649510547421","0.126204993794938","0.117898293569523","0.110922075197671","0.105013117736095","0.0996446864688051","0.0976792290020959","0.0955553287452708","0.0943648771112715","0.0944192532004731","0.0943773878481054","0.0906123468750307","0.087319427379085","0.0835867574055414","0.0820263369821369","0.0847068329159206","0.0869588549291639","0.0866190415439157","0.0840513802317101","0.0823757503087811","0.0836424317266858","0.0871723749474855","0.0899489654249225","0.0912692403320423","0.0907702456454679","0.0883892179677663","","",
"Uzbekistan","UZB","Use of insecticide-treated bed nets (% of under-5 population)","SH.MLR.NETS.ZS","","","","","","","","","","","","","","","","","","","","","","","","","","","","","","","","","","","","","","","","","","","","","","","","","","","","","","","","","","","","","","","","","","",
"Uzbekistan","UZB","Nurses and midwives (per 1,000 people)","SH.MED.NUMW.P3","","","","","","","","","","","","","","","","","","","","","","","","","","","","","","","11.43","11.84","11.86","11.82","10.26","10.53","10.94","11.03","10.87","10.9","10.9","10.89","10.85","10.79","10.71","11.01","10.83","10.92","11.19","11.22","11.43","11.49","11.47","11.41","11.36","","","","11.03","10.61","11.08","","","","","",
"Uzbekistan","UZB","Immunization, DPT (% of children ages 12-23 months)","SH.IMM.IDPT","","","","","","","","","","","","","","","","","","","","","","","","","","","","","","","","","90","45","67","87","95","96","99","99","99","99","99","98","99","99","96","96","98","98","99","99","99","99","99","99","99","99","98","96","95","98","99","99","90","",
"Uzbekistan","UZB","Incidence of HIV, ages 15-24 (per 1,000 uninfected population ages 15-24)","SH.HIV.INCD.YG.P3","","","","","","","","","","","","","","","","","","","","","","","","","","","","","","","","","","","","","","","","","","","","","","","","","","","","","","","","","","","","","","","","","","",
"Uzbekistan","UZB","Children (ages 0-14) newly infected with HIV","SH.HIV.INCD.14","","","","","","","","","","","","","","","","","","","","","","","","","","","","","","","","","","","","","","","","","","","","","","","","","","","","","","","","","","","","","","","","","","",
"Uzbekistan","UZB","Prevalence of HIV, female (% ages 15-24)","SH.HIV.1524.FE.ZS","","","","","","","","","","","","","","","","","","","","","","","","","","","","","","","","","","","","","","","","","","","","","","","","","","","","","","","","","","","","","","","","","","",
"Uzbekistan","UZB","People using safely managed drinking water services, rural (% of rural population)","SH.H2O.SMDW.RU.ZS","","","","","","","","","","","","","","","","","","","","","","","","","","","","","","","","","","","","","","","","","27.7050472946803","29.5195189514476","31.3491442906312","33.1939233122309","35.0538560162461","36.9289424026776","38.8191824715252","40.7245762227882","42.6451236564677","44.5808247725627","46.5316795710741","48.4976880520015","50.4788502153444","52.4751660611037","54.4866355892785","56.5132587998697","58.555035692877","60.6119662682997","62.6840505261388","64.7681573437211","66.7503840024369","68.7406040283198","70.7387745200691","72.7448528828454","74.7587968255358","",
"Uzbekistan","UZB","Demand for family planning satisfied by modern methods (% of married women with demand for family planning)","SH.FPL.SATM.ZS","","","","","","","","","","","","","","","","","","","","","","","","","","","","","","","","","","","","","74.1","","","","","","","","","","","","","","","","","","","","","","","","","","","","","",
"Uzbekistan","UZB","Mortality from CVD, cancer, diabetes or CRD between exact ages 30 and 70, female (%)","SH.DYN.NCOM.FE.ZS","","","","","","","","","","","","","","","","","","","","","","","","","","","","","","","","","","","","","","","","","39.2","38.1","39.1","38.5","37.9","39","37.2","36.1","34.8","33.1","32.3","31","30.2","28.8","28.3","26.9","26.4","25.6","23.7","22.3","23.1","21.2","","","","",
"Uzbekistan","UZB","Prevalence of HIV, total (% of population ages 15-49)","SH.DYN.AIDS.ZS","","","","","","","","","","","","","","","","","","","","","","","","","","","","","","","","","","","","","","","","","","","","","","","","","","","","","","","","","","","","","","","","","","",
"Uzbekistan","UZB","Probability of dying among adolescents ages 10-14 years (per 1,000)","SH.DYN.1014","","","","","","","","","","","","","","","","","","","","","","","","","","","","","","","3","3.1","3.1","3.1","3.1","3.1","3","2.9","2.7","2.6","2.4","2.3","2.1","2","1.9","1.9","1.8","1.8","1.8","1.8","1.8","1.9","1.9","1.9","1.9","1.9","1.8","1.8","1.7","1.7","1.8","2","2.2","2.5","2.9","",
"Uzbekistan","UZB","Cause of death, by non-communicable diseases (% of total)","SH.DTH.NCOM.ZS","","","","","","","","","","","","","","","","","","","","","","","","","","","","","","","","","","","","","","","","","76.4549262118548","","","","","","","","","","84.847232319054","","","","","86.1397340686629","","","","87.4238606584573","81.9452220506871","80.0890342320956","","","","",
"Uzbekistan","UZB","Cause of death, by communicable diseases and maternal, prenatal and nutrition conditions (% of total)","SH.DTH.COMM.ZS","","","","","","","","","","","","","","","","","","","","","","","","","","","","","","","","","","","","","","","","","16.5484708638837","","","","","","","","","","9.8305113656846","","","","","8.02719362090185","","","","6.68527774643848","11.5880952287328","12.3573005150847","","","","",
"Uzbekistan","UZB","Number of deaths ages 5-9 years","SH.DTH.0509","","","","","","","","","","","","","","","","","","","","","","","","","","","","","","","1941","2028","2109","2165","2181","2160","2115","2045","1954","1844","1715","1572","1428","1298","1188","1098","1029","983","958","953","960","976","1004","1039","1075","1101","1112","1107","1099","1119","1196","1338","1548","1824","2140","",
"Uzbekistan","UZB","Prevalence of anemia among children (% of children ages 6-59 months)","SH.ANM.CHLD.ZS","","","","","","","","","","","","","","","","","","","","","","","","","","","","","","","","","","","","","","","","","49.3","47.6","46","44.3","42.7","41.2","39.5","37.8","36","34.3","32.5","30.7","29.1","27.5","26","24.8","23.7","22.8","22.2","21.9","","","","","","",
"Uzbekistan","UZB","Total alcohol consumption per capita, female (liters of pure alcohol, projected estimates, female 15+ years of age)","SH.ALC.PCAP.FE.LI","","","","","","","","","","","","","","","","","","","","","","","","","","","","","","","","","","","","","","","","","1.01","1.01","1.06","1.11","1.17","1.26","1.36","1.1","0.81","0.49","0.5","0.51","0.53","0.6","0.66","0.71","0.73","0.71","0.71","0.71","0.57","","","","","",
"Uzbekistan","UZB","Women who believe a husband is justified in beating his wife when she goes out without telling him (%)","SG.VAW.GOES.ZS","","","","","","","","","","","","","","","","","","","","","","","","","","","","","","","","","","","","","","","","","","","","","","","","","","","","","","","","","","","","","","","","","","",
"Uzbekistan","UZB","Proportion of time spent on unpaid domestic and care work, male (% of 24 hour day)","SG.TIM.UWRK.MA","","","","","","","","","","","","","","","","","","","","","","","","","","","","","","","","","","","","","","","","","","","","","","","","","","","","","","","","","","","","","","","","","","",
"Uzbekistan","UZB","Women participating in the three decisions (own health care, major household purchases, and visiting family) (% of women age 15-49)","SG.DMK.ALLD.FN.ZS","","","","","","","","","","","","","","","","","","","","","","","","","","","","","","","","","","","","","","","","","","","","","","","","","","","","","","","","","","","","","","","","","","",
"Uzbekistan","UZB","Government expenditure per student, tertiary (% of GDP per capita)","SE.XPD.TERT.PC.ZS","","","","","","","","","","","","","","","","","","","","","","","","","","","","","","","","","","","","","","","","","","","","","","","","","","","","","","","","","","","","","","","","","","",
"Uzbekistan","UZB","Government expenditure per student, primary (% of GDP per capita)","SE.XPD.PRIM.PC.ZS","","","","","","","","","","","","","","","","","","","","","","","","","","","","","","","","","","","","","","","","","","","","","","","","","","","","","","","","","","","","","","","","","","",
"Uzbekistan","UZB","Current education expenditure, primary (% of total expenditure in primary public institutions)","SE.XPD.CPRM.ZS","","","","","","","","","","","","","","","","","","","","","","","","","","","","","","","","","","","","","","","","","","","","","","","","","","","","","","","","","","","100","","","100","","","","",
"Uzbekistan","UZB","School enrollment, tertiary (% gross)","SE.TER.ENRR","","","","","","","","","","","","","","","","","","","","","","","","","","","15.1638803482056","","15.7634696960449","15.9843902587891","16.854549407959","17.0046997070312","16.4374408721924","","","","","","","12.9796800613403","13.0081100463867","13.297869682312","13.7379999160767","13.8350601196289","13.8527898788452","9.84444999694824","9.96053028106689","9.83143043518066","9.89933967590332","9.8161096572876","8.85653237012253","8.58497947573208","7.84954008903504","7.97676963416095","7.99231869405469","8.05320814639575","8.33958377998093","8.64750307019382","9.95855522351711","13.0316667432446","15.9720957084892","22.0939011675309","31.701936179599","45.7591768686293","56.517478700865","59.8086982926392",
"Uzbekistan","UZB","Educational attainment, at least completed short-cycle tertiary, population 25+, female (%) (cumulative)","SE.TER.CUAT.ST.FE.ZS","","","","","","","","","","","","","","","","","","","","","","","","","","","","","","","","","","","","","","","","","","","","","","","","","","","","","","46.9037208557129","50.4968185424805","50.8258285522461","58.5719299316406","","60.5723686218262","66.0852813720703","","57.2601699829102","57.9188499450684","","","",
"Uzbekistan","UZB","Educational attainment, Doctoral or equivalent, population 25+, total (%) (cumulative)","SE.TER.CUAT.DO.ZS","","","","","","","","","","","","","","","","","","","","","","","","","","","","","","","","","","","","","","","","","","","","","","","","","","","","","","","","","","","","","","","","","","",
"Uzbekistan","UZB","Educational attainment, at least Bachelor's or equivalent, population 25+, male (%) (cumulative)","SE.TER.CUAT.BA.MA.ZS","","","","","","","","","","","","","","","","","","","","","","","","","","","","","","","","","","","","","","","","","","","","","","","","","","","","","","17.8582592010498","18.1630306243896","18.3539695739746","20.7915592193604","","20.0003509521484","19.6568202972412","","19.9209804534912","19.7221603393555","","","",
"Uzbekistan","UZB","Goods and services expense (% of expense)","GC.XPN.GSRV.ZS","","","","","","","","","","","","","","","","","","","","","","","","","","","","","","","","","","","","","","","","","","","","","","","","","","","","","","","","","8.83248930486872","9.5814077428064","7.76333528768841","8.24293340050401","4.24216240768427","3.07765606792938","5.56737894384943","4.94843595312592","","",
"Uzbekistan","UZB","Taxes on income, profits and capital gains (% of total taxes)","GC.TAX.YPKG.ZS","","","","","","","","","","","","","","","","","","","","","","","","","","","","","","","","","","","","","","","","","","","","","","","","","","","","37.7618821247764","34.8437000303267","31.2515538078336","30.7064362031418","26.9945504336831","29.2311328319183","34.858076512304","26.6847410758984","24.2404643696077","36.5684816513449","39.4648592500995","36.4126709207683","34.2382629553165","","",
"Uzbekistan","UZB","Tax revenue (current LCU)","GC.TAX.TOTL.CN","","","","","","","","","","","","","","","","","","","","","","","","","","","","","","","","","","","","","","","","","","","","","","","","","","","","12766005900000","16809257900000","21157700000000","25166667252090","30010211343459.2","34310724346801.2","36959796976163.2","60131596099809.1","67208219964568.9","89530631175730","109647508021674","119356672091859","138873491355749","","",
"Uzbekistan","UZB","Taxes on international trade (current LCU)","GC.TAX.INTT.CN","","","","","","","","","","","","","","","","","","","","","","","","","","","","","","","","","","","","","","","","","","","","","","","","","","","","1585518400000","2512668300000","3637560000000","4030556297000","6633308348514.26","7670288414164.49","2699826919790","3240817016000","2901851213070","4030733416770","5370555045160","6706418882600","11126911928350","","",
"Uzbekistan","UZB","Taxes on goods and services (% of revenue)","GC.TAX.GSRV.RV.ZS","","","","","","","","","","","","","","","","","","","","","","","","","","","","","","","","","","","","","","","","","","","","","","","","","","","","26.8950322706775","26.4304564680556","32.7870762317254","34.3286313270634","35.1280151133536","32.9635949369168","38.5566454922251","44.8120465282772","44.7092070303439","40.7562412099601","35.7136463571878","30.4235733823622","31.6894499288142","","",
"Uzbekistan","UZB","Revenue, excluding grants (% of GDP)","GC.REV.XGRT.GD.ZS","","","","","","","","","","","","","","","","","","","","","","","","","","","","","","","","","","","","","","","","","","","","","","","","","","","","20.4504022965488","22.4337451048206","19.2082821510386","18.5113941370606","17.3563652514993","17.3636423845651","14.9964001669678","18.3618721452391","17.3161342582396","18.3600418406121","18.5423647146043","20.155434648709","19.3602832692413","","",
"Uzbekistan","UZB","Grants and other revenue (% of revenue)","GC.REV.GOTR.ZS","","","","","","","","","","","","","","","","","","","","","","","","","","","","","","","","","","","","","","","","","","","","","","","","","","","","26.706986277417","28.4901404813771","13.0782730794027","10.8798525020177","6.75106510050791","7.46880986067512","8.55304820197016","13.3917752121088","15.442197110449","15.0281116762338","20.2313693161041","33.2290006385968","29.7595924166388","","",
"Uzbekistan","UZB","Net investment in nonfinancial assets (% of GDP)","GC.NFN.TOTL.GD.ZS","","","","","","","","","","","","","","","","","","","","","","","","","","","","","","","","","","","","","","","","","","","","","","","","","","","","1.37762917717261","1.77465410634269","1.8971492444203","1.83109656940933","1.72778845583155","1.68302584854916","1.54876124436929","2.01056383966214","2.50942158470528","1.93948969720999","1.95510526741796","3.17374379926711","1.79217698732256","","",
"Uzbekistan","UZB","Central government debt, total (% of GDP)","GC.DOD.TOTL.GD.ZS","","","","","","","","","","","","","","","","","","","","","","","","","","","","","","","","","","","","","","","","","","","","","","","","","","","","","","","","","","","","","","","","","","",
"Uzbekistan","UZB","Research and development expenditure (% of GDP)","GB.XPD.RSDV.GD.ZS","","","","","","","","","","","","","","","","","","","","","","","","","","","","","","","","","","","","","","","","","0.36063","0.34544","0.29356","0.26825","0.27041","0.23741","0.22395","0.21721","0.19354","0.20315","0.1543","0.14877","0.15512","0.155","0.15335","0.16497","0.17238","0.13212","0.11164","0.10128","0.12554","0.11843","0.14297","0.11093","0.10416","",
"Uzbekistan","UZB","Account ownership at a financial institution or with a mobile-money-service provider, primary education or less (% of population ages 15+)","FX.OWN.TOTL.PL.ZS","","","","","","","","","","","","","","","","","","","","","","","","","","","","","","","","","","","","","","","","","","","","","","","","","","","","10.3110083257017","","","24.3090804960167","","","20.9487773477322","","","","23.8513721184318","","","39.259012572243","",
"Uzbekistan","UZB","Account ownership at a financial institution or with a mobile-money-service provider, richest 60% (% of population ages 15+)","FX.OWN.TOTL.60.ZS","","","","","","","","","","","","","","","","","","","","","","","","","","","","","","","","","","","","","","","","","","","","","","","","","","","","24.6439050977516","","","44.5894903758189","","","41.1958096303781","","","","45.8833180979901","","","58.2973903436592","",
"Uzbekistan","UZB","Claims on other sectors of the domestic economy (% of GDP)","FS.AST.DOMO.GD.ZS","","","","","","","","","","","","","","","","","","","","","","","","","","","","","","","","","","","","","","","","","","","","","","","","","","","","","","","","","","","","34.2103894503713","40.2638579059997","39.0455557742294","39.2356080404421","40.159718596443","37.9038928469448","",
"Uzbekistan","UZB","Interest rate spread (lending rate minus deposit rate, %)","FR.INR.LNDP","","","","","","","","","","","","","","","","","","","","","","","","","","","","","","","","","","","","","","","","","","","","","","","","","","","","","","0.83421064841292","-1.29574475033255","0.18602163918324","-1.22715500889558","0.703891150391419","5.71012075830508","7.45008630414355","6.03006333981736","5.10533020866126","4.02016822846794","4.13299184920352","5.01234106839497","",
"Uzbekistan","UZB","Inflation, consumer prices (annual %)","FP.CPI.TOTL.ZG","","","","","","","","","","","","","","","","","","","","","","","","","","","","","","","","","","","","","","","","","","","","","","","","","","","","13.7797446476602","13.2088026688373","11.8414333622049","9.28309356162695","8.75188196737508","8.130886695236","13.8757425441635","17.5241796514055","14.5257359560687","12.8677297362606","10.8492397508122","11.4466436998836","9.95659071258018","9.62825465956682","8.79638847052461",
"Uzbekistan","UZB","Broad money (% of GDP)","FM.LBL.BMNY.GD.ZS","","","","","","","","","","","","","","","","","","","","","","","","","","","","","","","","","","","","","","","","","","","","","","","","","","","","","","16.9727965043018","16.1252961233432","16.878814186501","17.9955408083311","19.81079200408","16.8882474186944","15.3474410338105","15.8865135233588","16.8671051210193","18.1484870013626","16.808140869538","18.0447332150793","20.4676413235026",
"Uzbekistan","UZB","Net foreign assets (current LCU)","FM.AST.NFRG.CN","","","","","","","","","","","","","","","","","","","","","","","","","","","","","","","","","","","","","","","","","","","","","","","","","","","","","","49380207068969.7","57605218824345.3","65710351473715.1","82925680107337.1","218431362469227","206161750563302","232008650219593","285284142571266","275805820540839","276352921939002","274439305886144","361649847267134","616227918198201",
"Uzbekistan","UZB","Total reserves minus gold (current US$)","FI.RES.XGLD.CD","","","","","","","","","","","","","","","","","","","","","","","","","","","","","","","","","","","","","","","","763388240.61785","","","","","","","","","","","","","","14082484340.8419","13546800634.2289","13666133269.6036","14172247686.6739","14042810955.3947","12440662981.1617","12842925502.0694","14687252839.0572","14189479899.6491","12702741317.6684","9932455091.09936","9144960133.33472","",
"Uzbekistan","UZB","Bank liquid reserves to bank assets ratio (%)","FD.RES.LIQU.AS.ZS","","","","","","","","","","","","","","","","","","","","","","","","","","","","","","","","","","","","","","","","","","","","","","","","","","","","","","17.9290921266965","15.6312524676566","20.8841295928027","19.1969760270645","11.5877958354674","6.58906954285813","7.36470564550356","8.00780914030074","13.1552736357005","12.8068706767751","8.7095857312163","9.25504413989351","13.0577995482158",
"Uzbekistan","UZB","Commercial bank branches (per 100,000 adults)","FB.CBK.BRCH.P5","","","","","","","","","","","","","","","","","","","","","","","","","","","","","","","","","","","","","","","","","","","","","38.6649007474524","39.5231194287075","41.7796983522152","40.8928296167914","40.1734963686106","39.8833225261086","39.3182548743035","46.421978552007","45.8459974430227","47.3740391388348","31.7465140992277","30.9143339537369","28.2790707326511","38.7647233606774","36.7413986919139","41.0449177375697","43.8361574355784","49.9670636455839","53.33750832587","55.9764927943858","56.6140706263225","",
"Uzbekistan","UZB","Terrestrial and marine protected areas (% of total territorial area)","ER.PTD.TOTL.ZS","","","","","","","","","","","","","","","","","","","","","","","","","","","","","","","","","","","","","","","","","","","","","","","","","","","","","","3.4","3.4","3.4","3.4","3.4","3.4","3.4","5.8","5.8","5.8","9.5","9.5","14.1",
"Uzbekistan","UZB","Renewable internal freshwater resources, total (billion cubic meters)","ER.H2O.INTR.K3","","","","","","","","","","","","","","","","","","","","","","","","","","","","","","","","","16.34","16.34","16.34","16.34","16.34","16.34","16.34","16.34","16.34","16.34","16.34","16.34","16.34","16.34","16.34","16.34","16.34","16.34","16.34","16.34","16.34","16.34","16.34","16.34","16.34","16.34","16.34","16.34","16.34","16.34","16.34","","","",
"Uzbekistan","UZB","Annual freshwater withdrawals, industry (% of total freshwater withdrawal)","ER.H2O.FWIN.ZS","","","","","","","","","","","","","","","","","","","","","","","","","","","","","","","","","","","1.899922487","2.193147636","2.482773707","2.768866557","3.05149045","3.330708098","3.606580711","3.879168042","3.596365778","3.302453251","2.996762621","2.678571429","2.809151752","2.941947981","3.077017003","3.214417669","3.354210881","3.496459678","3.641229336","3.788587465","3.938604112","3.553032502","3.874633431","3.616298812","3.517133846","3.408922484","3.50877193","4.118993135","2.696629214","","","",
"Uzbekistan","UZB","Total fisheries production (metric tons)","ER.FSH.PROD.MT","","","","","","","","","","","","","","","","","","","","","","","","","","","","","","","","","26479","23401","17654","13808","7206","10565","9765","8964","8958","7388","6424","5218","4993","6700","7200","7100","7900","9262","10732","17235.1","25884.8","37504.9","46391.4","59852.6","65322","83900","90984","121717","144103.002","171933.496","185276.785","195882.468","199432.228","",
"Uzbekistan","UZB","Population in urban agglomerations of more than 1 million","EN.URB.MCTY","963900","1001171","1039937","1080205","1122090","1165478","1210606","1257482","1306241","1356749","1402740","1442307","1483048","1524822","1567833","1612058","1657593","1704284","1752357","1791114","1817916","1845044","1872615","1900598","1929038","1957824","1987080","2016773","2046952","2074934","2100363","2113647","2114347","2115046","2115746","2116446","2117148","2120104","2125364","2130637","2134602","2137218","2145056","2152922","2160828","2168742","2176695","2184677","2192700","2218383","2244402","2270727","2297397","2324306","2351568","2379149","2407093","2435365","2463969","2490334","2517381","2545159","2573758","2603243","2633661","2665076",
"Uzbekistan","UZB","Population living in areas where elevation is below 5 meters (% of total population)","EN.POP.EL5M.ZS","","","","","","","","","","","","","","","","","","","","","","","","","","","","","","","0","","","","","","","","","","0","","","","","","","","","","","","","","","0","","","","","","","","","","",
"Uzbekistan","UZB","Mammal species, threatened","EN.MAM.THRD.NO","","","","","","","","","","","","","","","","","","","","","","","","","","","","","","","","","","","","","","","","","","","","","","","","","","","","","","","","","","","10","","","","10","","","",
"Uzbekistan","UZB","Nitrous oxide (N2O) emissions from Waste (Mt CO2e)","EN.GHG.N2O.WA.MT.CE.AR5","","","","","","","","","","","0.159","0.1642","0.1695","0.1749","0.1857","0.193","0.1947","0.1961","0.2032","0.2105","0.2119","0.2175","0.2233","0.2293","0.2376","0.2485","0.2548","0.2636","0.27","0.2765","0.2745","0.2736","0.2838","0.2851","0.2869","0.2846","0.2827","0.2788","0.2712","0.2711","0.2756","0.2814","0.2914","0.3042","0.3168","0.3273","0.3337","0.3428","0.3523","0.3824","0.4129","0.4483","0.4709","0.4936","0.5142","0.5321","0.5417","0.5481","0.5581","0.5723","0.5826","0.5909","0.6065","0.6181","0.63","",
"Uzbekistan","UZB","Nitrous oxide (N2O) emissions from Industrial Processes (Mt CO2e)","EN.GHG.N2O.IP.MT.CE.AR5","","","","","","","","","","","0.2834","0.2881","0.303","0.3254","0.3446","0.3593","0.3696","0.3765","0.3843","0.3956","0.4051","0.4055","0.3936","0.3966","0.3984","0.4012","0.4853","0.4928","0.4832","0.4661","0.5206","0.4793","0.4069","0.3451","0.2816","0.2784","0.3271","0.3305","0.4274","0.4265","0.4275","0.4282","0.4181","0.3897","0.3899","0.379","0.3943","0.3922","0.388","0.3611","0.3275","0.3255","0.2886","0.276","0.2557","0.2402","0.2455","0.2543","0.3025","0.3155","0.3177","0.3322","0.34","0.3505","0.3889","",
"Uzbekistan","UZB","Nitrous oxide (N2O) emissions from Agriculture (Mt CO2e)","EN.GHG.N2O.AG.MT.CE.AR5","","","","","","","","","","","6.0068","6.1541","6.2488","6.311","6.6001","6.6782","6.8679","7.2025","7.3307","7.436","7.7696","7.7581","7.8143","8.0942","8.1518","8.2447","8.3518","8.553","8.2384","7.5364","7.2557","6.8117","6.2794","6.0306","5.797","5.5142","5.0599","4.7395","4.572","4.5492","4.6652","4.4689","4.6836","4.8449","5.0814","5.3958","6.0131","6.5696","7.0077","7.2351","8.1418","8.4915","9.0466","9.9171","10.4683","10.8261","11.8211","10.9064","11.7092","12.0054","12.2635","12.33","12.6181","12.4795","12.6916","",
"Uzbekistan","UZB","Carbon dioxide (CO2) emissions from Transport (Energy) (Mt CO2e)","EN.GHG.CO2.TR.MT.CE.AR5","","","","","","","","","","","2.701","2.701","2.9501","3.1868","3.468","3.8179","4.0958","4.1667","4.2686","4.4202","4.7439","4.7743","4.7811","4.7223","4.6885","4.6992","5.0167","5.145","5.2053","5.341","7.6859","6.9363","5.4297","4.7734","4.2711","6.8628","9.3658","9.4872","12.9366","13.4885","13.4943","13.89","13.4005","12.1698","12.1696","12.2062","12.93","13.0833","12.9479","12.1435","12.9183","12.4962","10.1964","9.2371","8.6275","8.1314","8.1975","8.8593","14.4743","14.9668","15.6471","16.2805","17.8194","17.6347","19.2528","",
"Uzbekistan","UZB","Carbon dioxide (CO2) emissions excluding LULUCF per capita (t CO2e/capita)","EN.GHG.CO2.PC.CE.AR5","","","","","","","","","","","4.59199713533648","4.48175293735026","4.59911853136267","4.72688627825929","4.86593583728562","5.22026623336464","5.12986280076179","5.17363598495422","5.30360752166408","5.34764120503534","5.61148265908388","5.66731017437321","5.71275029861379","5.76519363156774","5.82565148456923","5.88115839369536","5.95300370669737","6.00338509049359","5.9815997734914","5.89949543937201","6.24743097419804","6.11175166043264","5.56044680287586","5.42482463694327","5.06042057684246","4.57779393809707","4.63040373319934","4.54625539165014","5.11435935858771","5.07541099022357","5.30608034339216","5.28624567526799","5.38898455825556","5.01609431105649","5.07679600143684","4.76265580553155","5.03472727468172","4.85281286665302","4.99330891026782","4.45651377155528","4.78418105352781","4.81134014423661","4.20977063590157","4.0848046860347","3.74415254822206","3.49764512064744","3.64421845300852","3.71680877488413","3.48417486035642","3.49213238730726","3.69033904584871","3.9236623289729","3.68952648984493","3.72011269845735","4.08501666540206","",
"Uzbekistan","UZB","Carbon dioxide (CO2) net fluxes from LULUCF - Total excluding non-tropical fires (Mt CO2e)","EN.GHG.CO2.LU.MT.CE.AR5","","","","","","","","","","","","","","","","","","","","","","","","","","","","","","","","","","","","","","","","","-8.7904","-7.9346","-4.419","-5.7828","-6.5715","-1.9725","-1.4306","-0.9704","0.7337","0.4477","-0.1678","-1.6437","-2.1574","-1.6484","-4.0773","-3.897","-3.0493","-1.8804","-1.3167","-1.9602","-2.9957","-4.5303","-8.4603","-8.4603","","",
"Uzbekistan","UZB","Carbon dioxide (CO2) emissions from Industrial Combustion (Energy) (Mt CO2e)","EN.GHG.CO2.IC.MT.CE.AR5","","","","","","","","","","","0.4582","0.4582","0.4898","0.5194","0.5452","0.5634","0.5898","0.6162","0.6408","0.6634","0.688","0.6755","0.6611","0.6442","0.6262","0.5873","0.5933","0.5877","0.5829","0.5653","0.4116","0.3872","0.3049","0.2653","0.2287","13.5808","10.5355","7.8212","15.8115","16.3239","16.8861","17.0253","17.8027","16.9953","16.9392","16.1811","16.8678","16.3596","17.0043","15.0917","17.3487","17.5481","14.1094","12.9653","11.2107","9.9567","10.7189","11.8534","11.7028","13.3169","11.894","13.0961","14.7992","14.9018","16.9896","",
"Uzbekistan","UZB","Methane (CH4) emissions (total) excluding LULUCF (% change from 1990)","EN.GHG.CH4.ZG.AR5","","","","","","","","","","","","","","","","","","","","","","","","","","","","","","","","-1.71818769032021","-3.66706653132786","0.641136845990586","11.3252745224693","14.5287441173757","19.0536126234198","14.9314385900157","17.9311617606349","9.6668819784073","18.7579588446987","35.966780474301","59.2584663652302","44.941958106487","39.5053981729261","66.9192580972594","76.5536587616499","64.4082310602565","83.601365691612","61.5244071237427","75.1366614376672","84.8574328688752","98.2260773276737","99.3175232998062","96.960413398542","98.1625911230045","106.476700193781","112.786933653225","119.809541385992","125.081480114423","123.119682568977","129.364953400388","134.690781581619","137.792377964381","137.333948509735","",
"Uzbekistan","UZB","Methane (CH4) emissions (total) excluding LULUCF (Mt CO2e)","EN.GHG.CH4.MT.CE.AR5","","","","","","","","","","","18.0293","18.8054","19.4784","20.0807","20.7606","21.4618","21.8477","22.1649","22.698","23.1343","23.4915","23.5703","23.9306","24.3797","24.9439","25.2089","25.6469","26.1649","26.1956","26.4245","27.0925","26.627","26.099","27.2662","30.1608","31.0287","32.2546","31.1378","31.9505","29.7115","32.1745","36.8368","43.1471","39.2684","37.7955","45.2226","47.8328","44.5423","49.7422","43.761","47.4489","50.0825","53.7044","54.0001","53.3615","53.6872","55.9397","57.6493","59.5519","60.9802","60.4487","62.1407","63.5836","64.4239","64.2997","",
"Uzbekistan","UZB","Methane (CH4) emissions from Building (Energy) (Mt CO2e)","EN.GHG.CH4.BU.MT.CE.AR5","","","","","","","","","","","0.5277","0.5277","0.5475","0.5656","0.5858","0.5993","0.6079","0.619","0.6331","0.6451","0.6679","0.6452","0.6262","0.6156","0.6162","0.6325","0.6282","0.6294","0.6459","0.6447","0.6053","0.6742","0.4319","0.3599","0.3619","0.1901","0.179","0.1478","0.1604","0.1615","0.1859","0.1867","0.1948","0.1707","0.1865","0.183","0.1982","0.1955","0.2058","0.1834","0.198","0.2075","0.1955","0.3616","0.2761","0.2073","0.3076","0.2584","0.2723","0.1989","0.4251","0.2169","0.2822","0.3904","0.4301","",
"Uzbekistan","UZB","Total greenhouse gas emissions including LULUCF (Mt CO2e)","EN.GHG.ALL.LU.MT.CE.AR5","","","","","","","","","","","","","","","","","","","","","","","","","","","","","","","","","","","","","","","","","160.6146","167.0796","181.3688","168.3543","169.5697","175.2798","187.9794","182.6305","195.8749","176.9958","192.2763","196.7479","184.9041","184.8202","174.0368","169.2883","179.9174","186.172","184.2015","187.6759","195.2426","205.9486","198.3944","202.9054","","",
"Uzbekistan","UZB","Bird species, threatened","EN.BIR.THRD.NO","","","","","","","","","","","","","","","","","","","","","","","","","","","","","","","","","","","","","","","","","","","","","","","","","","","","","","","","","","","19","","","","19","","","",
"Uzbekistan","UZB","PM2.5 pollution, population exposed to levels exceeding WHO Interim Target-1 value (% of total)","EN.ATM.PM25.MC.T1.ZS","","","","","","","","","","","","","","","","","","","","","","","","","","","","","","","57.7165145127554","","","","","50.5988292151266","","","","","37.2376447337828","","","","","35.1094239810093","","","","","37.0252404687667","44.6905658173535","29.9218701595189","28.10974644396","20.225481910192","24.3175492956872","17.8825416073486","17.9793092270296","","","","","","","","",
"Uzbekistan","UZB","Combustible renewables and waste (% of total energy)","EG.USE.CRNW.ZS","","","","","","","","","","","","","","","","","","","","","","","","","","","","","","","0.00750917984636924","0.00755680530090007","0.00826280814712884","0.00810519007435366","0.0084042495598081","0.0100352511002284","0.00990643983068779","0.00984222510262391","0.00967800449501831","0.00725415432710305","0.00885770610131156","0.00876462596958675","0.00801541319700902","0.0073182556937554","0.00678748038958081","0.00821275718575463","0.00831801344780605","0.00888347624962244","0.00826513290909139","0.00905128238912608","0.00832518817296369","0.00850697881607602","0.0109080608810546","0.0110374358968273","0.0118289232436434","0.0114453782630973","0.0108350961362803","0.0102795806887319","0.00994436359831016","0.00500241127464811","0.00668432662251503","0.00390353879593918","0.00405671886641422","0.00394051551553956","","",
"Uzbekistan","UZB","Energy imports, net (% of energy use)","EG.IMP.CONS.ZS","","","","","","","","","","","","","","","","","","","","","","","","","","","","","","","18.4476358178807","18.5603092722002","9.95557151619352","8.83985673694232","0.248879218559461","-9.32998581684511","-11.1387071568459","-15.4285224230062","-9.92952200612311","-8.5330229586015","-9.1354616511515","-8.97241210575861","-6.16360063152717","-10.3070038028431","-14.3365959186156","-19.5328707366237","-20.6565490511899","-23.1003420094092","-23.4991848226511","-30.1400653523456","-20.0851490901407","-13.1387487595104","-25.5946547831785","-20.7386196271376","-18.5046022726549","-21.6515984403769","-19.2502939633838","-15.4708920311501","-25.3415373836626","-19.6798566667118","1.01931488568097","0.721052917201011","1.54758954098202","","","",
"Uzbekistan","UZB","Net official flows from UN agencies, SDGFUND (current US$)","DT.NFL.SDGF.CD","","","","","","","","","","","","","","","","","","","","","","","","","","","","","","","","","","","","","","","","","","","","","","","","","","","","","","","","","","","","","","1585090.04116058","219322.994351387","","","",
"Uzbekistan","UZB","PPG, other private creditors (NFL, current US$)","DT.NFL.PROP.CD","","","","","","","","","","","","","","","","","","","","","","","","","","","","","","","","","","150950000","50560000","192455000","279379000","-71484000","221272000","422713000","13857000","74713000","-93913000","-12403000","-120933000","-256225000","-272228000","-224398000","-171312000","-113110000","-87453000","-48834000","-52272000","-25091000","-21223000","-11498000","-6339000","-734000","-755000","-713000","","","","377174000","-102065000","",
"Uzbekistan","UZB","PPG, commercial banks (NFL, current US$)","DT.NFL.PCBK.CD","","","","","","","","","","","","","","","","","","","","","","","","","","","","","","","","","","","","","96180000","174230000","49061000","80688000","-6661000","-23070000","8166000","-68750000","-57113000","-15498000","-52120000","-31160000","-9906000","-39451000","-11628000","55210000","-14052000","-16870000","100810000","100559000","29817000","31090000","-30404000","606348000","1263540000","425358000","556721000","241770000","-107428000","",
"Uzbekistan","UZB","Net financial flows, others (NFL, current US$)","DT.NFL.MOTH.CD","","","","","","","","","","","","","","","","","","","","","","","","","","","","","","","","","","","","77179965","","-66909097.5","","","","","","","5000000","7032138.4","14672604.4","21572330.7","30809025.9","52034111.1","14081935","40073381.2","78706748.1","239046546.7","49844724.6","77865130.6","52101989.6","49434808.3","103924219.2","134041130.3","145739423.8","10193855.8","207069307","115022290.5","144330198.8","",
"Uzbekistan","UZB","Net financial flows, IMF nonconcessional (NFL, current US$)","DT.NFL.IMFN.CD","","","","","","","","","","","","","","","","","","","","","","","","","","","","","","","","","","","","160751311.5","86018262.9","","","-25113530.8","-65092896.8","-44737743.5","-21527172.2","-23255050","-24638457.8","-18420952.5","0","","","","","","","","0","","","","","","383929308.7","0","0","-61216843.5","-121837450.5","",
"Uzbekistan","UZB","Net official flows from UN agencies, IAEA (current US$)","DT.NFL.IAEA.CD","","","","","","","","","","","","","","","","","","","","","","","","","","","","","","","","","","","","","","","","","","","","","","","660000.026226044","490000.009536743","230000.004172325","140000.000596046","389999.985694885","579999.983310699","870000.004768372","419999.986886978","740000.009536743","563938.021659851","1505296.9455719","1471400.97618103","831010.99729538","364270.985126495","433506.995439529","869455.993175507","1439638.01860809","526858.985424042","","",
"Uzbekistan","UZB","Portfolio investment, bonds (PPG + PNG) (NFL, current US$)","DT.NFL.BOND.CD","","","","","","","","","","","","","","","","","","","","","","","","","","","","","","","","","","","","","","","","","","","","","","","","","","","","","","","","","","","","1800000000","1347624000","1635235000","","607835000","3587040000","",
"Uzbekistan","UZB","Present value of external debt (current US$)","DT.DOD.PVLX.CD","","","","","","","","","","","","","","","","","","","","","","","","","","","","","","","","","","","","","","","","","","","","","","","","","","","","","","","","","","","","","","","","","32500375631.7","",
"Uzbekistan","UZB","Short-term debt (% of total external debt)","DT.DOD.DSTC.ZS","","","","","","","","","","","","","","","","","","","","","","","","","","","","","","","","","0","8.9173","23.3326","11.7505","3.8206","14.2769","4.3471","11.7821","4.9733","9.6788","6.2007","4.6352","3.2026","1.9081","4.0484","4.2512","3.3637","6.7471","5.2957","1.7386","0.8748","1.0764","1.2517","1.1839","2.5415","4.4273","4.9115","2.6953","6.3953","7.938","11.7134","11.261","8.1121","",
"Uzbekistan","UZB","External debt stocks, public and publicly guaranteed (PPG) (DOD, current US$)","DT.DOD.DPPG.CD","","","","","","","","","","","","","","","","","","","","","","","","","","","","","","","","","59702042.9","939492376.2","952426534.1","1419569410.9","1998399252.8","2125961621.7","2675101126.9","3580846901.1","3770623040.1","3901653927.2","4010323146.5","4154636239.8","4114454937.8","3631932384.6","3324724420.4","3191418159.6","3194584823.5","3274777886.5","3428320482.8","3758625190.3","3947093949.6","4319953006.4","4821099896","5731951362.6","6442910516.1","7553257611.7","9935334116.5","15347065500.5","22173317490.6","25955007857.7","29258375673.5","32990564016.7","39164853498.1","",
"Uzbekistan","UZB","External debt stocks (% of GNI)","DT.DOD.DECT.GN.ZS","","","","","","","","","","","","","","","","","","","","","","","","","","","","","","","","","0.463433871489979","7.90499353088485","9.70116271825239","13.543465691997","17.2592883563402","20.1433598367369","22.6915718774404","31.4335092696391","36.5762101824344","46.5875693718103","53.9253936948991","53.1856050629554","43.5028223447929","32.4706790115178","26.2167337004859","20.0829098757359","16.2339042416755","21.0964260774202","15.7770566776219","13.3983031953089","12.517313116097","13.8661401706269","14.9082910918395","15.4883044347435","17.6278326041901","23.5509763848597","30.3280220309687","36.6925126519291","55.7841269753241","57.7526022783528","58.8223840472191","59.4107717535195","60.5136500172241","",
"Uzbekistan","UZB","Net ODA provided, total (current US$)","DC.ODA.TOTL.CD","","","","","","","","","","","","","","","","","","","","","","","","","","","","","","","","","","","","","","","","","","","","","","","","","","","","","","","","","","","","","","","","","","",
"Uzbekistan","UZB","Net bilateral aid flows from DAC donors, Total (current US$)","DC.DAC.TOTL.CD","","","","","","","","","","","","","","","","","","","","","","","","","","","","","","","","","1360000.0012666","6379999.8536706","23379999.6562302","74689998.2560425","77929999.1112202","123330003.410578","136050002.02544","138429998.338223","162949996.806681","129040001.84685","163199996.130541","174220001.880079","211230000.773445","138999999.165535","114250001.544133","121100000.033155","124389999.523759","83399999.750778","91949999.8446554","56609999.2524832","73337664.7420227","118321162.17399","105520235.66846","184402192.21916","239576325.332862","355766298.022761","283674040.584767","694726757.220094","673325436.398969","537624643.977615","423450370.590202","502737633.916782","","",
"Uzbekistan","UZB","Net bilateral aid flows from DAC donors, Portugal (current US$)","DC.DAC.PRTL.CD","","","","","","","","","","","","","","","","","","","","","","","","","","","","","","","","","","","","","","","","","","","","","","","","","","","","","","","","","3757.99997709692","","740.999996196479","674.000009894371","","","","4885.00017672777","","",
"Uzbekistan","UZB","Net bilateral aid flows from DAC donors, Netherlands (current US$)","DC.DAC.NLDL.CD","","","","","","","","","","","","","","","","","","","","","","","","","","","","","","","","","","19999.9995529652","29999.9993294477","79999.9982118607","119999.997317791","159999.996423721","189999.997615814","9999.99977648258","19999.9995529652","1120000.00476837","709999.978542328","1120000.00476837","660000.026226044","490000.009536743","39999.9991059303","70000.0002980232","39999.9991059303","","","","","","","","","","","","","","","","","",
"Uzbekistan","UZB","Net bilateral aid flows from DAC donors, Japan (current US$)","DC.DAC.JPNL.CD","","","","","","","","","","","","","","","","","","","","","","","","","","","","","","","","","1250000","759999.990463257","2549999.95231628","16049999.2370605","25299999.2370605","83160003.6621094","103010002.13623","81629997.253418","82199996.9482422","30920000.0762939","40159999.8474121","63220001.2207031","99750000","54439998.626709","18610000.6103516","56319999.6948242","48630001.0681152","20409999.8474121","7039999.96185303","-1789999.96185303","-6010000.22888184","30110000.6103516","34180000.3051758","126660003.662109","166509994.506836","245014480.59082","189381896.972656","384158508.300781","271167663.574219","348370330.810547","59293827.0568848","238664581.298828","","",
"Uzbekistan","UZB","Prevalence of severe wasting, weight for height, male (% of children under 5)","SH.SVR.WAST.MA.ZS","","","","","","","","","","","","","","","","","","","","","","","","","","","","","","","","","","","","","6","","","","","","3.7","","","","2","","","","","","","","","","","0.2","","","","1.3","","","","",
"Uzbekistan","UZB","Prevalence of wasting, weight for height, female (% of children under 5)","SH.STA.WAST.FE.ZS","","","","","","","","","","","","","","","","","","","","","","","","","","","","","","","","","","","","","13","","","","","","9.2","","","","3.6","","","","","","","","","","","1.6","","","","1.9","","","","",
"Uzbekistan","UZB","Suicide mortality rate, male (per 100,000 male population)","SH.STA.SUIC.MA.P5","","","","","","","","","","","","","","","","","","","","","","","","","","","","","","","","","","","","","","","","","22.77","22.22","21.81","20.49","19.64","20.28","17.97","16.99","16.47","15.8","15.59","15.15","15.47","15.43","15.83","16.6","16.58","15.64","14.03","12.91","10.81","10.59","","","","",
"Uzbekistan","UZB","Prevalence of stunting, height for age, male (modeled estimate, % of children under 5)","SH.STA.STNT.ME.MA.ZS","","","","","","","","","","","","","","","","","","","","","","","","","","","","","","","","","","","","","","","","","30.5","28.6","26.9","25.4","23.9","22.6","21.3","20.1","18.8","17.5","16.2","15.1","13.9","13","12.2","11.4","10.6","9.9","9.2","8.7","8.2","7.8","7.6","7.3","7.1","",
"Uzbekistan","UZB","People using safely managed sanitation services (% of population)","SH.STA.SMSS.ZS","","","","","","","","","","","","","","","","","","","","","","","","","","","","","","","","","","","","","","","","","74.1672620050643","74.1678992692341","74.1504564509506","74.1257431931929","74.0975140552076","74.0708787598121","74.0408513443844","74.0075967993035","73.9711089858562","73.9315809590155","73.8886431329817","73.8972016272206","73.9609301879983","74.0253234825514","74.0903840072046","74.1561093900966","74.2225050203357","74.2895641572104","74.3513561498096","74.4078136280179","74.4584404813266","74.5029677736936","74.541112594431","74.5728186267873","74.5975903651394","",
"Uzbekistan","UZB","Mortality rate attributed to unintentional poisoning, female (per 100,000 female population)","SH.STA.POIS.P5.FE","","","","","","","","","","","","","","","","","","","","","","","","","","","","","","","","","","","","","","","","","1.74","1.71","1.69","1.6","1.44","1.15","0.62","0.48","0.45","0.42","0.4","0.38","0.43","0.42","0.41","0.4","0.47","0.45","0.51","0.5","0.46","0.43","","","","",
"Uzbekistan","UZB","Prevalence of overweight, weight for height, male (modeled estimate, % of children under 5)","SH.STA.OWGH.ME.MA.ZS","","","","","","","","","","","","","","","","","","","","","","","","","","","","","","","","","","","","","","","","","14.6","14.6","14.4","14.1","13.6","13","12.3","11.4","10.5","9.6","8.7","7.9","7.2","6.6","6","5.6","5.2","4.9","4.7","4.6","4.6","4.7","4.9","5.3","5.9","",
"Uzbekistan","UZB","Diarrhea treatment (% of children under 5 who received ORS packet)","SH.STA.ORTH","","","","","","","","","","","","","","","","","","","","","","","","","","","","","","","","","","","","","31.3","","","","32","","","","","","27.8","","","","","","","","","","","","","","","","","","","",
"Uzbekistan","UZB","People practicing open defecation, rural (% of rural population)","SH.STA.ODFC.RU.ZS","","","","","","","","","","","","","","","","","","","","","","","","","","","","","","","","","","","","","","","","","0.1","0.1","0.1","0.1","0.1","0.1","0.1","0.1","0.1","0.1","0.1","0.1","0.1","0.1","0.1","0.1","0.1","0.1","0.1","0.1","0.1","0.1","0.1","0.1","0.1","",
"Uzbekistan","UZB","Prevalence of underweight, weight for age, male (% of children under 5)","SH.STA.MALN.MA.ZS","","","","","","","","","","","","","","","","","","","","","","","","","","","","","","","","","","","","","16.3","","","","","","8.4","","","","4.6","","","","","","","","","","","3.1","","","","1.9","","","","",
"Uzbekistan","UZB","People with basic handwashing facilities including soap and water, rural (% of rural population)","SH.STA.HYGN.RU.ZS","","","","","","","","","","","","","","","","","","","","","","","","","","","","","","","","","","","","","","","","","","","","","","","","","","","","","","","","","","","75.13738","75.13738","75.13738","75.13738","75.13738","75.13738","75.13738","",
"Uzbekistan","UZB","Births attended by skilled health staff (% of total)","SH.STA.BRTC.ZS","","","","","","","","","","","","","","","","","","","","","","","","","","","","","","","","","","","","","97.5","100","100","100","94.9","100","100","100","100","100","99.6","100","100","100","100","100","100","100","100","100","100","100","100","100","100","","99","","","",
"Uzbekistan","UZB","People using at least basic sanitation services, rural (% of rural population)","SH.STA.BASS.RU.ZS","","","","","","","","","","","","","","","","","","","","","","","","","","","","","","","","","","","","","","","","","90.8990001356827","91.1877178681392","91.4764356005957","91.7651533330521","92.0538710655086","92.342588797965","92.6313065304215","92.9200242628781","93.2087419953345","93.497459727791","93.7861774602474","94.0748951927039","94.3636129251604","94.6523306576168","94.9410483900734","95.2297661225298","95.5184838549863","95.8072015874427","96.0959193198992","96.3846370523557","96.6733547848121","96.9620725172687","97.2507902497251","97.5395079821816","97.8282257146381","",
"Uzbekistan","UZB","Mortality rate attributed to household and ambient air pollution, age-standardized, male (per 100,000 male population)","SH.STA.AIRP.MA.P5","","","","","","","","","","","","","","","","","","","","","","","","","","","","","","","","","","","","","","","","","","","","","","","","","","","","","","","","","","","","179.4","","","","","","",
"Uzbekistan","UZB","Risk of catastrophic expenditure for surgical care (% of people at risk)","SH.SGR.CRSK.ZS","","","","","","","","","","","","","","","","","","","","","","","","","","","","","","","","","","","","","","","","","","","","","","","","82.8","","","","","","","","","","","","","","","","","","",
"Uzbekistan","UZB","Prevalence of anemia among pregnant women (%)","SH.PRG.ANEM","","","","","","","","","","","","","","","","","","","","","","","","","","","","","","","","","","","","","","","","","42.6","42.1","41.6","41","40.4","39.8","39.2","38.6","37.9","37.2","36.5","35.9","35.5","35.1","34.8","34.6","34.5","34.5","34.5","34.6","34.7","34.9","35.2","35.6","","",
"Uzbekistan","UZB","Children with fever receiving antimalarial drugs (% of children under age 5 with fever)","SH.MLR.TRET.ZS","","","","","","","","","","","","","","","","","","","","","","","","","","","","","","","","","","","","","","","","","","","","","","","","","","","","","","","","","","","","","","","","","","",
"Uzbekistan","UZB","Physicians (per 1,000 people)","SH.MED.PHYS.ZS","","","","","","","","","","","","","","","","","","","","","2.669","","","","","2.694","3.255","3.319","","","3.38","3.368","3.357","3.326","3.296","3.238","3.14","3.089","3.062","","2.961","2.911","2.849","2.786","2.726","2.677","2.662","2.645","2.617","2.582","2.555","2.517","2.461","2.421","2.39","2.363","2.298","2.27","2.329","2.322","2.31","2.805","","","","",
"Uzbekistan","UZB","Immunization, measles (% of children ages 12-23 months)","SH.IMM.MEAS","","","","","","","","","","","","","","","","","","","","","","","","","","","","","","","","","84","82","71","91","95","96","95","96","99","99","97","99","98","99","98","98","98","95","98","99","99","97","99","99","99","99","96","98","99","99","99","99","99","",
"Uzbekistan","UZB","Incidence of HIV, ages 15-49 (per 1,000 uninfected population ages 15-49)","SH.HIV.INCD.ZS","","","","","","","","","","","","","","","","","","","","","","","","","","","","","","","","","","","","","","","","","","","","","","","","","","","","","","","","","","","","","","","","","","",
"Uzbekistan","UZB","Adults (ages 15+) and children (ages 0-14) newly infected with HIV","SH.HIV.INCD.TL","","","","","","","","","","","","","","","","","","","","","","","","","","","","","","","","","","","","","","","","","","","","","","","","","","","","","","","","","","","","","","","","","","",
"Uzbekistan","UZB","Prevalence of HIV, male (% ages 15-24)","SH.HIV.1524.MA.ZS","","","","","","","","","","","","","","","","","","","","","","","","","","","","","","","","","","","","","","","","","","","","","","","","","","","","","","","","","","","","","","","","","","",
"Uzbekistan","UZB","People using safely managed drinking water services, urban (% of urban population)","SH.H2O.SMDW.UR.ZS","","","","","","","","","","","","","","","","","","","","","","","","","","","","","","","","","","","","","","","","","84.2077541492503","84.4380905286657","84.6686870486983","84.8995437093482","85.1306605106152","85.3620374524994","85.5936745350009","85.8255717581195","86.0577291218553","86.2901466262084","86.5228242711786","86.7557620567661","86.9889599829707","87.2224180497926","87.4561362572316","87.6901146052879","87.9243530939614","88.1588517232521","88.39361049316","88.5747890630885","88.6444066496267","88.7140242361648","88.783641822703","88.8532594092411","88.9228769957793","",
"Uzbekistan","UZB","People using at least basic drinking water services, rural (% of rural population)","SH.H2O.BASW.RU.ZS","","","","","","","","","","","","","","","","","","","","","","","","","","","","","","","","","","","","","","","","","79.5343010883948","80.2392332224616","80.9472745030922","81.6584249302866","82.3726845040445","83.0900532243662","83.8105310912517","84.5341181047008","85.2608142647137","85.9906195712902","86.7235340244304","87.4595576241345","88.1986903704021","88.9409322632336","89.6862833026287","90.4347434885875","91.18631282111","91.9409913001962","92.6987789258461","93.4551577439407","94.0499598896116","94.6457278263936","95.2424563707773","95.8401403762811","96.4387747331208","",
"Uzbekistan","UZB","Mortality from CVD, cancer, diabetes or CRD between exact ages 30 and 70, male (%)","SH.DYN.NCOM.MA.ZS","","","","","","","","","","","","","","","","","","","","","","","","","","","","","","","","","","","","","","","","","51.8","50.6","51.9","50.9","49.5","51.8","49.3","48","46.5","44.3","43.4","42.3","41.5","39.9","39.3","37.3","36.7","35.5","33.4","31.6","31.6","28.4","","","","",
"Uzbekistan","UZB","Mortality rate, under-5 (per 1,000 live births)","SH.DYN.MORT","","","","","","","","","","","","","","","","","","","","125.8","117.1","109.1","101.7","95","89","83.8","79.3","75.6","72.8","70.9","69.8","69.3","69.4","69.4","69.1","68.5","67.6","66.6","65","63","60.7","58","55","51.9","48.6","45.2","41.9","38.6","35.5","32.6","29.8","27.3","25","23","21.3","19.7","18.4","17.3","16.4","15.7","15.1","14.6","14.1","13.7","13.4","",
"Uzbekistan","UZB","Probability of dying among adolescents ages 15-19 years (per 1,000)","SH.DYN.1519","","","","","","","","","","","","","","","","","","","","","","","","","","","","","","","4.2","4.4","4.5","4.6","4.6","4.6","4.5","4.5","4.4","4.3","4.2","4","3.7","3.4","3.1","2.9","2.8","2.8","2.8","2.8","2.9","2.9","3","3.1","3.3","3.4","3.5","3.5","3.4","3.4","3.4","3.5","3.8","4","4.3","",
"Uzbekistan","UZB","Number of neonatal deaths","SH.DTH.NMRT","","","","","","","","","","","","","","","","","","","","","","","","","","","","","","","20912","21565","21536","21068","20396","20127","19378","18307","17090","16128","15176","14461","14002","13318","12989","12417","12220","12469","12329","11507","10407","9466","8839","8656","8455","8073","7564","7186","7196","7226","7347","7482","7448","7392","7112","",
"Uzbekistan","UZB","Number of infant deaths","SH.DTH.IMRT","","","","","","","","","","","","","","","","","","","","","50121","48289","46676","45580","45129","44682","44151","43220","41528","40237","40477","41790","42555","42169","41021","40032","38874","36884","34395","31937","29751","27811","26284","24785","23410","22092","20980","20579","20254","19291","17736","16121","14877","14270","13987","13502","12760","12040","11771","11846","12018","12267","12340","12238","11924","",
"Uzbekistan","UZB","Number of deaths ages 10-14 years","SH.DTH.1014","","","","","","","","","","","","","","","","","","","","","","","","","","","","","","","1406","1450","1498","1551","1604","1646","1673","1679","1651","1592","1512","1430","1353","1286","1231","1186","1146","1110","1079","1053","1027","1001","978","959","944","932","924","922","935","974","1052","1175","1347","1571","1833","",
"Uzbekistan","UZB","Prevalence of anemia among non-pregnant women (% of women ages 15-49)","SH.ANM.NPRG.ZS","","","","","","","","","","","","","","","","","","","","","","","","","","","","","","","","","","","","","","","","","45.3","44.1","43","41.9","40.8","39.8","38.7","37.6","36.4","35.3","34.2","33.2","32.3","31.6","30.9","30.4","29.9","29.7","29.4","29.3","29.2","29.3","29.6","30","","",
"Uzbekistan","UZB","Total alcohol consumption per capita (liters of pure alcohol, projected estimates, 15+ years of age)","SH.ALC.PCAP.LI","","","","","","","","","","","","","","","","","","","","","","","","","","","","","","","","","","","","","","","","","3.54","3.54","3.7","3.85","4.06","4.34","4.67","3.8","2.83","1.75","1.79","1.85","1.92","2.18","2.39","2.55","2.64","2.59","2.6","2.6","2.1","","","","","",
"Uzbekistan","UZB","Women who believe a husband is justified in beating his wife when she neglects the children (%)","SG.VAW.NEGL.ZS","","","","","","","","","","","","","","","","","","","","","","","","","","","","","","","","","","","","","","","","","","","","","","","","","","","","","","","","","","","","","","","","","","",
"Uzbekistan","UZB","Proportion of women subjected to physical and/or sexual violence in the last 12 months (% of ever-partnered women ages 15-49)","SG.VAW.1549.ZS","","","","","","","","","","","","","","","","","","","","","","","","","","","","","","","","","","","","","","","","","","","","","","","","","","","","","","","","","","","","","","","","","","",
"Uzbekistan","UZB","Women making their own informed decisions regarding sexual relations, contraceptive use and reproductive health care (% of women age 15-49)","SG.DMK.SRCR.FN.ZS","","","","","","","","","","","","","","","","","","","","","","","","","","","","","","","","","","","","","","","","","","","","","","","","","","","","","","","","","","","","","","","70.4","","","",
"Uzbekistan","UZB","Expenditure on tertiary education (% of government expenditure on education)","SE.XPD.TERT.ZS","","","","","","","","","","","","","","","","","","","","","","","","","","","","","","","","","","","","","","","","","","","","","","","","","","","","","","","","","","","","","","","","","","",
"Uzbekistan","UZB","Expenditure on primary education (% of government expenditure on education)","SE.XPD.PRIM.ZS","","","","","","","","","","","","","","","","","","","","","","","","","","","","","","","","","","","","","","","","","","","","","","","","","","","","","","","","","","","","","","","","","","",
"Uzbekistan","UZB","Current education expenditure, secondary (% of total expenditure in secondary public institutions)","SE.XPD.CSEC.ZS","","","","","","","","","","","","","","","","","","","","","","","","","","","","","","","","","","","","","","","","","","","","","","","","","","","","","","","","","","","","","","100","","","","",
"Uzbekistan","UZB","School enrollment, tertiary, female (% gross)","SE.TER.ENRR.FE","","","","","","","","","","","","","","","","","","","","","","","","","","","","","","","","","","","","","","","","11.8686895370483","11.8367795944214","11.9022998809815","12.2173004150391","12.0571098327637","12.1567001342773","8.07279014587402","8.19966983795166","8.11347007751465","7.96892976760864","8.03606033325195","6.92493375737348","6.70508169271362","5.84345416122378","5.9177535118656","6.06604631075713","6.15799284630352","6.47848566192553","6.7548840177639","8.16082816177311","11.0202810887742","15.0318468501231","20.5989391063524","29.6917854783806","46.4659334224552","59.9830753867194","64.5561378797182",
"Uzbekistan","UZB","Educational attainment, at least completed short-cycle tertiary, population 25+, male (%) (cumulative)","SE.TER.CUAT.ST.MA.ZS","","","","","","","","","","","","","","","","","","","","","","","","","","","","","","","","","","","","","","","","","","","","","","","","","","","","","","57.1736907958984","59.5788688659668","59.9553718566895","66.591178894043","","67.3103103637695","72.3759307861328","","66.1261825561523","65.2224502563477","","","",
"Uzbekistan","UZB","Educational attainment, at least Master's or equivalent, population 25+, female (%) (cumulative)","SE.TER.CUAT.MS.FE.ZS","","","","","","","","","","","","","","","","","","","","","","","","","","","","","","","","","","","","","","","","","","","","","","","","","","","","","","","","","","","","","","","","","","",
"Uzbekistan","UZB","Educational attainment, at least Bachelor's or equivalent, population 25+, total (%) (cumulative)","SE.TER.CUAT.BA.ZS","","","","","","","","","","","","","","","","","","","","","","","","","","","","","","","","","","","","","","","","","","","","","","","","","","","","","","15.4206800460815","15.6767902374268","15.8040599822998","16.3175201416016","","16.3034191131592","16.4321002960205","","16.4528999328613","16.8512191772461","","","",
"Uzbekistan","UZB","Debt service (PPG and IMF only, % of exports of goods, services and primary income)","DT.TDS.DPPF.XP.ZS","","","","","","","","","","","","","","","","","","","","","","","","","","","","","","","","","","","","","","","","","","","","","","10.4733175263184","9.99492735733688","6.4705471383694","4.66719984217296","3.60894259545935","3.29436770146777","2.31208665213519","2.5714394292053","2.3168208397979","2.69103451927411","2.72508782549936","3.53794442503844","3.18695215797731","3.17180717059141","3.78153562380277","5.88137483729582","7.7552015866112","7.21403171798501","10.9360868011041","14.4023782107747","",
"Uzbekistan","UZB","Debt service on external debt, total (TDS, current US$)","DT.TDS.DECT.CD","","","","","","","","","","","","","","","","","","","","","","","","","","","","","","","","","4683683.6","29637471.5","138058314","244750555.2","302292567.3","514401399","368042764.3","584193863.7","907536413.3","876671715.5","769434355.6","814530100","874246316","795362976.8","856010178.1","834998032.9","868144636.1","840291980.1","617236922","620574326.4","690725822.4","698639200.3","901185195.4","1265860597.8","1386759422.7","1924151803.1","1033343055.4","2708235822.8","3293077279.7","4941136729.6","7567714674.1","9902228201.3","11474012471","",
"Uzbekistan","UZB","Net official development assistance received (constant 2023 US$)","DT.ODA.ODAT.KD","","","","","","","","","","","","","","","","","","","","","","","","","","","","","","","","","1392716.05014801","12291217.8039551","42168212.890625","96106590.2709961","104061607.36084","153234130.859375","174312942.504883","182319274.902344","228893554.6875","224729598.999023","272024017.333984","249189849.853516","280240203.857422","196892898.55957","185862823.486328","176938568.115234","179427536.010742","179745376.586914","150199356.079102","148376861.572266","274867370.605469","302476287.841797","331734313.964844","486958404.541016","532570068.359375","645872802.734375","1102805175.78125","1158464599.60938","1489983276.36719","1113050903.32031","1664751220.70313","1200078857.42188","","",
"Uzbekistan","UZB","Net official aid received (constant 2023 US$)","DT.ODA.OATL.KD","","","","","","","","","","","","","","","","","","","","","","","","","","","","","","","","","","","","","","","","","","","","","","","","","","","","","","","","","","","","","","","","","","",
"Uzbekistan","UZB","Net official flows from UN agencies, WTO-ITC (current US$)","DT.NFL.WITC.CD","","","","","","","","","","","","","","","","","","","","","","","","","","","","","","","","","","","","","","","","","","","","","","","","","","","","","","","","","","","","","22512.000054121","","5867.99997836351","","","",
"Uzbekistan","UZB","Net official flows from UN agencies, UNWOMEN (current US$)","DT.NFL.UNWN.CD","","","","","","","","","","","","","","","","","","","","","","","","","","","","","","","","","","","","","","","","","","","","","","","","","","","","","","","","","","","","","","","","","","",
"Uzbekistan","UZB","Net official flows from UN agencies, UNIDO (current US$)","DT.NFL.UNIDO.CD","","","","","","","","","","","","","","","","","","","","","","","","","","","","","","","","","","","","","","","","","","","","","","","","","","","","","","","","","","","","","","","","","","",
"Uzbekistan","UZB","Net official flows from UN agencies, UNECE (current US$)","DT.NFL.UNEC.CD","","","","","","","","","","","","","","","","","","","","","","","","","","","","","","","","","","","","","","","","","","","","","","","","","","","","","","","","","","","","","","","","","","",
"Uzbekistan","UZB","Net official flows from UN agencies, UNHCR (current US$)","DT.NFL.UNCR.CD","","","","","","","","","","","","","","","","","","","","","","","","","","","","","","","","","","","","","1149999.97615814","289999.99165535","280000.001192093","300000.011920929","939999.997615814","790000.021457672","870000.004768372","790000.021457672","1070000.05245209","810000.002384186","319999.992847443","70000.0002980232","59999.9986588955","50000.0007450581","39999.9991059303","","","","","","","","","","","","","","","",
"Uzbekistan","UZB","Net official flows from UN agencies, SPRP (current US$)","DT.NFL.SPRP.CD","","","","","","","","","","","","","","","","","","","","","","","","","","","","","","","","","","","","","","","","","","","","","","","","","","","","","","","","","","","","","","146999.999880791","77336.9967937469","","","",
"Uzbekistan","UZB","PPG, private creditors (NFL, US$)","DT.NFL.PRVT.CD","","","","","","","","","","","","","","","","","","","","","","","","","","","","","","","","","","150950000","50560000","192455000","375559000","102746000","270332000","503401000","7197000","51643000","-85747000","-81152000","-178046000","-271724000","-324348000","-255558000","-181218000","-152560000","-99082000","6376000","-66324000","-41961000","79587000","89062000","23477000","30356000","-31159000","2105635000","2311164000","1760593000","556721000","1126779000","3155808000","",
"Uzbekistan","UZB","Commercial banks and other lending (PPG + PNG) (NFL, current US$)","DT.NFL.PCBO.CD","","","","","","","","","","","","","","","","","","","","","","","","","","","","","","","","","","","","","428479000","202266000","445756000","717374000","-76942000","-17723000","-76142000","25627000","-164531000","-239546000","-243512000","20614000","262623000","1658387000","513969000","185069000","151519000","1310842000","1413087000","541461000","858878000","-83844000","-10044000","1630629000","2843292000","3245154000","3331663000","4157970000","3411179000","",
"Uzbekistan","UZB","IFC, private nonguaranteed (NFL, US$)","DT.NFL.NIFC.CD","","","","","","","","","","","","","","","","","","","","","","","","","","","","","","","","","0","0","0","0","0","0","0","0","0","5355800","4128700","96386400","-3266400","1106781.73","-6502053.14","-4132550.1","-1265861.1","1820711.17","263497.61","-1706101.29","-1978543.58","-1603541","6928500","0","37857144","2857144","4554714","-9166672","-2466680","-6550509","51494850","58697003.29","244704903.72","",
"Uzbekistan","UZB","Net financial flows, IBRD (NFL, current US$)","DT.NFL.MIBR.CD","","","","","","","","","","","","","","","","","","","","","","","","","","","","","","","","","","","893000","162113000","8982000","12920000","10308000","27119000","26797000","31203000","21481000","2776000","4510000","4308000","11211000","-7404000","-13770000","-27336000","-27579000","-27793000","-7286000","-24673000","-27773000","11701000","92135000","29651000","355989000","666593000","535291000","222776000","489199000","399327000","379881000","",
"Uzbekistan","UZB","Net official flows from UN agencies, IFAD (current US$)","DT.NFL.IFAD.CD","","","","","","","","","","","","","","","","","","","","","","","","","","","","","","","","","","","","","","","","","","","","","","","","","","","","","","","1080000.04291534","2667999.98283386","1433560.96744537","4638240.81420898","5408180.23681641","12204630.8517456","11112762.4511719","25370000.8392334","8728560.44769287","3591200.11329651","","",
"Uzbekistan","UZB","Net official flows from UN agencies, CERF (current US$)","DT.NFL.CERF.CD","","","","","","","","","","","","","","","","","","","","","","","","","","","","","","","","","","","","","","","","","","","","","","","","","","","","","","","","","","","","","","","","","","",
"Uzbekistan","UZB","Present value of external debt (% of exports of goods, services and primary income)","DT.DOD.PVLX.EX.ZS","","","","","","","","","","","","","","","","","","","","","","","","","","","","","","","","","","","","","","","","","","","","","","","","","","","","","","","","","","","","","","","","","102.071790412131","",
"Uzbekistan","UZB","PPG, IBRD (DOD, current US$)","DT.DOD.MIBR.CD","","","","","","","","","","","","","","","","","","","","","","","","","","","","","","","","","","0","907000","157364000","154907000","154787000","176742000","202614000","217410000","237037000","274706000","298262000","311595000","298920000","315883000","316518000","312641000","284404000","258960000","232140000","222457000","194935000","166224000","177623000","269755000","299405000","655395000","1321990000","1857277000","2080054000","2569251000","2968577000","3348458000","",
"Uzbekistan","UZB","External debt stocks, short-term (DOD, current US$)","DT.DOD.DSTC.CD","","","","","","","","","","","","","","","","","","","","","","","","","","","","","","","","","0","92000000","291000000","211920000","91500000","419000000","146861000","626288000","246329000","504864000","319092000","246985000","166921000","88496000","183000000","198436000","170764000","492305000","422937000","142830000","74809000","111056000","152955000","160680000","389736000","739432000","896772000","672806000","2376151000","3562001000","6277566203.2","6933429480","5699285000","",
"Uzbekistan","UZB","Use of IMF credit (DOD, current US$)","DT.DOD.DIMF.CD","","","","","","","","","","","","","","","","","","","","","","","","","","","","","","","","","","","","157493616.7","237550996.7","222896093.2","232606561.5","562212990.9","469404571.2","408605626.7","419424128.5","433730837.8","427479948.5","375597834.7","395341245.9","415273865.9","404767522.5","411973223.7","404704452.9","403453572.6","403887147","404696350.7","380731472.7","364156138.6","353276943.1","374248235.1","365486116.4","363392734.9","775426139.4","1492932750.9","1419597739.2","1369578984.1","1211577585.5","",
"Uzbekistan","UZB","Net ODA provided, total (% of GNI)","DC.ODA.TOTL.GN.ZS","","","","","","","","","","","","","","","","","","","","","","","","","","","","","","","","","","","","","","","","","","","","","","","","","","","","","","","","","","","","","","","","","","",
"Uzbekistan","UZB","Net bilateral aid flows from DAC donors, United States (current US$)","DC.DAC.USAL.CD","","","","","","","","","","","","","","","","","","","","","","","","","","","","","","","","","","1000000","4000000","1000000","6000000","2000000","4329999.92370605","17530000.6866455","35659999.8474121","50240001.6784668","74269996.6430664","68360000.6103516","61240001.6784668","34970001.2207031","49150001.5258789","19100000.3814697","17959999.0844727","9850000.38146973","14670000.0762939","6260000.22888184","8930000.30517578","24659999.8474121","21090000.1525879","7367208.95767212","6762667.17910767","8025799.75128174","8627059.93652344","17214275.3601074","20697191.2384033","37924709.3200684","39960353.8513184","51812099.4567871","","",
"Uzbekistan","UZB","Net bilateral aid flows from DAC donors, Slovak Republic (current US$)","DC.DAC.SVKL.CD","","","","","","","","","","","","","","","","","","","","","","","","","","","","","","","","","","","","","","","","","","","","","","","29999.9993294477","100000.001490116","250000","50000.0007450581","79999.9982118607","","29999.9993294477","19999.9995529652","19999.9995529652","9999.99977648258","9999.99977648258","11900.0002741814","1049.99996256083","11189.9999901652","","16437.9999041557","3060.00001728535","8400.9999409318","","",
"Uzbekistan","UZB","Net bilateral aid flows from DAC donors, Norway (current US$)","DC.DAC.NORL.CD","","","","","","","","","","","","","","","","","","","","","","","","","","","","","","","","","","","50000.0007450581","","","","","","119999.997317791","769999.980926514","2589999.91416931","1129999.99523163","959999.978542328","529999.971389771","460000.00834465","9999.99977648258","170000.001788139","280000.001192093","250000","289999.99165535","433728.992938995","157011.00230217","505779.027938843","135655.000805855","39728.9991378784","9068.00013035536","1843.99995487183","17952.0007222891","","","16676.9996285439","","","",
"Uzbekistan","UZB","Net bilateral aid flows from DAC donors, Korea, Rep. (current US$)","DC.DAC.KORL.CD","","","","","","","","","","","","","","","","","","","","","","","","","","","","","","","","","0","0","490000.009536743","490000.009536743","980000.019073486","1070000.05245209","689999.997615814","9539999.96185303","18489999.7711182","16270000.4577637","2940000.05722046","1659999.9666214","2319999.9332428","2630000.11444092","4289999.96185303","3210000.03814697","3990000.00953674","5900000.09536743","32209999.0844727","21989999.7711182","19090000.1525879","10703720.0927734","14465897.5601196","14958657.2647095","26803312.3016357","54038642.8833008","32505054.473877","64612266.5405273","54293830.871582","38321987.1520996","36203769.6838379","38410079.9560547","","",
"Uzbekistan","UZB","Net bilateral aid flows from DAC donors, Ireland (current US$)","DC.DAC.IRLL.CD","","","","","","","","","","","","","","","","","","","","","","","","","","","","","","","","","","","","","9999.99977648258","9999.99977648258","19999.9995529652","29999.9993294477","","","280000.001192093","","","","","","","","129999.995231628","","19999.9995529652","","","","","","","","37985.9991371632","","","27000.9990781546","","",
"Uzbekistan","UZB","Net bilateral aid flows from DAC donors, France (current US$)","DC.DAC.FRAL.CD","","","","","","","","","","","","","","","","","","","","","","","","","","","","","","","","","100000.001490116","379999.995231628","1110000.01430511","829999.983310699","1750000","1639999.98569489","2180000.0667572","2000000","4210000.03814697","3740000.00953674","1580000.04291534","2299999.95231628","3109999.89509583","3119999.88555908","2680000.0667572","2809999.94277954","2950000.04768372","2869999.88555908","2250000","1929999.94754791","1820000.05245209","2089999.91416931","1330000.04291534","6652247.9057312","5693466.18652344","2861830.94978333","3744596.9581604","175705261.230469","230827407.836914","16511930.4656982","213621658.325195","98647636.4135742","","",
"Uzbekistan","UZB","Net bilateral aid flows from DAC donors, Denmark (current US$)","DC.DAC.DNKL.CD","","","","","","","","","","","","","","","","","","","","","","","","","","","","","","","","","","","","","","9999.99977648258","","","","","","","","","","","","","","90000.0035762787","109673.999249935","118128.001689911","35061.0017776489","","","","","","","","","","","",
"Uzbekistan","UZB","Net bilateral aid flows from DAC donors, European Union institutions (current US$)","DC.DAC.CECL.CD","","","","","","","","","","","","","","","","","","","","","","","","","","","","","","","","","","2609999.89509583","11149999.6185303","8359999.65667725","12779999.7329712","11329999.9237061","11729999.5422363","16110000.6103516","10710000.038147","6110000.1335144","7360000.1335144","5079999.92370605","3099999.90463257","9180000.30517578","12609999.6566772","10359999.6566772","10600000.3814697","6099999.90463257","6469999.79019165","5829999.92370605","3559999.94277954","12182103.1570435","7662334.91897583","11797048.5687256","12666813.8504028","19818813.3239746","27786085.1287842","27316579.8187256","52127315.5212402","61985633.8500977","30633190.1550293","18627227.7832031","","",
"Uzbekistan","UZB","Net bilateral aid flows from DAC donors, Australia (current US$)","DC.DAC.AUSL.CD","","","","","","","","","","","","","","","","","","","","","","","","","","","","","","","","","","","9999.99977648258","","0","150000.005960464","","","29999.9993294477","19999.9995529652","29999.9993294477","","","","","","","","","","","39999.9991059303","","","","","24786.9994491339","","","19295.9997802973","97101.0029315948","","","",
"Uzbekistan","UZB","Listed domestic companies, total","CM.MKT.LDOM.NO","","","","","","","","","","","","","","","","","","","","","","","","","","","","","","","","","","","","","","","","","","","","","","","","","","","","","","","","","","","","","144","135","107","112","89","85",
"Uzbekistan","UZB","Personal remittances, received (% of GDP)","BX.TRF.PWKR.DT.GD.ZS","","","","","","","","","","","","","","","","","","","","","","","","","","","","","","","","","","","","","","","","","","","","","","7.17193652621924","8.180185407437","7.64888686011818","12.2843587985737","6.46524882083396","6.18494354622285","7.28053972389326","8.0829323297038","7.79147129024255","7.4633464579014","4.9640763777428","5.92110004959139","9.86511688347538","12.4100140915204","12.179098017749","10.1012633712903","11.4289013918049","16.4521404037101","13.1771038486206","13.6616648886765","14.2840818720217",
"Uzbekistan","UZB","Portfolio equity, net inflows (BoP, current US$)","BX.PEF.TOTL.CD.WD","","","","","","","","","","","","","","","","","","","","","","","","","","","","","","","","","","","","","","","","","","","","","","3898751.94779597","11827429.5946055","2189026.89500072","1843081.42440903","-2299387.81816058","646334.484564494","5709015.98643323","721964.290870703","1304676.15713828","1671081.82717164","601406.056048974","2042851.94742824","3149642.25947865","13020591.7822047","29197412.2785814","32469054.376176","15999858.3207494","25573930.0688967","23154515.7516253","-4082096.07190796","16856907.3816169",
"Uzbekistan","UZB","Transport services (% of service exports, BoP)","BX.GSR.TRAN.ZS","","","","","","","","","","","","","","","","","","","","","","","","","","","","","","","","","","","","","","","","","","","","","","71.6045061805367","66.2178123042743","60.9234868710314","60.2261729412683","50.612328259493","60.6878117331902","61.6287646819166","63.0897188390829","57.5458317889033","57.7055636161974","57.8021041416251","55.9912555711229","52.8728243415732","45.6137973157043","40.0327083313048","58.6465624232533","55.4865790225055","34.5216560766465","38.1488467838947","33.3252449808225","31.0195791101683",
"Uzbekistan","UZB","Goods exports (BoP, current US$)","BX.GSR.MRCH.CD","","","","","","","","","","","","","","","","","","","","","","","","","","","","","","","","","","","","","","","","","","","","","","4761667513.20208","5662038257.08386","7976367762.31322","10242912150.4046","10768293314.8553","10647939647.0349","12405089719.4323","10848550630.9996","11149958340.5749","10556224873.9224","9481463079.0143","8645168397.38061","10161532897.2477","11385590058.244","13898626660.2829","12832166265.0595","14142014007.2197","16649210901.7002","19616583404.8572","19626075709.5948","23024862309.8137",
"Uzbekistan","UZB","Communications, computer, etc. (% of service exports, BoP)","BX.GSR.CMCP.ZS","","","","","","","","","","","","","","","","","","","","","","","","","","","","","","","","","","","","","","","","","","","","","","10.9300548972349","14.1715222654006","14.2971763680839","15.9670034789756","15.0364532245065","14.9465663687251","14.1486165726315","16.9743125405501","14.0773519505673","17.1641928967825","16.0818723559015","13.6342115622927","12.2832259425205","9.60393166553061","7.85376825183261","14.5856818680277","14.8140954795017","28.37501647","18.6115099257282","14.2132926335798","14.0173426713719",
"Uzbekistan","UZB","Grants, excluding technical cooperation (BoP, current US$)","BX.GRT.EXTA.CD.WD","","","","","","","","","","","","","","","","","","","","","","","","","","","","","","","","","0","3920000","17940000","12890000","27810000","29219500","25529500","26194819","34331820","38208487","63573487","53090820","43756667","53005800","47360800","68011899","75078684","71882071","70460000","72367930","105393635","78706678","96258416","81632537","110451728","100254316","114981025","136695419","168932275","174316271","179981600","190051161","","",
"Uzbekistan","UZB","Portfolio investment, net (BoP, current US$)","BN.KLT.PTXL.CD","","","","","","","","","","","","","","","","","","","","","","","","","","","","","","","","","","","","","","","","","","","","","","-3898751.94779597","-11827429.5946056","-2189026.89500072","-1843081.42440904","2299387.81816059","-646334.484564494","-5709015.98643323","-721964.290870703","-1304676.15713828","-1671081.82717164","-601406.056048975","-2042851.94742824","-3149642.25947865","-13029191.7822047","-1345720707.27858","-1389601665.99359","-1995827997.65358","-27334626.5454399","-994280533.343789","-3121387935.92015","-4380674710.49628",
"Uzbekistan","UZB","Net trade in goods and services (BoP, current US$)","BN.GSR.GNFS.CD","","","","","","","","","","","","","","","","","","","","","","","","","","","","","","","","","","","","","","","","","","","","","","595205560.146499","837251852.549651","894508478.440347","379828829.786654","374334956.985063","-576395001.772031","-1340120395.82829","-3823513481.57155","-3747242960.65554","-3472705968.88593","-2822431854.84856","-3931093288.86307","-4057926979.49276","-9308409952.72889","-9561992395.75121","-8101617547.61802","-11493850298.6675","-14677444945.6623","-17596813629.8676","-17450851224.3599","-19883024260.2864",
"Uzbekistan","UZB","Current account balance (BoP, current US$)","BN.CAB.XOKA.CD","","","","","","","","","","","","","","","","","","","","","","","","","","","","","","","","","","","","","","","","","","","","","","1147673466.73347","1730099180.933","1809069338.40413","3184104515.45679","1761163894.9437","2278640124.01406","2783506550.28369","1208987339.93941","1315764269.52577","2075928897.36893","895690100.9006","213236293.909827","1477884038.18871","-3593165923.58668","-3371224441.875","-3027884732.25607","-4897531243.0343","-2846183729.36511","-7797070674.44937","-5723120874.80893","-5784200558.13739",
"Uzbekistan","UZB","Foreign direct investment, net outflows (BoP, current US$)","BM.KLT.DINV.CD.WD","","","","","","","","","","","","","","","","","","","","","","","","","","","","","","","","","","","","","","","","","","","","","","2548837.4517998","2149544.517846","2291786.74142","2571726.9134","4317534.738","2948860.81999999","3641360.81999999","3086060.82","4321160.82","4430260.82","4574060.82","5817260.82","8160280.97196619","1799711.11441324","3352145.41759782","11309803.0974063","2517354.01360089","4083964.52463395","11727190.7390312","36702896.7599195","158183784.419772",
"Uzbekistan","UZB","Charges for the use of intellectual property, payments (BoP, current US$)","BM.GSR.ROYL.CD","","","","","","","","","","","","","","","","","","","","","","","","","","","","","","","","","","","","","","","","","","","","","","437600.000000001","1656000","3741400","3344100","1315786.98","33993662.7","28820195.5","65554970","40663905","4666621.99429523","15207698.6290389","6417372.7","31372222.9","49890245.2435","87142840.1313","112682350.3869","79586123.7053","111469037.8874","96948485.6866","142202668.65","159434975.1024",
"Uzbekistan","UZB","Imports of goods and services (BoP, current US$)","BM.GSR.GNFS.CD","","","","","","","","","","","","","","","","","","","","","","","","","","","","","","","","","","","","","","","","","","","","","","4986103843.35819","5827570441.82433","8407433321.86181","11401490675.3465","11761597229.2754","12639719262.0739","15588141864.6833","16808032846.4581","17341077944.3885","16400158007.4901","14667874619.8826","14481010181.4822","16470145509.6324","23443547241.062","26587726388.8044","22638064107.0922","27935890711.0292","35643311664.5104","42646405888.6204","43624151241.3963","52181947469.3538",
"Uzbekistan","UZB","Cereal yield (kg per hectare)","AG.YLD.CREL.KG","","","","","","","","","","","","","","","","","","","","","","","","","","","","","","","","","2004.8","1785.3","1720.5","2052.5","2009.1","2167.1","2587.8","2630.8","2684.3","3042.9","3765.9","3522.4","3596.1","4042.1","4103.2","4396.9","4285.3","4553.1","4434.2","4414.5","4597.9","4746.4","4806.6","4835.2","4827","4298.2","4103.9","4554","4510.8","4774.4","5007.8","5343.6","","",
"Uzbekistan","UZB","Crop production index (2014-2016 = 100)","AG.PRD.CROP.XD","","","","","","","","","","","","","","","","","","","","","","","","","","","","","","","","","50.76","48.75","47.01","49.06","44.21","46.83","43.74","48.53","46.55","48.75","50.88","50.83","56.84","60.53","65.34","68.04","69.87","72.35","76.41","80.29","85.22","90.28","95.4","101.34","103.26","95.76","89.45","95.67","99.01","102.59","107.7","","","",
"Uzbekistan","UZB","Land area (sq. km)","AG.LND.TOTL.K2","","","","","","","","","","","","","","","","","","","","","","","","","","","","","","","","","425400","425400","425400","425400","425400","425400","425400","425400","435965","435911","435911","435877","435853","435849","435850","435984","435967","435945","435892","435809","435800","435789","435789","440600","440591","440588","440587","440555","440650","440653","440652","440650","","",
"Uzbekistan","UZB","Forest area (sq. km)","AG.LND.FRST.K2","","","","","","","","","","","","","","","","","","","","","","","","","","","","","","","","","26317.884","26729.974","27142.065","27554.156","27966.247","28378.338","28790.428","29202.519","29614.61","30002.749","30390.888","30779.027","31167.166","31555.305","31943.444","32331.583","32719.722","33107.861","33496","33895.6","34295.2","34694.8","35094.4","35494","35863","36121.36","36379.8","36638.2","36896.6","37155","37413.4","37671.8","","",
"Uzbekistan","UZB","Rural land area where elevation is below 5 meters (% of total land area)","AG.LND.EL5M.RU.ZS","","","","","","","","","","","","","","","","","","","","","","","","","","","","","","","0","","","","","","","","","","0","","","","","","","","","","","","","","","0","","","","","","","","","","",
"Uzbekistan","UZB","Arable land (% of land area)","AG.LND.ARBL.ZS","","","","","","","","","","","","","","","","","","","","","","","","","","","","","","","","","10.5171603196991","10.5101081335214","10.5030559473437","10.519511048425","10.5218617771509","10.5242125058768","10.5265632346027","10.5289139633286","10.2760542704116","10.2796212988431","10.2865034376283","10.1978310394905","10.1089128674117","10.0195251107608","9.93002179648962","9.83751697309993","9.74844426298321","9.65947539253805","9.57117818175144","9.48351227257812","9.39421753097751","9.30496180491017","9.27972023157996","9.17158420335906","9.15883438381628","9.1386964692638","9.12373719605889","9.15549704350195","9.12969476909111","9.11397403399046","9.14213483656037","9.14331101781459","","",
"Uzbekistan","UZB","Agricultural land (sq. km)","AG.LND.AGRI.K2","","277240","277240","277240","277240","277240","277240","277240","277240","277240","277240","277240","277240","277240","277240","277240","277240","277240","277240","277240","277240","277240","277240","277240","277240","277240","277240","277240","277240","277240","277240","277240","277240","276470","276400","276430","276400","276370","273340","273310","273280","273250","270460","268650","266840","265030","263220","261410","259600","257790","255980","254170","252360","250600","255420","255480","255457","255332","255203","255553","256825","256906","257690","255820","","",
"Uzbekistan","UZB","Internally displaced persons, new displacement associated with disasters (number of cases)","VC.IDP.NWDS","","","","","","","","","","","","","","","","","","","","","","","","","","","","","","","","","","","","","","","","","","","","","","","","","","","","","","","","","","","","","70000","","170","","","",
"Uzbekistan","UZB","Transport services (% of commercial service exports)","TX.VAL.TRAN.ZS.WT","","","","","","","","","","","","","","","","","","","","","","","","","","","","","","","","","","","","","","","","","","","","","","73.4526261058617","67.5300325769783","61.7559285588391","61.0176372375101","51.4584307772709","61.7620603669865","62.3609137884624","63.6468538315398","58.0021398664674","58.4098761215882","58.4733927991782","56.5291169677666","53.3384718034734","45.9197567604614","40.2866329494696","58.8870474252939","55.7500556082992","34.5959507336416","38.2642097018969","33.4417020887234","31.1102860987517",
"Uzbekistan","UZB","Computer, communications and other services (% of commercial service exports)","TX.VAL.OTHR.ZS.WT","","","","","","","","","","","","","","","","","","","","","","","","","","","","","","","","","","","","","","","","","","","","","","10.1553514544343","15.4236514434435","15.9944897440794","18.9655207412441","20.2238017904426","15.7199129021039","15.7633734743553","19.7577021330062","15.8079743273317","18.1939615518923","16.9425850262188","17.5646867463646","14.2318738817764","10.8754105862954","9.83575831812675","18.2578487969778","15.8136537051269","29.0903518740055","19.0533074055576","15.392130553007","15.9454103623736",
"Uzbekistan","UZB","Merchandise exports by the reporting economy, residual (% of total merchandise exports)","TX.VAL.MRCH.RS.ZS","","","","","","","","","","","","","","","","","","","","","","","","","","","","","","","","","-1.19669369422805E-13","-2.18402610434611E-14","-1.35691786360786E-14","1.63857032225977E-13","-2.30413161379244E-14","2.8813396164979E-14","-1.23836780672099E-13","1.57915304376682E-13","-6.12744415520945E-15","0","0","0","0","0","0","0","1.00715835424346E-13","0","0","0","1.87511688593751E-15","0","1.92505470166582E-15","0","3.16471190115795E-05","0.00350558811555092","0.0599256401702835","0.036824804643752","0","0.00701408322497101","5.16392395877499E-05","0.000531594099426741","","",
"Uzbekistan","UZB","Merchandise exports to low- and middle-income economies in Latin America & the Caribbean (% of total merchandise exports)","TX.VAL.MRCH.R3.ZS","","","","","","","","","","","","","","","","","","","","","","","","","","","","","","","","","","0.819045899039092","2.28325606186827","4.18523109862641","6.12948529081805","3.54676868655268","2.50898187313377","1.18281125502917","0.0532753372761829","0.0532752578036019","0.0532752967454578","0.0532752872210325","0.0538004473709347","0.0538004062066671","0.0538004584035838","0.0538004478916422","0.0538004751207029","0.0538004526254271","0.0538004634397292","0.0538004519196517","0.0538004614607892","0.0538004662738011","0.0538004562672315","0.0538004268730699","0.877684962813638","0.529763459096309","0.000435343098513715","0.00892014795342602","0.0423229709555415","0.135556620044225","0.0591118803043349","0.0545466313676405","","",
"Uzbekistan","UZB","Merchandise exports to high-income economies (% of total merchandise exports)","TX.VAL.MRCH.HI.ZS","","","","","","","","","","","","","","","","","","","","","","","","","","","","","","","","","92.1395237200024","83.1986794522866","79.9000050095145","66.2851950255227","66.4067548711246","64.6542031096812","63.3956694731569","63.1549309314721","27.9923582127874","27.992358223489","27.9923584245987","27.9923581248275","28.2682886062462","28.2682888402039","28.2682886618203","28.2682886638577","28.2682887032154","28.2682886313625","28.2682886425505","28.2682886455925","28.2682885833235","28.2682886915381","28.268288739838","28.2682886940643","28.3897729648463","31.0998287605407","27.4324353005721","29.1039950363766","28.385648818834","26.0785311886208","31.1189901105521","36.9886334472425","","",
"Uzbekistan","UZB","Manufactures exports (% of merchandise exports)","TX.VAL.MANF.ZS.UN","","","","","","","","","","","","","","","","","","","","","","","","","","","","","","","","","","","","","","","","","","","","","","","","","","","","","","","","","","26.1295736803529","25.1168576928734","19.0345616528893","24.7382871643255","35.469446029928","39.7929991821701","34.7963622919544","28.955209717622","",
"Uzbekistan","UZB","Food exports (% of merchandise exports)","TX.VAL.FOOD.ZS.UN","","","","","","","","","","","","","","","","","","","","","","","","","","","","","","","","","","","","","","","","","","","","","","","","","","","","","","","","","","8.2316085352872","9.46732273246455","10.1036936126109","9.57248102627435","9.09101671276542","10.280058139702","8.72874386757163","11.4325457008419","",
"Uzbekistan","UZB","Medium and high-tech exports (% manufactured exports)","TX.MNF.TECH.ZS.UN","","","","","","","","","","","","","","","","","","","","","","","","","","","","","","","36.7353550870319","36.7353550870319","36.7353550870319","36.7353550870319","36.7353550870319","36.7353550870319","36.7353550870319","36.7353550870319","36.7353550870319","36.7353550870319","36.7353550870319","36.7353550870319","36.7353550870319","36.7353550870319","36.7353550870319","36.7353550870319","36.7353550870319","36.7353550870319","36.7353550870319","36.7353550870319","36.7353550870319","36.7353550870319","36.7353550870319","36.7353550870319","36.7353550870319","36.7353550870319","36.7353550870319","36.7353550870319","29.0009875425054","28.6012966271206","26.5885492405805","28.1343309743349","29.4823124724097","","","",
"Uzbekistan","UZB","Commercial service imports (current US$)","TM.VAL.SERV.CD.WT","","","","","","","","","","","","","","","","","","","","","","","","","","","","","","","","","","","","","","","","","","","","","","1573795423.57221","1635989828.35699","2122968748.18619","2465705212.27269","2626844055.56054","2645541581.84484","3105441084.38008","3454401287.60129","3373935261.44074","2870557987.55267","3081410173.52233","3422697633.13078","4070514998.11738","5166501922.08299","5370814428.09153","3561569398.48735","4997100611.01044","7309673405.27173","8139009209.57177","10428155997.2025","13593289395.115",
"Uzbekistan","UZB","Merchandise imports by the reporting economy (current US$)","TM.VAL.MRCH.WL.CD","","","","","","","","","","","","","","","","","","","","","","","","","","","","","","","","","296762042.788013","912507225.093068","2444785416.7908","3014385067.44628","4828127046.54495","4537858155.04213","2930934228.47731","2481213544.1269","4481017065","4571319009","4242595815","5231858820","5629504704","5538509814","5707385318","7986557007","11694521555","10252091773","19967131691","23845972692","23474005107","28186748294","29707870023","22948974671","11328395510","12034816841","17312174916","21868475917","19954810154","23740362859","28172347564","35987798588","","",
"Uzbekistan","UZB","Merchandise imports from low- and middle-income economies in Middle East & North Africa (% of total merchandise imports)","TM.VAL.MRCH.R4.ZS","","","","","","","","","","","","","","","","","","","","","","","","","","","","","","","","","0.00407734085071093","0.0164937214589888","1.20686204695607","2.64400306570228","3.07208866568872","2.55776252120268","0.0391041557011856","0.0100301967393771","0.759257943151797","0.759257993845251","0.759257949722934","0.75925789220742","0.762690223342249","0.762690315962307","0.762690366510138","0.762690292532961","0.762690295456042","0.762690285371093","0.762690302025915","0.762680048111497","0.76263007179212","0.762630072677655","0.762630043232972","0.762630054322918","0.727592763928843","0.53776379694884","0.701020204502652","0.928595411818977","0.622062460339256","0.95326816756807","1.21637298141918","0.962722968877365","","",
"Uzbekistan","UZB","Merchandise imports from low- and middle-income economies outside region (% of total merchandise imports)","TM.VAL.MRCH.OR.ZS","","","","","","","","","","","","","","","","","","","","","","","","","","","","","","","","","14.5753284403448","7.20504506848202","4.68367037767455","6.77977102799343","5.84601729531427","6.04986336563804","4.55828931733916","2.7694357592506","27.271419663741","27.2714198581541","27.2714199620262","27.2714196443091","27.3947059304207","27.3947060121613","27.3947060849204","27.3947059049647","27.3947060077055","27.3947059311015","27.3947059580196","27.3943376073376","27.3925417443252","27.3925417876015","27.3925417564427","27.3925418112202","28.5714153001002","29.3640460065893","24.2069221362065","27.211435042778","27.3505301121894","27.4603396153592","30.7174777193871","38.8284133963654","","",
"Uzbekistan","UZB","Ores and metals imports (% of merchandise imports)","TM.VAL.MMTL.ZS.UN","","","","","","","","","","","","","","","","","","","","","","","","","","","","","","","","","","","","","","","","","","","","","","","","","","","","","","","","","","2.54588094098723","2.54025516964486","3.23079258859521","2.97466433422704","3.80111171628792","3.19468024048465","2.17167708058163","2.35587474275937","",
"Uzbekistan","UZB","Fuel imports (% of merchandise imports)","TM.VAL.FUEL.ZS.UN","","","","","","","","","","","","","","","","","","","","","","","","","","","","","","","","","","","","","","","","","","","","","","","","","","","","","","","","","","6.16917488331809","5.0828211974072","4.30343044035752","5.4724970460215","6.45811606904469","6.34877065263249","7.32828720245076","11.2109370717331","",
"Uzbekistan","UZB","Tariff rate, most favored nation, weighted mean, primary products (%)","TM.TAX.TCOM.WM.FN.ZS","","","","","","","","","","","","","","","","","","","","","","","","","","","","","","","","","","","","","","","","","","4.23","","","","","12.57","13.78","10.04","13.74","","","13.74","","13.37","13.71","","","","","5.04","5.25","","","","",
"Uzbekistan","UZB","Bound rate, simple mean, primary products (%)","TM.TAX.TCOM.BR.ZS","","","","","","","","","","","","","","","","","","","","","","","","","","","","","","","","","","","","","","","","","","","","","","","","","","","","","","","","","","","","","","","","","","",
"Uzbekistan","UZB","Tariff rate, most favored nation, simple mean, all products (%)","TM.TAX.MRCH.SM.FN.ZS","","","","","","","","","","","","","","","","","","","","","","","","","","","","","","","","","","","","","","","","","","10.99","","","","","15.37","15.37","15.22","15.08","","","15.11","","14.19","13.92","","","","","6.47","7.34","","","","",
"Uzbekistan","UZB","Tariff rate, most favored nation, weighted mean, manufactured products (%)","TM.TAX.MANF.WM.FN.ZS","","","","","","","","","","","","","","","","","","","","","","","","","","","","","","","","","","","","","","","","","","6.19","","","","","11.2","11.37","12.07","10.42","","","11.36","","9.72","8.94","","","","","4.4","4.76","","","","",
"Uzbekistan","UZB","Bound rate, simple mean, manufactured products (%)","TM.TAX.MANF.BR.ZS","","","","","","","","","","","","","","","","","","","","","","","","","","","","","","","","","","","","","","","","","","","","","","","","","","","","","","","","","","","","","","","","","","",
"Uzbekistan","UZB","International tourism, expenditures (% of total imports)","ST.INT.XPND.MP.ZS","","","","","","","","","","","","","","","","","","","","","","","","","","","","","","","","","","","","","","","","","","","","","","","","","","","","","","","9.20113086295159","12.9671138408955","12.6510511148089","12.7928438687305","11.6108708806334","10.3544017255994","4.69121385546077","","","","","",
"Uzbekistan","UZB","International tourism, expenditures for passenger transport items (current US$)","ST.INT.TRNX.CD","","","","","","","","","","","","","","","","","","","","","","","","","","","","","","","","","","","","","","","","","","","","","","","","","","","","","","","395000000","308000000","450000000","476000000","479000000","440000000","174000000","","","","","",
"Uzbekistan","UZB","International tourism, number of departures","ST.INT.DPRT","","","","","","","","","","","","","","","","","","","","","","","","","","","","","","","","","","","","","","246000","247000","202000","217000","183000","264000","400000","455000","572000","893000","1248000","1150000","1317000","1610000","","","3117000","2786000","3491000","3848000","5182000","8594000","8437000","","","","","","",
"Uzbekistan","UZB","Urban population","SP.URB.TOTL","2818220","2974017","3111663","3245610","3379092","3524523","3672732","3840010","4018716","4170342","4310561","4443649","4624902","4834435","5043586","5268178","5497536","5724657","6022545","6225610","6415847","6601951","6778791","6965026","7122540","7262349","7457872","7693458","7940474","8113781","8343889","8612511","8922731","9254605","9601925","9964166","10338169","10716520","11092985","11460749","11816757","12166326","12511385","12844493","13162951","13462648","13740364","14000652","14240741","14419628","14570895","14797699","15021881","15197230","15379536","15577537","15847892","16125558","16374996","16677505","17050807","17439284","17813536","18181423","18544064","18903677",
"Uzbekistan","UZB","Rural population","SP.RUR.TOTL","5390889","5543694","5742705","5956636","6178519","6397158","6616562","6819170","7013439","7232808","7452077","7667862","7840204","7996612","8165425","8330343","8501084","8684165","8793804","8989977","9204089","9433081","9683945","9943374","10256306","10612990","10937749","11236612","11520156","11863402","12121067","12350399","12562359","12733350","12861366","12953423","13013812","13042440","13041944","13015259","12970297","12923957","12888595","12866766","12866399","12894327","12958679","13075356","13254033","13519700","13814611","14025497","14240022","14526835","14843458","15171809","15436676","15693620","15998494","16287196","16535565","16804412","17125419","17470884","17817795","18149751",
"Uzbekistan","UZB","Completeness of birth registration, rural (%)","SP.REG.BRTH.RU.ZS","","","","","","","","","","","","","","","","","","","","","","","","","","","","","","","","","","","","","","","","","","","","","","","99.9","","","","","","","","","","","","","","","","","","","",
"Uzbekistan","UZB","Population, male","SP.POP.TOTL.MA.IN","3987392","4144265","4315363","4492176","4672800","4857888","5044782","5232827","5422462","5611212","5794385","5972468","6153148","6340239","6533588","6732932","6937730","7147709","7356482","7561277","7768841","7981957","8201565","8430404","8671942","8927016","9194587","9469682","9742948","10009015","10260424","10516302","10783371","11039882","11282185","11513367","11733222","11938393","12127916","12299960","12456543","12608794","12764288","12920906","13081214","13246440","13419042","13609358","13821283","14047005","14274243","14497574","14721443","14957337","15212241","15481660","15755847","16029110","16311735","16612447","16928447","17264132","17618709","17982214","18343712","18694130",
"Uzbekistan","UZB","Technicians in R&D (per million people)","SP.POP.TECH.RD.P6","","","","","","","","","","","","","","","","","","","","","","","","","","","","","","","","","","","","","","","","","","","92.60307","86.33311","83.51993","83.47274","79.24169","82.33868","62.65614","64.56333","66.62947","58.46014","61.08781","57.26192","58.50185","59.32836","62.3375","45.68241","48.0659","","","","","","","",
"Uzbekistan","UZB","Age dependency ratio, old (% of working-age population)","SP.POP.DPND.OL","10.4402344739483","10.6977814872532","10.9751495254794","11.2534372561505","11.4888517356726","11.62489529122","11.687568719651","11.7171398337917","11.6816194418731","11.5579556737457","11.3607947588917","11.0919494027451","10.7334612637049","10.3149695350382","9.88599491076693","9.4611368153461","9.04367055427775","8.65088310603214","8.29124737464379","7.94492715052017","7.59588160277588","7.24536185091242","6.90203234475791","6.58847347527436","6.333916228168","6.15341617492274","6.03452564549027","5.96753857444979","5.96043450427703","6.02704558635192","6.16716035844042","6.37401317180426","6.63760393535083","6.92635130136564","7.18663412534335","7.39911164075619","7.56680106129793","7.68295094468311","7.76049465266729","7.82619305809023","7.88662046120199","7.93993211732328","7.99223170799464","8.03438143076945","8.03288899004115","7.96876318024421","7.85510703573454","7.71135381218929","7.5541040690314","7.39515637059983","7.24213387862935","7.1061702149563","7.00348813359023","6.94910262544115","6.95296292905746","7.06177865862771","7.24973578844503","7.45568703877968","7.68744806774157","7.94114323959564","8.17273596349438","8.39902174187035","8.67934844160145","8.97791652929865","9.30402099021851","9.68916536710264",
"Uzbekistan","UZB","Population ages 80 and above, female (% of female population)","SP.POP.80UP.FE.5Y","0.634220626347053","0.630475301344146","0.626436851248236","0.623122241681707","0.621426294691852","0.620829089972675","0.622441075314436","0.627143129096098","0.632646085324641","0.635832027567282","0.636920103497632","0.636548777761353","0.634232623677738","0.633896378240091","0.642498658324623","0.661290725478231","0.685876661024555","0.714201852677534","0.745918174272958","0.778554827280317","0.808320316572381","0.836245729969873","0.862286956655419","0.880626690515855","0.883482757850393","0.87011839369893","0.842552043607273","0.801980891374693","0.757176493178954","0.718276417492161","0.687047642799903","0.662444690180774","0.645816837734986","0.633855868236167","0.620202509483409","0.603679935378319","0.585096910952366","0.565848514959076","0.550515769409095","0.544893548382858","0.551542452358319","0.568453789109064","0.59432043769348","0.628383726845392","0.669196734927589","0.714787736931112","0.765308706125425","0.820571560113317","0.87639652521803","0.927865013211434","0.974891440444011","1.01766959926766","1.05482904066209","1.08843678843411","1.12277178899686","1.15849579301015","1.19764531798852","1.24040314455897","1.27892309156368","1.30214468605199","1.30013495979046","1.28013891523183","1.26431229671911","1.22593299310875","1.17397754608174","1.13999459946656",
"Uzbekistan","UZB","Population ages 70-74, female (% of female population)","SP.POP.7074.FE.5Y","1.70489874143625","1.68311193471785","1.64593341492243","1.61283131400779","1.61268266059833","1.64952437826744","1.71411546831093","1.80229704923362","1.9005854598982","1.98703767313828","2.05065050448184","2.10066146308647","2.13799726344842","2.14794505183753","2.11274267658714","2.03348190763254","1.90959624710226","1.74163394383436","1.56404273454491","1.42037623247556","1.3198349198529","1.25909039347762","1.24206967753119","1.24714606805983","1.23929807660116","1.21085823627836","1.16519512915614","1.10384484779297","1.04493031594007","1.01498088716001","1.02310419414118","1.06256021093163","1.12855706305487","1.21265638312132","1.30146337938304","1.38575871286967","1.46930494039854","1.5546886014304","1.63428239812849","1.69773887225149","1.74489125977388","1.77333802988818","1.77864813419004","1.77231614435051","1.77208525505468","1.78015230575441","1.7996046009185","1.83157652422837","1.85811728694596","1.85346258697925","1.81128004590092","1.73934856022307","1.64309789225726","1.53461213614824","1.43398868797588","1.35590946787876","1.3030725453822","1.28153342974837","1.29562425477091","1.35151708600897","1.45970766045914","1.59113041981321","1.7169790775489","1.83883299312573","1.94441748088746","2.01728306870129",
"Uzbekistan","UZB","Population ages 65 and above, male","SP.POP.65UP.MA.IN","222792","228530","235483","242883","249829","255905","261243","265889","269729","272545","274155","274504","273740","272270","270556","268668","266606","264668","262663","259844","256015","251279","245931","240744","236930","235723","236830","239765","245683","256398","271556","291687","317173","344930","370949","393578","412918","428775","442376","455716","469326","483064","497297","511207","522859","531482","537873","542641","546429","549777","552949","556395","560697","567277","576493","593761","618619","645187","674305","705844","734242","762806","799007","839659","885578","937681",
"Uzbekistan","UZB","Population ages 65-69, female (% of female population)","SP.POP.6569.FE.5Y","2.48568295790552","2.57350810167679","2.69161413129089","2.82352431630012","2.93532339326946","3.00847605737438","3.05849209054226","3.0905932584924","3.08626542363953","3.02282215185814","2.90353834728005","2.72609287197474","2.48670044329347","2.22940639829383","2.01607463797235","1.86297940810172","1.76634236149109","1.73248245361851","1.73384470084016","1.72235642402777","1.68477762116128","1.62391995455649","1.53986644266291","1.45553846359809","1.40775059609302","1.40983407783973","1.45510819762214","1.53854162950513","1.64769240481899","1.76364904764848","1.87375070832495","1.97964736496287","2.08237116309871","2.17429597767096","2.2425867351584","2.28738093663908","2.30758723887809","2.29947947080201","2.27796038864953","2.26670427054821","2.26898959292886","2.28754348589565","2.32422569337714","2.35728824852261","2.35226145107919","2.29871235999475","2.20496226637943","2.07741717502126","1.93343089924877","1.80088318565884","1.69881669348744","1.62930796303295","1.59864262895938","1.61203957979046","1.67730759409605","1.8148460742512","1.99124576969346","2.16156763859408","2.32237690332168","2.45927572001009","2.54503194560643","2.60176299585086","2.66516999816284","2.73439704024195","2.81780362875272","2.91724942089968",
"Uzbekistan","UZB","Population ages 55-59, female (% of female population)","SP.POP.5559.FE.5Y","5.07864454201928","4.72471767975211","4.26018477617892","3.77309598942351","3.37009968246468","3.07651793823326","2.88671254001206","2.80947442969523","2.79353993111031","2.75808349829681","2.68406874541585","2.57668032107613","2.43354736885548","2.29046966953346","2.20639217967102","2.20209090597259","2.26753268585598","2.39428186796445","2.5612991867884","2.73747078443387","2.90056973577764","3.05693768796778","3.20966603887028","3.34264115348479","3.43526795315143","3.48812864087096","3.4985959186761","3.46104744652373","3.4005950905059","3.3529782002069","3.32278328282065","3.31109868389816","3.32169548283297","3.32912482996436","3.28883385954842","3.1883235875275","3.03931340687934","2.85136926390118","2.64724873705059","2.46251903737567","2.32072711020359","2.22296385379325","2.17765279495575","2.19349293199754","2.28114310357657","2.46680236669204","2.70550065114832","2.93516947421965","3.15123255648466","3.33666670925614","3.46270197562394","3.56007927613893","3.66618718850067","3.77464120690785","3.89333566410692","4.02532184641471","4.16261905922581","4.29946533479146","4.41470112031029","4.48770562418201","4.51670014472691","4.49783941736783","4.43767369123972","4.35559959984364","4.27194039431469","4.20265263417623",
"Uzbekistan","UZB","Population ages 45-49, female (% of female population)","SP.POP.4549.FE.5Y","3.99555441541913","3.79770279572415","3.54627280648512","3.30085257738153","3.15027541495464","3.12200755441623","3.19979216371398","3.3697770860097","3.59811166120068","3.83769613575835","4.0573182853775","4.26702535452393","4.47138554538975","4.6489123812542","4.7726642021535","4.84357604595731","4.85773713669685","4.80562035087599","4.72043970223864","4.65108546688075","4.60300731280112","4.58517991045781","4.60337886723323","4.61321846499937","4.54794812553646","4.39032567277274","4.15827721101781","3.86919140468612","3.56111691868065","3.28424942276254","3.06644130929075","2.90699622308026","2.81833707362047","2.81083725011868","2.89662757870286","3.10500795231801","3.3790312717563","3.6459758506498","3.90289408364928","4.12807176844244","4.28285187381333","4.40316037601121","4.53591303111852","4.6767706615771","4.83652646359779","5.01638548631366","5.20232284629809","5.38192126475404","5.52998499066552","5.62687772328925","5.67510131179961","5.67184098533383","5.62092582968744","5.53944313188406","5.44781797422155","5.36562973590104","5.31547640014912","5.30346987739381","5.32276499913101","5.35920630144341","5.39356208512051","5.41695315076857","5.42565619449054","5.42155890181223","5.42316310328692","5.44678792856862",
"Uzbekistan","UZB","Population ages 35-39, female (% of female population)","SP.POP.3539.FE.5Y","5.60857110981148","5.86984429785525","6.1210882120641","6.33302555311799","6.4711101412112","6.53745127417333","6.53055932272065","6.43931568771881","6.30874152192834","6.20442534049697","6.12926480573669","6.09246474511294","6.10469001024009","6.11044833628969","6.02395578706816","5.82263996742596","5.52870066459748","5.16112372587534","4.76344315276956","4.39869824974426","4.11034358198802","3.90294987300194","3.78932357168251","3.77989068525801","3.88734595630399","4.14867702857156","4.48593603718886","4.80161621286654","5.09436330054653","5.33690844696839","5.47427331923339","5.55842623749259","5.65888553319731","5.77142688815771","5.91171839351134","6.07979658761466","6.25928724401633","6.44285111039306","6.6045152112353","6.71669494075582","6.77569675643194","6.77580187845369","6.72118709446226","6.63590728747255","6.54548680001071","6.46945733070934","6.42953289045434","6.42706983548247","6.45650770531096","6.50856255316561","6.56393383909244","6.61360812116919","6.65317993195608","6.6736314232916","6.68904484671755","6.72284915998404","6.77871023634207","6.86357082186093","6.99152094551558","7.16166735061929","7.35408243686061","7.55851291465767","7.74105344693141","7.84616413733646","7.85995363452191","7.83176752814208",
"Uzbekistan","UZB","Population ages 25-29, female (% of female population)","SP.POP.2529.FE.5Y","7.99785963862571","7.88301628932696","7.8586606536014","7.83419188373169","7.69180220074021","7.40082582364642","6.99634141400178","6.50632201775299","5.99351925261501","5.53879327275315","5.17731111409914","4.90720662057642","4.76131140596061","4.76345127113209","4.93212976407111","5.31542925999716","5.80907606483913","6.27989168326479","6.71014689069838","7.05429359406661","7.25600013399404","7.38945636359674","7.53678261834793","7.68862077260824","7.85957282522164","8.05140851818874","8.24401366194278","8.42703324784529","8.57343904510556","8.64983415207288","8.63543724320541","8.53627320944751","8.38155105649621","8.19881764575454","8.0214694324515","7.86899799039338","7.76596708822345","7.7231281597206","7.73692841008834","7.78698063608159","7.84209218263915","7.89429418660329","7.93913780107967","7.96841150637471","8.00144932063771","8.06219166257549","8.14855391006951","8.26033571823727","8.4170896810478","8.62752070433148","8.87270300069161","9.14362043058235","9.39844030386795","9.55695127586829","9.59025506581848","9.55951019689559","9.52121877906107","9.47073818808126","9.40046061590217","9.28891849676866","9.10941215996027","8.83358102815776","8.46856909538121","8.06025186171912","7.64907179411956","7.24018988199303",
"Uzbekistan","UZB","Population ages 15-64, total","SP.POP.1564.TO","4472821","4526546","4597377","4681423","4783794","4919597","5083153","5259065","5451162","5654166","5856166","6057799","6272683","6507804","6764084","7042938","7342041","7657461","7974156","8281322","8587127","8893041","9196668","9496479","9792504","10089940","10392217","10700023","11011261","11316523","11588202","11848187","12119072","12381916","12646894","12922700","13209109","13512256","13836618","14178375","14534933","14916324","15316623","15715460","16116518","16537535","16987878","17454393","17917876","18369118","18809111","19233398","19628262","19985746","20306983","20590719","20847877","21097157","21339097","21578014","21816256","22057164","22321376","22615648","22919628","23210348",
"Uzbekistan","UZB","Population ages 15-64, female","SP.POP.1564.FE.IN","2386343","2407020","2436573","2472687","2518966","2581936","2656894","2737241","2825490","2919945","3015003","3111024","3214987","3329789","3454945","3590839","3736480","3889845","4043533","4192530","4341008","4489824","4637838","4783953","4927739","5071641","5217164","5364306","5512620","5658670","5789120","5915405","6048790","6178704","6308903","6443460","6582824","6729627","6885733","7049618","7220619","7403393","7595013","7786006","7978997","8183227","8403098","8632309","8861505","9085569","9304321","9515511","9712150","9890117","10048749","10187265","10312592","10434410","10553138","10670889","10787265","10903544","11031376","11174247","11321831","11462487",
"Uzbekistan","UZB","Population ages 10-14, female (% of female population)","SP.POP.1014.FE.5Y","7.56118896647975","8.39272870949719","9.14805116980484","9.82277124909582","10.3631849830014","10.6748439361562","10.8760251786987","11.1008996281665","11.3381526705786","11.6187093492101","11.9505583920922","12.2997275226552","12.6320776665436","12.8869847261709","13.0165468927248","13.0229986839438","12.9050082280698","12.6819822720003","12.4124607323737","12.1467186460961","11.9088603622259","11.7325796833769","11.6233521857858","11.5673850537683","11.5363445183073","11.4902038901705","11.4153420148214","11.3162383676144","11.1984839182062","11.0931868323247","11.0355324949967","11.0069747041336","11.0114651212326","11.0947520670876","11.2646995744428","11.4864126636609","11.7461167754663","12.0010153489683","12.1639328615702","12.2054791505421","12.1925527738693","12.1780337194531","12.1472334083484","12.0992668419993","12.0090649344842","11.8362327763042","11.5411667341428","11.1221981710373","10.6288328269642","10.1146262620955","9.59473969145286","9.09243242631978","8.67392748668448","8.35409171212472","8.12857622798803","7.98532272670528","7.920285257234","7.96270795033941","8.1162143204085","8.30942047223032","8.47057807231627","8.56484620467422","8.56336278364638","8.52055787142716","8.52353185929718","8.59705824800758",
"Uzbekistan","UZB","Population ages 0-14, total","SP.POP.0014.TO","3269314","3506925","3752422","3994001","4224215","4430186","4612044","4783904","4944209","5095478","5241165","5381785","5519147","5651965","5776230","5889241","5992589","6088923","6181037","6276320","6380540","6497657","6631310","6786247","6966094","7164523","7376283","7591518","7793049","7978608","8162091","8359518","8561601","8748424","8907511","9038724","9143366","9208564","9224521","9188006","9105806","8989613","8859217","8733158","8618210","8501604","8376748","8275646","8223363","8211785","8214214","8223041","8258978","8349489","8504074","8704556","8925275","9149083","9393961","9673146","9987131","10333946","10680229","11006246","11309784","11594191",
"Uzbekistan","UZB","Population ages 0-14, female","SP.POP.0014.FE.IN","1591192","1710716","1833347","1953444","2066071","2165864","2254765","2338790","2417149","2491032","2562098","2630595","2697435","2762011","2822337","2877076","2927026","2973497","3017841","3063678","3113834","3170197","3234507","3309113","3395846","3491528","3593580","3697319","3794426","3883844","3972304","4067685","4165686","4256684","4334266","4398175","4449347","4481575","4489866","4472520","4432902","4376813","4313836","4252914","4197376","4140953","4080359","4031012","4004880","3998106","3997710","3999749","4014344","4055058","4126561","4220111","4323333","4427908","4542490","4673668","4821917","4986241","5150528","5305091","5449447","5585603",
"Uzbekistan","UZB","Women who were first married by age 18 (% of women ages 20-24)","SP.M18.2024.FE.ZS","","","","","","","","","","","","","","","","","","","","","","","","","","","","","","","","","","","","","15.3","","","","","","","","","","","","","","","","","","","","","","","","","","3.4","","","",
"Uzbekistan","UZB","Survival to age 65, male (% of cohort)","SP.DYN.TO65.MA.ZS","49.339444","49.742064","50.178534","50.597582","51.052792","51.490428","51.934757","52.376667","52.837525","53.298318","53.752211","54.193814","54.638976","55.058042","55.467822","55.849248","56.243762","56.629263","57.014554","57.381085","57.636878","57.719349","57.764834","58.047296","58.490896","59.447369","60.474069","61.789319","62.252574","62.096716","61.318381","59.618778","58.441876","57.389328","57.193631","56.920785","57.014535","57.774255","58.267824","58.343114","58.083101","58.711691","59.755854","60.779086","61.2258","61.491089","62.085161","63.090494","64.352896","65.39938","66.061589","66.408865","66.574687","66.868678","67.219028","68.082153","68.405886","68.253093","68.489475","68.318896","69.523765","69.575389","69.307115","69.424253","69.791731","",
"Uzbekistan","UZB","Life expectancy at birth, total (years)","SP.DYN.LE00.IN","56.539","56.874","57.218","57.564","57.922","58.277","58.633","58.993","59.355","59.715","60.072","60.417","60.75","61.058","61.355","61.632","61.903","62.173","62.44","62.707","62.981","63.223","63.465","63.75","64.108","64.574","65.027","65.486","65.757","65.844","65.772","65.529","65.236","64.924","64.681","64.67","64.78","65.028","65.169","65.307","65.456","65.853","66.376","66.852","67.203","67.481","67.905","68.483","69.035","69.517","69.836","70.143","70.411","70.692","70.973","71.33","71.58","71.737","71.999","72.093","71.461","71.681","72.147","72.388","72.528","",
"Uzbekistan","UZB","Mortality rate, infant, female (per 1,000 live births)","SP.DYN.IMRT.FE.IN","","","","","","","","","","","","","","","","","","","","89.9","84.1","78.5","73.5","68.9","64.8","61.1","58","55.4","53.5","52.3","51.7","51.7","51.9","52.2","52.2","51.9","51.6","51","50.1","48.8","47.1","45.1","42.9","40.6","38.1","35.5","33","30.5","28.2","25.9","23.8","21.8","20.1","18.5","17.1","15.9","14.9","14.1","13.4","12.8","12.4","12","11.7","11.4","11.1","",
"Uzbekistan","UZB","Birth rate, crude (per 1,000 people)","SP.DYN.CBRT.IN","47.925","47.975","47.88","46.274","45.202","43.959","41.952","40.529","38.887","38.275","38.051","37.84","37.639","37.305","36.961","36.483","35.908","35.379","34.599","34.777","34.816","34.74","34.963","35.466","36.362","36.657","36.941","36.052","34.414","33.442","33.717","33.996","32.998","31.497","29.875","29.024","27.547","25.815","24.055","22.805","21.737","21.097","20.901","20.464","20.605","20.404","20.919","22.233","23.155","23.144","22.449","21.929","21.959","22.989","23.846","23.982","23.513","23.196","24.007","24.722","25.634","26.45","26.524","26.465","25.557","",
"Uzbekistan","UZB","Vitamin A supplementation coverage rate (% of children ages 6-59 months)","SN.ITK.VITA.ZS","","","","","","","","","","","","","","","","","","","","","","","","","","","","","","","","","","","","","","","","","","","","","","","","","","","","","","","","","","","","","","","","","","",
"Uzbekistan","UZB","Prevalence of undernourishment (% of population)","SN.ITK.DEFC.ZS","","","","","","","","","","","","","","","","","","","","","","","","","","","","","","","","","","","","","","","","","","19","20.4","18.9","16","13","10.3","8","6.2","4.8","3.6","2.8","2.5","2.5","2.5","2.5","2.5","2.5","2.5","2.5","2.5","2.5","2.5","2.5","","",
"Uzbekistan","UZB","Refugees under the mandate of the UNRWA by country or territory of asylum","SM.POP.RRWA.EA","","","","","","","","","","","","","","","","","","","","","","","","","","","","","","","","","","","","","","","","","","","","","","","","","","","","","","","","","","","","","","","","","","",
"Uzbekistan","UZB","CPIA business regulatory environment rating (1=low to 6=high)","IQ.CPA.BREG.XQ","","","","","","","","","","","","","","","","","","","","","","","","","","","","","","","","","","","","","","","","","","","","","","2.5","2.5","3","3","3","3","3","3","3","3","3","3","3.5","3.5","3.5","3.5","3.5","3.5","3.5","3.5","3.5",
"Uzbekistan","UZB","Patent applications, nonresidents","IP.PAT.NRES","","","","","","","","","","","","","","","","","","","","","","","","","","","","","","","","","","295","64","19","53","367","","361","213","443","203","171","205","180","186","198","186","174","262","274","253","258","223","219","202","196","180","169","232","252","","","","",
"Uzbekistan","UZB","Public private partnerships investment in water and sanitation (current US$)","IE.PPN.WATR.CD","","","","","","","","","","","","","","","","","","","","","","","","","","","","","","","","","","","","","","","","","","","","","","","","","","","","","","","","","","","","","159730000","","","","","",
"Uzbekistan","UZB","Investment in water and sanitation with private participation (current US$)","IE.PPI.WATR.CD","","","","","","","","","","","","","","","","","","","","","","","","","","","","","","","","","","","","","","","","","","","","","","","","","","","","","","","","","","","","","159730000","","","","","",
"Uzbekistan","UZB","Number of visits or required meetings with tax officials (average for affected firms)","IC.TAX.METG","","","","","","","","","","","","","","","","","","","","","","","","","","","","","","","","","","","","","","","","","","","","","","","","","1.724851608","","","","","1.66460228","","","","","","2.94577384","","","","","1.913927674","",
"Uzbekistan","UZB","Firms offering formal training (% of firms)","IC.FRM.TRNG.ZS","","","","","","","","","","","","","","","","","","","","","","","","","","","","","","","","","","","","","","","","","","","42.9","81.8","","17.1","","","9.630167961","","","","","17.06295013","","","","","","16.94882393","","","","","19.3352356","",
"Uzbekistan","UZB","Firms visited or required meetings with tax officials (% of firms)","IC.FRM.METG.ZS","","","","","","","","","","","","","","","","","","","","","","","","","","","","","","","","","","","","","","","","","","","","","","","","","42.76441193","","","","","34.15920258","","","","","","29.1064682","","","","","23.68849564","",
"Uzbekistan","UZB","Firms with female participation in ownership (% of firms)","IC.FRM.FEMO.ZS","","","","","","","","","","","","","","","","","","","","","","","","","","","","","","","","","","","","","","","","","","","","","","14.5","","","39.79823303","","","","","28.95048141","","","","","","25.94858742","","","","","28.89294815","",
"Uzbekistan","UZB","Time required to obtain an operating license (days)","IC.FRM.DURS","","","","","","","","","","","","","","","","","","","","","","","","","","","","","","","","","","","","","","","","","","","","","","","","","9.056837082","","","","","21.40365791","","","","","","15.68228722","","","","","6.512375355","",
"Uzbekistan","UZB","Firms monitoring own CO2 emissions (% of firms)","IC.FRM.CO2.ZS","","","","","","","","","","","","","","","","","","","","","","","","","","","","","","","","","","","","","","","","","","","","","","","","","","","","","","","","","","","","","","","","","46.60168839","",
"Uzbekistan","UZB","Firms using banks to finance investment (% of firms)","IC.FRM.BNKS.ZS","","","","","","","","","","","","","","","","","","","","","","","","","","","","","","","","","","","","","","","","","","","1.4","0","","8.2","","","8.229752541","","","","","9.440093994","","","","","","26.21068192","","","","","22.55295944","",
"Uzbekistan","UZB","Time to obtain an electrical connection (days)","IC.ELC.DURS","","","","","","","","","","","","","","","","","","","","","","","","","","","","","","","","","","","","","","","","","","","7.7","","","8.3","","","28.03226852","","","","","5.981729984","","","","","","9.312280655","","","","","5.623092175","",
"Uzbekistan","UZB","New business density (new registrations per 1,000 people ages 15-64)","IC.BUS.NDNS.ZS","","","","","","","","","","","","","","","","","","","","","","","","","","","","","","","","","","","","","","","","","","","","","","","0.444670017055691","0.492999097705661","0.506979733535381","0.715657659774411","0.770211840421379","0.831834291579678","0.652171853014801","0.848104444037265","0.840696030523096","0.863738658178959","1.05013090781378","1.24120989382598","1.67771860261941","2.81833165925279","2.82711203975604","3.19460833677439","2.96030137210179","3.07384515358569","2.79323905257101","",
"Uzbekistan","UZB","B-READY: Utility Services: Overall Score","IC.BRE.US.OS","","","","","","","","","","","","","","","","","","","","","","","","","","","","","","","","","","","","","","","","","","","","","","","","","","","","","","","","","","","","","","","","","","",
"Uzbekistan","UZB","B-READY: Taxation: Overall Score","IC.BRE.TX.OS","","","","","","","","","","","","","","","","","","","","","","","","","","","","","","","","","","","","","","","","","","","","","","","","","","","","","","","","","","","","","","","","","","",
"Uzbekistan","UZB","B-READY: Market Competition Pillar 3:  Implementation of Key Services Promoting Market Competition","IC.BRE.MC.P3","","","","","","","","","","","","","","","","","","","","","","","","","","","","","","","","","","","","","","","","","","","","","","","","","","","","","","","","","","","","","","","","","","",
"Uzbekistan","UZB","B-READY: Labor Pillar 3: Operational Efficiency of Labor Regulations and Public Services in Practice","IC.BRE.LB.P3","","","","","","","","","","","","","","","","","","","","","","","","","","","","","","","","","","","","","","","","","","","","","","","","","","","","","","","","","","","","","","","","","","",
"Uzbekistan","UZB","B-READY: International Trade Pillar 3: Efficiency of Importing Goods, Exporting Goods, and Engaging in Digital Trade","IC.BRE.IT.P3","","","","","","","","","","","","","","","","","","","","","","","","","","","","","","","","","","","","","","","","","","","","","","","","","","","","","","","","","","","","","","","","","","",
"Uzbekistan","UZB","B-READY: Financial Services Pillar 3: Operational Efficiency of Receiving Financial Services","IC.BRE.FS.P3","","","","","","","","","","","","","","","","","","","","","","","","","","","","","","","","","","","","","","","","","","","","","","","","","","","","","","","","","","","","","","","","","","",
"Uzbekistan","UZB","B-READY: Dispute Resolution Pillar 3:  Ease of Resolving a Commercial Dispute","IC.BRE.DR.P3","","","","","","","","","","","","","","","","","","","","","","","","","","","","","","","","","","","","","","","","","","","","","","","","","","","","","","","","","","","","","","","","","","",
"Uzbekistan","UZB","B-READY: Business Location Pillar 3: Operational Efficiency of Establishing a Business Location","IC.BRE.BL.P3","","","","","","","","","","","","","","","","","","","","","","","","","","","","","","","","","","","","","","","","","","","","","","","","","","","","","","","","","","","","","","","","","","",
"Uzbekistan","UZB","B-READY: Business Insolvency Pillar 3: Operational Efficiency of Resolving Judicial Insolvency Proceedings","IC.BRE.BI.P3","","","","","","","","","","","","","","","","","","","","","","","","","","","","","","","","","","","","","","","","","","","","","","","","","","","","","","","","","","","","","","","","","","",
"Uzbekistan","UZB","B-READY: Business Entry Pillar 3: Operational Efficiency of Business Entry","IC.BRE.BE.P3","","","","","","","","","","","","","","","","","","","","","","","","","","","","","","","","","","","","","","","","","","","","","","","","","","","","","","","","","","","","","","","","","","",
"Uzbekistan","UZB","Human capital index plus (HCI+): overall score, total (scale 0–325)","HD_HCIP_OVRL_TO","","","","","","","","","","","","","","","","","","","","","","","","","","","","","","","","","","","","","","","","","","","","","","","","","","","","","","","","","","","","","187.656950202964","","","","","169.612080696624",
"Uzbekistan","UZB","Human capital index plus (HCI+): on-the-job learning pillar score, male (scale -30–87)","HD_HCIP_OTJL_MA","","","","","","","","","","","","","","","","","","","","","","","","","","","","","","","","","","","","","","","","","","","","","","","","","","","","","","","","50.5072557183188","","","","","49.830693912563","","","","","44.8365430389727",
"Uzbekistan","UZB","Human capital index plus (HCI+): health pillar score, female (scale 0–50)","HD_HCIP_HLTH_FE","","","","","","","","","","","","","","","","","","","","","","","","","","","","","","","","","","","","","","","","","","","","","","","","","","","43.01067456007","","","","","43.9591607558727","","","","","44.4302780807018","","","","","45.0195767855644",
"Uzbekistan","UZB","Voice and Accountability - Governance score (0-100)","GOV_WGI_VA_SC","","","","","","","","","","","","","","","","","","","","","","","","","","","","","","","","","","","","","27.6998539","","25.0511427","","23.8591392","","28.1920291","27.6750739","29.0886834","26.3600804","27.4751307","27.5048236","26.9604455","27.7870618","27.8882699","28.2463096","27.4148941","29.251145","29.984536","28.9626952","29.2477162","31.1357675","34.1351848","31.9089434","35.1559842","38.66","38.6019267","39.3359759","38.6431924","",
"Uzbekistan","UZB","Rule of Law - Governance score (0-100)","GOV_WGI_RL_SC","","","","","","","","","","","","","","","","","","","","","","","","","","","","","","","","","","","","","34.1181712","","36.3266676","","36.2939088","","36.1818378","36.930185","38.4557917","33.1056019","32.895664","36.944389","37.4990091","35.9647369","34.1650532","33.5039935","36.275452","37.3138185","38.2985426","38.6241605","39.010811","39.8168726","41.5506875","40.71871","41.2587406","44.9143525","45.3992761","45.3595349","45.670923","",
"Uzbekistan","UZB","Government Effectiveness - Governance score (0-100)","GOV_WGI_GE_SC","","","","","","","","","","","","","","","","","","","","","","","","","","","","","","","","","","","","","29.5157443","","29.2986091","","28.8556024","","20.0739849","19.952137","24.9437553","24.326499","24.5895494","28.6967992","31.676325","33.0626836","28.9990778","29.5025944","29.0640209","29.7826135","38.1999687","39.3387622","39.7336021","41.2569478","40.8414796","41.6021647","38.5718239","45.4383298","43.8923747","45.5349919","48.5484689","",
"Uzbekistan","UZB","Primary government expenditures as a proportion of original approved budget (%)","GF.XPD.BUDG.ZS","","","","","","","","","","","","","","","","","","","","","","","","","","","","","","","","","","","","","","","","","","","","","","","","99.7141","100.0122","100.9851","98.7963","99.5441","98.5465","98.1511","99.2","95.4951","95.7632","105.1139","128.2549","110.1666","109.94489","113.4903","","109.0647","","",
"Uzbekistan","UZB","Subsidies and other transfers (% of expense)","GC.XPN.TRFT.ZS","","","","","","","","","","","","","","","","","","","","","","","","","","","","","","","","","","","","","","","","","","","","","","","","","","","","","","","","","58.1817828340183","50.9302365132335","54.4598198403518","52.5899626233449","54.9729735672699","52.1161193184041","53.5944387912497","49.0213726402981","","",
"Uzbekistan","UZB","Other expense (% of expense)","GC.XPN.OTHR.ZS","","","","","","","","","","","","","","","","","","","","","","","","","","","","","","","","","","","","","","","","","","","","","","","","","","","","","","","","","25.1900762802842","26.8631544689391","28.1491278696518","30.6381343400639","18.326181514048","25.5629702767245","17.2369372251768","21.7369043759012","","",
"Uzbekistan","UZB","Interest payments (current LCU)","GC.XPN.INTP.CN","","","","","","","","","","","","","","","","","","","","","","","","","","","","","","","","","","","","","","","","","","","","","","","","","","","","33903100000","36235300000","33292577200","48246384100","56855214743.23","55710717945","107870003800","259413506600","1042717231740","1731387798960","2286537337120","3477819216630","8303695853015.58","","",
"Uzbekistan","UZB","Compensation of employees (current LCU)","GC.XPN.COMP.CN","","","","","","","","","","","","","","","","","","","","","","","","","","","","","","","","","","","","","","","","","","","","","","","","","","","","","","","","","2798629486603","5612690349000","6445548771828.3","6562847567903.96","26843389417276.9","33957284406932.2","50741994347945","60189419334713.6","","",
"Uzbekistan","UZB","Tax revenue (% of GDP)","GC.TAX.TOTL.GD.ZS","","","","","","","","","","","","","","","","","","","","","","","","","","","","","","","","","","","","","","","","","","","","","","","","","","","","11.0406061388561","11.8098075891696","12.2156598573511","11.9274283635435","11.9779933248966","11.8225842419954","9.99959927680726","12.1523439459502","10.8385804197128","12.6980031102139","12.7323768169909","11.4559169679525","11.0059302187391","","",
"Uzbekistan","UZB","Taxes on international trade (% of revenue)","GC.TAX.INTT.RV.ZS","","","","","","","","","","","","","","","","","","","","","","","","","","","","","","","","","","","","","","","","","","","","","","","","","","","","6.70513161428554","7.86914705152287","10.9337745731527","10.3192224284232","15.2540939809296","15.2213577106417","4.86966100387646","3.55559571474317","2.7020747919651","3.11368154234875","3.1440535925925","2.94930593225937","4.39685463449107","","",
"Uzbekistan","UZB","Prevalence of stunting, height for age (% of children under 5)","SH.STA.STNT.ZS","","","","","","","","","","","","","","","","","","","","","","","","","","","","","","","","","","","","","37.2","","","","","","24.9","","","","19.6","","","","","","","","","","","10.8","","","","6.5","","","","",
"Uzbekistan","UZB","Prevalence of stunting, height for age, male (% of children under 5)","SH.STA.STNT.MA.ZS","","","","","","","","","","","","","","","","","","","","","","","","","","","","","","","","","","","","","41.4","","","","","","25.4","","","","19.5","","","","","","","","","","","11.5","","","","6","","","","",
"Uzbekistan","UZB","People using safely managed sanitation services, rural (% of rural population)","SH.STA.SMSS.RU.ZS","","","","","","","","","","","","","","","","","","","","","","","","","","","","","","","","","","","","","","","","","81.1056711489611","81.3633929540708","81.5947302942507","81.8193235443913","82.0439167945321","82.2590053108343","82.4740938271367","82.689182343439","82.9042708597413","83.1193593760436","83.3344478923459","83.5495364086482","83.7646249249506","83.9797134412528","84.1948019575552","84.4098904738574","84.6249789901598","84.840067506462","85.0551560227644","85.2702445390667","85.485333055369","85.7004215716713","85.9155100879736","86.1305986042759","86.3456871205783","",
"Uzbekistan","UZB","Prevalence of overweight, weight for height (% of children under 5)","SH.STA.OWGH.ZS","","","","","","","","","","","","","","","","","","","","","","","","","","","","","","","","","","","","","18.1","","","","","","11","","","","12.2","","","","","","","","","","","4.6","","","","4.5","","","","",
"Uzbekistan","UZB","Prevalence of overweight, weight for height, male (% of children under 5)","SH.STA.OWGH.MA.ZS","","","","","","","","","","","","","","","","","","","","","","","","","","","","","","","","","","","","","17.3","","","","","","11.5","","","","12.6","","","","","","","","","","","5.4","","","","5.2","","","","",
"Uzbekistan","UZB","People practicing open defecation (% of population)","SH.STA.ODFC.ZS","","","","","","","","","","","","","","","","","","","","","","","","","","","","","","","","","","","","","","","","","0.0538739994827542","0.0533939975014431","0.0529120010933572","0.0524290010458064","0.051945999629985","0.0514629992392906","0.0509790005336053","0.0504950001249723","0.0500109989367889","0.0495280023042251","0.0490440004673952","0.0488499986586324","0.0489499988154393","0.0490499981086453","0.049150003269241","0.0492499994451101","0.0493500008384725","0.0494499983871755","0.0495220008717009","0.0495670027700615","0.0495840003108255","0.0495729986422172","0.0495340003997687","0.0494679977424042","0.0493740011683671","",
"Uzbekistan","UZB","Maternal mortality ratio (modeled estimate, per 100,000 live births)","SH.STA.MMRT","","","","","","","","","","","","","","","","","","","","","","","","","","72","69","63","58","53","50","47","46","47","49","46","44","42","42","43","42","42","41","40","39","39","38","37","35","34","34","33","33","32","32","31","31","30","29","29","29","28","27","26","","",
"Uzbekistan","UZB","People with basic handwashing facilities including soap and water (% of population)","SH.STA.HYGN.ZS","","","","","","","","","","","","","","","","","","","","","","","","","","","","","","","","","","","","","","","","","","","","","","","","","","","","","","","","","","","81.628008535724","81.6222244715198","81.6200334315822","81.6214486701763","81.6264651564585","81.6349509124457","81.6470390969804","",
"Uzbekistan","UZB","Diabetes prevalence (% of population ages 20 to 79)","SH.STA.DIAB.ZS","","","","","","","","","","","","","","","","","","","","","","","","","","","","","","","","","","","","","","","","","","","","","","","","","","","","6.4","","","","","","","","","","","","","7.5","",
"Uzbekistan","UZB","People using at least basic sanitation services (% of population)","SH.STA.BASS.ZS","","","","","","","","","","","","","","","","","","","","","","","","","","","","","","","","","","","","","","","","","93.3766111569877","93.5376880221384","93.6957052425144","93.8505894484885","94.0022883501432","94.1508115621162","94.2961900036945","94.4383835544442","94.5773829040307","94.7131786514005","94.8458120621379","94.9701820730614","95.0891018078637","95.2086769326238","95.3289091117186","95.4497993116875","95.5713512500574","95.6935576486234","95.8162707017891","95.9392204824787","96.0621184881157","96.1847033375418","96.30669347504","96.4278294703949","96.547826032469","",
"Uzbekistan","UZB","Pregnant women receiving prenatal care (%)","SH.STA.ANVC.ZS","","","","","","","","","","","","","","","","","","","","","","","","","","","","","","","","","","","","","94.9","","","","97.2","","","","","","99","","","","96.6","99.1","99.8","99.8","99.8","99.4","","","","","","","","","","",
"Uzbekistan","UZB","Number of surgical procedures (per 100,000 population)","SH.SGR.PROC.P5","","","","","","","","","","","","","","","","","","","","","","","","","","","","","","","","","","","","","","","","","","","","","","","","","","","","","","","","2584","","","","2620","","","","","","",
"Uzbekistan","UZB","Prevalence of current tobacco use, females (% of female adults)","SH.PRV.SMOK.FE","","","","","","","","","","","","","","","","","","","","","","","","","","","","","","","","","","","","","","","","","1.7","","","","","1.5","","1.5","","","1.4","","","","","1.2","","","","","1.1","","1.1","1","1","",
"Uzbekistan","UZB","Lifetime risk of maternal death (1 in: rate varies by country)","SH.MMR.RISK","","","","","","","","","","","","","","","","","","","","","","","","","","281","292","324","372","417","438","462","479","495","508","550","613","687","743","792","848","902","952","1004","1024","1047","1060","1059","1060","1104","1145","1196","1219","1181","1150","1154","1190","1214","1196","1147","1112","1096","1102","1131","","",
"Uzbekistan","UZB","Incidence of malaria (per 1,000 population at risk)","SH.MLR.INCD.P3","","","","","","","","","","","","","","","","","","","","","","","","","","","","","","","","","","","","","","","","","5.08","3.07","2.91","2.88","2.54","3.87","2.73","1.11","0.25","0","0.11","0","0","0","0","0","0","0","0","0","0","0","","0","0","",
"Uzbekistan","UZB","Community health workers (per 1,000 people)","SH.MED.CMHW.P3","","","","","","","","","","","","","","","","","","","","","","","","","","","","","","","","","","","","","","","","","","","","","","","","","","","","","","","","","","","","","","","","","","",
"Uzbekistan","UZB","Immunization, HepB3 (% of one-year-old children)","SH.IMM.HEPB","","","","","","","","","","","","","","","","","","","","","","","","","","","","","","","","","","","","","","","","","","","62","99","99","99","98","99","91","98","99","99","99","99","99","99","99","99","98","96","95","98","99","99","88","",
"Uzbekistan","UZB","Young people (ages 15-24) newly infected with HIV","SH.HIV.INCD.YG","","","","","","","","","","","","","","","","","","","","","","","","","","","","","","","","","","","","","","","","","","","","","","","","","","","","","","","","","","","","","","","","","","",
"Uzbekistan","UZB","Adults (ages 15-49) newly infected with HIV","SH.HIV.INCD","","","","","","","","","","","","","","","","","","","","","","","","","","","","","","","","","","","","","","","","","","","","","","","","","","","","","","","","","","","","","","","","","","",
"Uzbekistan","UZB","Children (0-14) living with HIV","SH.HIV.0014","","","","","","","","","","","","","","","","","","","","","","","","","","","","","","","","","","","","","","","","","","","","","","","","","","","","","","","","","","","","","","","","","","",
"Uzbekistan","UZB","People using at least basic drinking water services (% of population)","SH.H2O.BASW.ZS","","","","","","","","","","","","","","","","","","","","","","","","","","","","","","","","","","","","","","","","","87.3125968713833","87.8034451574225","88.2901754569752","88.7725462000596","89.2503477603566","89.7235443851792","90.1922179828623","90.6561809339035","91.1153784744922","91.5696691723267","92.0192259978027","92.4356757645122","92.8244223164543","93.2160214919193","93.6104838496586","94.007820761431","94.4080443889354","94.8111572515512","95.2185733603862","95.6274388152752","95.9578060001248","96.2897455645648","96.6228091774033","96.9565254047898","97.2904869756033","",
"Uzbekistan","UZB","Mortality rate, neonatal (per 1,000 live births)","SH.DYN.NMRT","","","","","","","","","","","","","","","","","","","","","","","","","","","","","","30.6","30.3","30.3","30.4","30.4","30.4","30.3","30.1","29.8","29.4","28.9","28.1","27.3","26.4","25.3","24.2","23.1","21.9","20.8","19.4","17.8","16.3","15","13.8","12.7","11.8","11","10.3","9.7","9.3","8.9","8.5","8.3","8","7.8","7.7","",
"Uzbekistan","UZB","Mortality rate, under-5, male (per 1,000 live births)","SH.DYN.MORT.MA","","","","","","","","","","","","","","","","","","","","136.6","127.6","119.2","111.3","104.3","98.2","92.7","88","84.1","81.2","79.2","78.1","77.7","77.8","77.8","77.5","76.8","75.9","74.6","73.1","70.9","68.3","65.4","62.1","58.5","54.8","51.1","47.3","43.7","40.2","36.9","33.8","30.9","28.4","26","24","22.3","20.8","19.5","18.5","17.7","17","16.4","15.9","15.5","15","",
"Uzbekistan","UZB","Women's share of population ages 15+ living with HIV (%)","SH.DYN.AIDS.FE.ZS","","","","","","","","","","","","","","","","","","","","","","","","","","","","","","","","","","","","","","41.1830011360116","41.3651233947042","41.5564913821944","41.7400528059901","41.9163245281181","42.0767993927621","42.2165546084591","42.3367989581312","42.4925154429861","42.6762829272909","42.8757581397545","43.0832529088","43.3171933378595","43.5939034677545","43.9011573575378","44.2627501808463","44.6452630373231","45.0097647229244","45.3203135204835","45.5878252553839","45.7975228892768","45.9515867332824","46.1127874113381","46.2621931598746","46.375312840326","46.456725664304","46.4934230869675","46.5092235633733","",
"Uzbekistan","UZB","Probability of dying among children ages 5-9 years (per 1,000)","SH.DYN.0509","","","","","","","","","","","","","","","","","","","","","","","","","","","","","","","3.6","3.6","3.6","3.6","3.5","3.5","3.4","3.2","3.1","2.9","2.7","2.5","2.3","2.2","2.1","2","1.9","1.9","1.9","1.9","1.9","1.9","1.9","1.9","1.9","1.9","1.9","1.8","1.8","1.8","1.8","2","2.2","2.5","2.9","",
"Uzbekistan","UZB","Number of under-five deaths","SH.DTH.MORT","","","","","","","","","","","","","","","","","","","","","","","","","53330","52428","51547","50344","48439","46916","46899","47987","48603","48071","46782","45565","44091","41760","38860","35982","33373","31002","29091","27280","25622","24061","22745","22161","21693","20618","18960","17245","15892","15179","14802","14250","13454","12690","12381","12419","12565","12800","12869","12767","12452","",
"Uzbekistan","UZB","Number of deaths ages 20-24 years","SH.DTH.2024","","","","","","","","","","","","","","","","","","","","","","","","","","","","","","","2496","2543","2612","2688","2774","2863","2950","3033","3102","3137","3126","3059","2940","2790","2664","2598","2590","2608","2619","2614","2605","2604","2613","2630","2654","2669","2637","2520","2333","2157","2049","2006","2016","2067","2129","",
"Uzbekistan","UZB","Condom use, population ages 15-24, male (% of males ages 15-24)","SH.CON.1524.MA.ZS","","","","","","","","","","","","","","","","","","","","","","","","","","","","","","","","","","","","","","","","","","","18","","","","","","","","","","","","","","","","","","","","","","","",
"Uzbekistan","UZB","Prevalence of anemia among women of reproductive age (% of women ages 15-49)","SH.ANM.ALLW.ZS","","","","","","","","","","","","","","","","","","","","","","","","","","","","","","","","","","","","","","","","","45.2","44","43","41.9","40.8","39.8","38.8","37.7","36.5","35.4","34.3","33.3","32.5","31.7","31.1","30.6","30.2","29.9","29.7","29.6","29.6","29.7","29.9","30.4","","",
"Uzbekistan","UZB","Women who believe a husband is justified in beating his wife when she refuses sex with him (%)","SG.VAW.REFU.ZS","","","","","","","","","","","","","","","","","","","","","","","","","","","","","","","","","","","","","","","","","","","","","","","","","","","","","","","","","","","","","","","","","","",
"Uzbekistan","UZB","Women who believe a husband is justified in beating his wife when she burns the food (%)","SG.VAW.BURN.ZS","","","","","","","","","","","","","","","","","","","","","","","","","","","","","","","","","","","","","","","","","","","","","","","","","","","","","","","","","","","","","","","","","","",
"Uzbekistan","UZB","Proportion of time spent on unpaid domestic and care work, female (% of 24 hour day)","SG.TIM.UWRK.FE","","","","","","","","","","","","","","","","","","","","","","","","","","","","","","","","","","","","","","","","","","","","","","","","","","","","","","","","","","","","","","","","","","",
"Uzbekistan","UZB","Government expenditure on education, total (% of GDP)","SE.XPD.TOTL.GD.ZS","","","","","","","","","","","","","","","","","","","","","","","","","","","","","","","","","","","","","","","","","","","","","","","","","","","","","","5.74191999435425","5.71325016021729","5.49444007873535","5.38089990615845","4.48249006271362","4.83589298172277","6.29534678547216","4.44021987915039","4.13580989837646","5.23477171022152","5.47287597270024","","",
"Uzbekistan","UZB","Expenditure on secondary education (% of government expenditure on education)","SE.XPD.SECO.ZS","","","","","","","","","","","","","","","","","","","","","","","","","","","","","","","","","","","","","","","","","","","","","","","","","","","","","","","","","","","","","","","","","","",
"Uzbekistan","UZB","Current education expenditure, total (% of total expenditure in public institutions)","SE.XPD.CTOT.ZS","","","","","","","","","","","","","","","","","","","","","","","","","","","","","","","","","","","","","","","","","","","","","","","","","","","","","","","","","","","100","","","97.5522308349609","","","","",
"Uzbekistan","UZB","Tertiary education, academic staff (% female)","SE.TER.TCHR.FE.ZS","","","","","","","","","","","","","","","","","","","","","","","","","","","","","","","","","","","","","","","","36.4496688842773","38.9398803710938","40.2732887268066","41.8488006591797","41.025218963623","36.3752784729004","42.2758598327637","39.8396186828613","36.1436996459961","39.3361396789551","37.6856002807617","35.0461418482735","38.2303114547587","38.3227650263464","41.8507620009662","42.5729328499914","41.4880150271551","42.4304468264483","41.9848921163557","41.9843071653324","43.5606060606061","43.1525900716646","44.1315871531026","44.558933733005","45.7558609539208","47.8409869773818","",
"Uzbekistan","UZB","Pupil-teacher ratio, tertiary","SE.TER.ENRL.TC.ZS","","","","","","","","","","","","","","","","","","","","","","","","","","","","","","","","14.78189","13.61197","","","","","","","16.96926","17.96735","20.07522","19.87221","19.47104","19.31256","13.26204","12.17326","12.35549","12.45304","12.61564","12.53013","12.05147","11.4286","11.40112","11.23999","10.71371","10.66598","11.74621","11.93428","","","","","","","",
"Uzbekistan","UZB","Educational attainment, at least Master's or equivalent, population 25+, total (%) (cumulative)","SE.TER.CUAT.MS.ZS","","","","","","","","","","","","","","","","","","","","","","","","","","","","","","","","","","","","","","","","","","","","","","","","","","","","","","","","","","","","","","","","","","",
"Uzbekistan","UZB","Educational attainment, Doctoral or equivalent, population 25+, male (%) (cumulative)","SE.TER.CUAT.DO.MA.ZS","","","","","","","","","","","","","","","","","","","","","","","","","","","","","","","","","","","","","","","","","","","","","","","","","","","","","","","","","","","","","","","","","","",
"Uzbekistan","UZB","Educational attainment, at least Bachelor's or equivalent, population 25+, female (%) (cumulative)","SE.TER.CUAT.BA.FE.ZS","","","","","","","","","","","","","","","","","","","","","","","","","","","","","","","","","","","","","","","","","","","","","","","","","","","","","","13.0820798873901","13.2874097824097","13.3493795394897","12.0048704147339","","12.7171297073364","13.3125896453857","","13.0923004150391","14.0666103363037","","","",
"Uzbekistan","UZB","Secondary education, teachers (% female)","SE.SEC.TCHR.FE.ZS","","","","","","","","","","","","","","","","","","","","","","","","","","","","","","","","","","","","","","","","57.0636787414551","56.6095695495605","58.462329864502","59.7654914855957","59.6329307556152","59.8063812255859","59.4085083007812","61.4688110351562","63.2904510498047","62.6775894165039","63.2205390930176","62.5827293395996","62.1077995300293","61.4849014282227","61.990528685661","61.0087331831621","63.9666078404156","63.7177927318157","63.5945942435578","64.2982587686412","65.3693585048831","66.5858081612441","67.7124928693668","67.4980904469671","68.3005074066027","62.7426644551471","63.9173775943886",
"Uzbekistan","UZB","Trained teachers in upper secondary education (% of total teachers)","SE.SEC.TCAQ.UP.ZS","","","","","","","","","","","","","","","","","","","","","","","","","","","","","","","","","","","","","","","","","","","","","","","","","","","","","","","","","100","93.4323425292969","100","100","100","100","100","100","100","100",
"Uzbekistan","UZB","Trained teachers in lower secondary education (% of total teachers)","SE.SEC.TCAQ.LO.ZS","","","","","","","","","","","","","","","","","","","","","","","","","","","","","","","","","","","","","","","","","","","","","","","","","","","","","","","75.2859210540707","74.8461236491841","75.2065031166843","99.0127584753244","100","100","100","100","100","100","100","100",
"Uzbekistan","UZB","Progression to secondary school (%)","SE.SEC.PROG.ZS","","","","","","","","","","","","","","","","","","","","","","","","","","","","","","","","","","","","","","","","","98.55804","99.59754","99.42679","99.41528","99.58556","99.79149","99.80826","99.93766","99.48352","99.40207","99.03309","99.42512","99.29054","99.50942","99.45412","99.49726","99.42321","99.70878","","","","","","","","",
"Uzbekistan","UZB","Net primary income (Net income from abroad) (constant LCU)","NY.GSR.NFCY.KN","","","","","","","","","","","","","","","","","","","","","","","","","","","","","","","","","","","","","","","","","","","","","","","","","","","","","","","","","","","","","","","","","","",
"Uzbekistan","UZB","Gross savings (% of GNI)","NY.GNS.ICTR.GN.ZS","","","","","","","","","","","","","","","","","","","","","","","","","","","","","","","","","","","","","","","","","","","","","","34.7314687519125","37.6481085705045","38.2446009950396","45.8843182333144","34.8932533653618","27.4943310410581","29.3536107198691","28.0955230885979","25.4030607634061","25.8348957142191","21.5299357755894","19.5595259597629","28.6938692320227","31.7252852553625","31.1288297596773","31.5889273055636","29.9735168863125","31.0426257758102","29.5583619718585","29.385932998755","29.4635687249285",
"Uzbekistan","UZB","GNI per capita, PPP (current international $)","NY.GNP.PCAP.PP.CD","","","","","","","","","","","","","","","","","","","","","","","","","","","","","","","2970","2980","2630","2570","2440","2420","2460","2570","2680","2790","2910","3050","3190","3360","3690","4020","4390","5060","5610","5850","6230","6780","6950","7350","7560","7810","7930","8240","8700","9000","8940","9750","10930","11790","12640","13640",
"Uzbekistan","UZB","GNI per capita (current LCU)","NY.GNP.PCAP.CN","","","","","","","","","","","","","","","","","","","","","","","","","","","","","","","1.58467968365043","2.93610476789721","20.5465511198696","231.651606527301","2878.51410552443","13178.230921237","23815.7850505274","40626.1995474549","58281.3199906244","86113.7355405342","129252.423059231","192773.515149271","288925.056240202","378484.949336787","469122.635793825","603117.602000988","787159.903821272","1084587.50196853","1499950.3971191","1814297.79341865","3151542.87372577","4079121.03339616","4915323.49422387","5913112.65229032","7066630.60581953","8267108.50167675","9357387.85946477","11810970.5767855","15660349.1683164","19007878.6748134","21040852.8268698","25259019.4850375","30140681.6430849","35719352.15124","42626100.8778539","50044554.8053106",
"Uzbekistan","UZB","GNI (constant LCU)","NY.GNP.MKTP.KN","","","","","","","","","","","","","","","","","","","","","","","","","","","","","","","","","","","","","","","","","","","","","","","","","","","","","","","","","","","","","","","","","","",
"Uzbekistan","UZB","GNI (current LCU)","NY.GNP.MKTP.CN","","","","","","","","","","","","","","","","","","","","","","","","","","","","","","","32430400","61549300","441444500","5093545100","64660900000","302013280000","556145760000","965236250000","1406615520000","2107720480000","3203786790000","4836742050000","7338690650000","9731324560000","12210957280000","15896355558000","21016416120000","29366299880000","41240797180000","50690261140000","89458139151400","117573305053300","143831719301600","175761744829000","213574734399900","254208179737600","292741836791800","375815375135500","506980157197000","626589037159500","706685910240500","864962184503700","1.05308391959707E+15","1.27347730873712E+15","1.5499642698403E+15","1.85432230827063E+15",
"Uzbekistan","UZB","Gross domestic savings (% of GDP)","NY.GDS.TOTL.ZS","","","","","","","","","","","","","","","","","","","","","","","","","","","","","","","","","43.9045792111272","7.2282022509689","20.0247851338521","23.9935096353117","15.9533412178333","18.7025378008456","20.6081524801611","16.8377758777823","24.8713908342548","23.6739284916655","24.0863600977155","26.8158980089395","31.4840959138733","34.0928005325496","35.1661641001851","33.1334125576446","34.6253996684612","30.5999076466919","22.7700424679583","23.7224362791997","21.7055684544843","19.6500573265801","20.0714151760324","18.0338248827868","15.4954688215572","21.5161674666233","23.1846607675791","22.6329831464635","24.4259838310405","21.9789361121611","18.828284499302","20.7179768377257","20.0001631279318","19.9494424972361",
"Uzbekistan","UZB","Oil rents (% of GDP)","NY.GDP.PETR.RT.ZS","","","","","","","","","","","","","","","","","","","","","","","","","","","","","","","3.73157855500742","2.04969945698757","2.16776430055131","2.46708564423504","1.74109759609166","2.95980522131581","3.209285723044","2.3219845290823","0.74227607189078","1.73054268013785","5.40046980305752","4.19019187872677","4.39304141489731","5.07436940546078","5.07540795828882","5.37160292421135","4.34214617853328","4.11571314211123","4.39931830334527","1.45083569447794","1.36556852378151","2.07023379383746","2.00160011940789","1.81098984495042","1.40801898329424","0.526675674638226","0.356801760612992","0.661950141993753","1.12073426200572","0.819211930906664","0.395640310697318","0.867176370586835","","","","",
"Uzbekistan","UZB","GDP per capita growth (annual %)","NY.GDP.PCAP.KD.ZG","","","","","","","","","","","","","","","","","","","","","","","","","","","","","6.16310993886114","0.425647010976832","-0.821590189756151","-2.85571795412295","-13.3582215361322","-4.53440108888297","-7.20602185350145","-2.86447069203824","-0.191816644156503","3.39797706295914","2.67523588013248","2.84655466460455","2.53200282225686","2.90496458528362","2.70575973852725","2.97071220194489","6.13592286636617","5.62058695275771","6.07475146177363","7.948870305745","7.36856523907178","6.33169102436078","5.90590026943734","6.48597744904724","5.74728187814682","6.2437627382201","5.93557285916549","6.09703163459466","4.88544792792544","2.94115209964183","3.91344009833303","4.87800830454302","-0.259354857453758","6.1274486675632","3.97489304786605","4.18879735936189","4.59454789720127","5.68950787978028",
"Uzbekistan","UZB","Natural gas rents (% of GDP)","NY.GDP.NGAS.RT.ZS","","","","","","","","","","","","","","","","","","","","","","","","","","","","","","","4.82786716694025","2.98310942862483","1.79627303783983","4.15944088282499","4.30130653782493","7.82798715575388","7.22864796010283","7.56461013695163","1.08190143918471","0.940519568054424","7.45483715071037","19.2375600474741","15.5837533463076","16.3929079886423","12.4022223973696","8.92774487104872","16.8322525714706","13.8895336856133","19.8143323526962","11.9048370778636","7.30039301916179","9.11244807652977","8.62348030793224","8.31707283634849","5.41544208670451","3.57728670528244","2.11753304648124","4.10458310863666","8.4367746464968","5.07447370101394","2.06722663890198","11.0412650689481","","","","",
"Uzbekistan","UZB","GDP growth (annual %)","NY.GDP.MKTP.KD.ZG","","","","","","","","","","","","","","","","","","","","","","","","","","","","","9.13858227515796","3.09129397309782","1.60000000583709","-0.492000005163135","-11.1999999973161","-2.30000000438953","-5.19999999306724","-0.90000000546128","1.700000003062","5.19999999656406","4.30000000106274","4.30000000179402","3.83500000014025","4.16383824998903","3.97348819235708","4.23262738154382","7.4490006055965","6.95000719569107","7.45141847621767","9.47300530544537","9.02916101784781","8.05093332733964","7.5971679610016","8.12793681625645","7.35682138899483","7.9217749261021","7.71373911707978","7.94477659311639","6.71108022628","4.70027401956061","5.72368380757618","6.79331098484522","1.62162281640448","8.20448512353877","6.08592335737373","6.31603004201926","6.67618796188361","7.69962477932913",
"Uzbekistan","UZB","GDP (current US$)","NY.GDP.MKTP.CD","","","","","","","","","","","","","","","","","","","","","","","","","","","","8523160592.61112","10722799639.3121","11948815258.1132","13362340337.8657","13800167711.5003","12953801760.2414","13099920055.9608","12899074922.38","13350461264.9969","13948892215.5689","14744603773.5849","14988971210.8383","17078465982.0282","13760513969.314","11401421329.1974","9687788512.80184","10134453435.4603","12030023547.8807","14307509838.8053","17330833852.919","22311393927.8817","29549438883.8338","33689223673.2577","55544226552.8467","67404618404.5392","75318846931.3239","82674178351.6216","91303765114.0144","97564568986.8161","97871364319.3985","72276404057.649","61318332402.7908","70170662562.6111","70127127133.2164","81170051810.5825","94286355836.1594","107526539716.318","121356065241.228","147038081129.405",
"Uzbekistan","UZB","Gross value added at basic prices (GVA) (constant 2015 US$)","NY.GDP.FCST.KD","","","","","","","","","","","","","","","","","","","","","","","","","","","","28413566188.0764","31010295303.6988","31969190440.694","32463804629.5035","32304484301.5849","28683003488.1689","28041569408.7314","26494777881.6782","26240322256.8712","26332570520.2151","27586800148.7445","28749645789.4446","30002235703.748","31135420147.9547","32463513273.6091","33839181464.5397","35342038188.9331","37931941255.4372","40379828265.3857","43454188560.6598","47620703654.2252","51728567521.1976","55646001395.1095","61040034863.118","66115219675.7102","71208804578.9557","76944764045.1566","83007837669.7875","89719176806.5085","95821070390.9763","100248108779.146","105968007462.037","113394262417.531","115230718558.796","124960119542.962","133238467897.275","141582709107.162","151074725034.741","162726933310.435",
"Uzbekistan","UZB","Discrepancy in expenditure estimate of GDP (current LCU)","NY.GDP.DISC.CN","","","","","","","","","","","","","","","","","","","","","","","","","","","","","","","","","","","","","","27190000000","-42000000","-40000000","0","0","0","0","-1000000","0","0","0","0","0","-1909249960290.6","947111519660.703","-1809429075553.01","-2256028063582.11","-4359356454669.9","-8908192117262.98","-12529034119078.1","2431615858381.88","23740355298528","-7684566200000","2722862800000","1791974300000","11393843300000","52499118077802","-71421055539295","-2",
"Uzbekistan","UZB","Inflation, GDP deflator (annual %)","NY.GDP.DEFL.KD.ZG","","","","","","","","","","","","","","","","","","","","","","","","","","","","","-1.30707973725619","1.3805332932893","3.9796893528446","90.7272799986184","712.149260299592","1078.88285465085","1238.59527057916","370.943953266934","81.5552546856372","66.0870678114848","38.9979555922979","44.1153632835812","47.2926152132159","45.2394762791819","45.4831275096352","26.7651832011078","15.9182742721741","21.4308665644834","23.4658082867025","21.8970999284027","26.791584982816","17.2615651342413","65.8342786593131","21.3770770085775","14.6605314723228","12.7552379061668","13.0983488588271","10.0029837381429","8.54828494143895","21.6414792151717","26.6261525236885","17.344640412252","11.8922745644335","12.8776093185007","14.0433065322102","13.9139742527294","14.0697338660497","11.8522829852429",
"Uzbekistan","UZB","Adjusted net savings, excluding particulate emission damage (current US$)","NY.ADJ.SVNX.CD","","","","","","","","","","","","","","","","","","","","","","","","","","","","","","","","","","","","","","","","","","","","","","675700017.204854","263734312.914286","2269395065.65228","4553391124.94749","4047308464.87067","6114539037.14699","7450536177.37217","8934258301.81748","8044818566.98539","11977963098.5481","10969358830.8107","9328621404.61218","8861871428.81403","5494917501.24441","7270537588.44742","6493350147.78621","2241335743.81669","","","","",
"Uzbekistan","UZB","Adjusted net national income per capita (constant 2015 US$)","NY.ADJ.NNTY.PC.KD","","","","","","","","","","","","","","","","","","","","","","","","","","","","","","","","","","","","","","","","","","","","","","","","","","","","","","","","2416.42223743748","","","","","","","","","","",
"Uzbekistan","UZB","Adjusted net national income (current US$)","NY.ADJ.NNTY.CD","","","","","","","","","","","","","","","","","","","","","","","","","","","","","","","","","","","","","","","13562081706.9499","15270034267.5468","11083711631.1423","8337127829.7759","7381962331.8735","7642566255.64775","9450651003.95275","11619354728.6379","12776494216.9178","17985834118.4352","22575730919.9581","27236828134.9799","40919563274.0509","48052039160.8417","54032504086.7659","59539164361.1457","67674861750.9334","74303403461.0591","73792830153.391","52546736512.288","42195515525.4447","48564113123.503","47785347371.4739","49922061225.8116","","","","",
"Uzbekistan","UZB","Adjusted savings: natural resources depletion (% of GNI)","NY.ADJ.DRES.GN.ZS","","","","","","","","","","","","","","","","","","","","","","","","","","","","","","","","","","","","","","","1.42795907186771","2.06851902432545","9.83367921342008","17.2758151935207","14.2721684973521","15.3850824112433","12.8323809507445","10.3085139195764","17.0939579207232","14.674892688177","19.5069752793442","12.4962256233057","9.44609386657345","12.2157912874243","11.4204170820215","10.2026494316462","7.1660970165002","4.7590524092482","3.9748906997361","5.85486421893807","10.8837010905329","7.05832164297769","6.32694592227649","13.9810194756618","","","","",
"Uzbekistan","UZB","Adjusted savings: energy depletion (current US$)","NY.ADJ.DNGY.CD","","","","","","","","","","","13747699.8316369","23075200.1908561","35909863.5993968","42438922.4984424","209862328.268727","247338355.965102","251678774.448885","241423617.264253","276374338.453768","758832700.099988","1198623718.36921","900635870.80015","500130348.758114","748480125.8282","805102461.657097","637574462.440166","605061242.9624","381077055.182155","293081629.395743","516673727.714509","879377841.465249","518323615.889169","405146467.797411","665896201.578986","584021115.486385","1100377374.4807","1060720421.90691","1059123663.20616","207011667.670063","342308833.608207","1318859037.14656","1927909180.59967","1349671831.29166","1525573085.97544","1471668510.74626","1400063184.21922","2509934677.79788","2792197367.4674","5089533980.81468","3160435902.94273","3037761383.05136","4729279941.3786","5143878303.88467","5422851493.41171","4006527204.33851","2554699780.79805","1522529644.83083","2102744016.80301","3656056559.16942","2528377141.4092","986168016.619761","5858979284.15965","","","","",
"Uzbekistan","UZB","Adjusted savings: consumption of fixed capital (current US$)","NY.ADJ.DKAP.CD","","","","","","","","","","","","","","","","","","","","","","","","","","","","","","","1050932494.74936","503780104.175505","590809125.999762","526570066.501985","640525462.563635","728061664.523925","798291372.599712","979387695.082356","1113295368.3662","1290635508.54106","1126173293.7889","925020442.301428","798863325.035298","834539862.434939","992834792.846444","1191468435.77188","1518027812.42226","1845763442.36652","2595610503.37596","3027422993.48639","4919213416.49974","5771139407.74544","6476573497.10947","7271987176.70085","8412065255.02532","9149489493.4348","9740348673.22602","7041690507.57847","6052662606.52175","7799920802.72607","8139996773.54423","9805130021.16117","","","","",
"Uzbekistan","UZB","Adjusted savings: carbon dioxide damage (current US$)","NY.ADJ.DCO2.CD","","","","","","","","","","","","","","","","","","","","","","","","","","","","","","","1427089633.1254","1518921281.11114","1514813021.84654","1606783672.91787","1594404510.99747","1500432911.25125","1585363314.67449","1667696000.50806","1990272364.19177","2067814864.53945","2298113089.85212","2439439903.11386","2617642235.06057","2561680628.82361","2754274413.40163","2773103945.40539","3123349760.53652","3156833203.16715","3458848020.94469","3218264559.30529","3607717284.03527","3836825573.90369","3515265272.88228","3615917703.27259","3531052374.55163","3448420391.95793","3778972977.80413","4098294130.98722","4406433570.30896","4759307806.44381","4663872349.9586","4970217378.13951","","","","",
"Uzbekistan","UZB","Services, value added (constant LCU)","NV.SRV.TOTL.KN","","","","","","","","","","","","","","","","","","","","","","","","","","","","18761097143475.8","19327076659699.8","19261692744994.2","17651613834380.1","16562562999307.5","15667002635371.3","15348736307138.2","14869326199075.6","14793611895946.6","15501978772275.1","16326390016330","17223201739856.9","18059308765301","19038441815316.9","20012024123745.3","20671296047658.2","21334778916154.5","22903313825126.5","24634772485348.6","26552792302961.8","29872490692655.8","33558160529147.4","35832917459353.1","37896845600000","42000458900000","45294343628376.5","48720595922778.7","52896232136356","57378135640095.8","61571826312161.7","65575007486945","69346039891958","74411229746281.3","73983582284201.6","82104692780441.9","89594322718714.1","95961439113386.3","103366268894742","112182525386096",
"Uzbekistan","UZB","Services, value added (current US$)","NV.SRV.TOTL.CD","","","","","","","","","","","","","","","","","","","","","","","","","","","","2687066324.93593","3590451261.4951","4337663601.42072","4628430160.69221","3662411099.45202","3838107280.81831","4163203193.66187","4278662931.9998","4627658845.07582","5178423153.69261","5388858867.92453","5455985520.74513","6234435173.2991","5118136861.23674","4357045301.97458","3671508263.65681","3793110548.3147","4473018053.3752","5299926321.27518","6578528533.45585","8870817108.30405","12219896875.9478","13935808736.2345","23892107124.4817","28658527822.7083","31937327039.6986","36202211929.6012","39102244266.3111","41140183122.8667","41096081546.1801","28593627918.0747","23409029245.3015","27248086977.3093","27171466905.8949","31915634090.5617","39584503840.9305","47915097068.3315","56218638319.1542","68357143087.4742",
"Uzbekistan","UZB","Other manufacturing (% of value added in manufacturing)","NV.MNF.OTHR.ZS.UN","","","","","","","","","","","","","","","","","","","","","","","","","","","","","","","","","","","","","","","","","","","","","","","","","","","","","","38.9894118123623","38.3811200211083","35.7419732621736","38.5523768895855","41.9354439214937","48.7470928777421","50.6744526603686","54.0723383387958","54.8162962462226","52.7373396543559","55.5363061454821","","",
"Uzbekistan","UZB","Industry (including construction), value added (% of GDP)","NV.IND.TOTL.ZS","","","","","","","","","","","","","","","","","","","","","","","","","","","","35.3404965345264","34.2945662535748","32.5623819141312","33.3141126843949","36.6821393582055","36.126464760699","31.2326868275451","24.2530549835382","24.1434498738884","26.0832065159454","22.8733761248119","22.4","21.0461041218419","20.2297579555228","19.9520841370069","19.3887412418459","20.445956928078","22.3056846912976","26.0120326061017","26.8384702412792","26.8627172756297","29.0650709010567","30.3526438159739","22.1622742240766","20.9577872359793","21.6212598815199","22.4454210400664","23.1082708333455","24.0318423015119","24.566866846542","13.3392465666927","29.650867498632","32.7358467114226","33.3913940291016","33.2412468981763","31.893484523486","31.1420713958264","32.0099854345535","32.5442025042326",
"Uzbekistan","UZB","Industry (including construction), value added (current LCU)","NV.IND.TOTL.CN","","","","","","","","","","","","","","","","","","","","","","","","","","","","9637000","10073000","9996000","10803900","22577600","160360500","1596785200","15734800000","73103300000","145823800000","223434000000","317219392000","448000000000","658600000000","982700000000","1444500000000","2012700000000","2734900000000","4142000000000","5669600000000","7572600000000","11326600000000","14986800000000","19525486200000","24233020555262.4","30774196000000","38875794700000","48758051200000","60210474900000","71296340900000","49303560200000","146716880000000","202989496900000","235434859900000","286263903300000","332291180600000","392952535300000","491491477900000","601953843800000",
"Uzbekistan","UZB","Manufacturing, value added (annual % growth)","NV.IND.MANF.KD.ZG","","","","","","","","","","","","","","","","","","","","","","","","","","","","","","","","","","","","","","","","","","","","","","","","","","","","8.58557459900486","6.45401058034778","12.6197534048875","8.16087603430165","6.66042756975504","7.36822413918274","3.63960981676566","504.640105656061","7.04555332627648","8.0853151734036","8.27184938159775","5.29682732569717","7.27395614004782","6.94011692378228","7.70394715573694",
"Uzbekistan","UZB","Industry (including construction), value added per worker (constant 2015 US$)","NV.IND.EMPL.KD","","","","","","","","","","","","","","","","","","","","","","","","","","","","","","","","7562.60721340101","6135.74041842524","5768.16715389314","5223.93281250797","4915.83697584509","5079.74097852073","5103.13370356957","5206.27705853352","5094.50451734758","4987.85460738928","4911.04680668986","4856.44201394099","4784.37517720473","4801.65765345202","4801.3051589232","4908.76635856407","5016.22290351152","5080.64839569681","5279.37625145489","6418.194425577","6595.99439542667","6980.77653258573","7591.66655357342","8094.35898405195","8698.06251608709","9055.86836090472","9445.65499714841","20483.6019267958","21468.9133743483","22250.3938319352","23340.6585884955","23174.7358031201","24040.7086738992","25146.3620458555","26714.9082433042",
"Uzbekistan","UZB","Agriculture, forestry, and fishing, value added (constant LCU)","NV.AGR.TOTL.KN","","","","","","","","","","","","","","","","","","","","","","","","","","","","9693828235893.26","10645788647978.7","10277827376951.1","10875764445490.8","11116890580555.8","10397693549322.5","10553658950540.6","10194834545405.6","10398731237172.3","9806003557376.28","10374751763175","10800116586221.9","11394122998848.5","11754063342947.8","12240440142666.5","12974588315242.1","13857406894442.3","15012328509415.2","15890971210601.6","17020823302969.4","18119618780924.1","18974297506586","20079150843789.5","21216393100000","22506000500000","24073037708313.1","25623135780961.9","27156285266096.6","28813353946159.6","30590566270260.4","30942816076045.9","31134746281469.8","32135444737228.9","33038918684079.5","34366713562875.9","35603994397276.8","37047436813356.6","38315242111557.2","39982424872565.8",
"Uzbekistan","UZB","Agriculture, forestry, and fishing, value added (current US$)","NV.AGR.TOTL.CD","","","","","","","","","","","","","","","","","","","","","","","","","","","","2173845095.95549","3005976175.61268","3720332798.13166","4424804285.12567","5118922700.24484","4551860411.0265","3613624565.36834","4430264480.58228","3744793906.39638","3119635728.54291","4157773584.90566","4017044284.50466","4956675224.64698","4135846823.61892","3417440218.52358","2918221655.85218","2884468878.04476","3181220565.14914","3767318992.93762","4346470646.14577","5184253015.48105","5818168031.54383","6277206915.84449","13375897880.5433","17841380159.4343","19520556372.8344","20312301385.3921","23149179133.1006","25132430322.5804","25166584990.1759","17894804876.3609","14080051598.9291","14829541889.5158","15127025839.8477","17371874300.8692","19220930194.9221","21142091891.7484","21515829023.7436","24348883263.1038",
"Uzbekistan","UZB","External balance on goods and services (constant LCU)","NE.RSB.GNFS.KN","","","","","","","","","","","","","","","","","","","","","","","","","","","","","","","","","","","","","","","","","","","","","","","","","","","-534844739830.199","-2808107189633.2","-5873615040031.3","-4507276269348.1","-4663195259948.3","-1443792404566.6","-209091919393","-156684988932.098","-8596682409168","-8888748973894.1","-9322663424654.09","-14158231431955.5","-14452079307389.3","-15932519741693.5","-17585390974366.8","-20988268281680",
"Uzbekistan","UZB","Imports of goods and services (constant LCU)","NE.IMP.GNFS.KN","","","","","","","","","","","","","","","","","","","","","","","","","","","","","","","","","","","","6584622901903","8381682376103.81","7778482564803.54","6007928327502.73","5527927029502.51","5207750340302.37","5541993003602.52","4998694830502.28","5445289445702.48","6906392295403.14","7210041468403.28","9430355161204.29","14329709065006.5","20031702499009.1","20567967685009.4","19713062884309","24803259667074.4","26744024825470.4","27592179366271.6","26094138758484.6","23338038941918.7","23043549983053.2","26208015700754.2","37296033736173.4","42299160377505.1","36015154597043.3","44438156311811.7","50493185994444.4","58200334661337","57348754676457.2","61751869013076.3",
"Uzbekistan","UZB","Imports of goods and services (current US$)","NE.IMP.GNFS.CD","","","","","","","","","","","","","","","","","","","","","","","","","","","","","","","","","","","","","","4436573584.90566","3425539796.78239","3149229781.7715","2668346083.94269","3089918748.11917","2715882345.29212","3265492000.74124","4187143838.30455","4537802576.95833","5365211006.46474","7751706398.20179","11400016681.832","11457877212.3743","12428121726.9322","15626794595.7249","16849481581.8869","17367231964.1099","16420970313.6597","14638435989.4343","14522253346.4813","16784675094.9635","23455563381.3022","26657560793.4445","22681149059.5377","27959658383.0977","35654761539.6622","42781543618.7628","43642721045.5993","51999343254.4106",
"Uzbekistan","UZB","Gross capital formation (constant 2015 US$)","NE.GDI.TOTL.KD","","","","","","","","","","","","","","","","","","","","","","","","","","","","","","","","","","","","","","","","","","","","","","","","","","","","","","","","23829746740.4692","","","","","","","","","","",
"Uzbekistan","UZB","Account ownership at a financial institution or with a mobile-money-service provider, male (% of population ages 15+)","FX.OWN.TOTL.MA.ZS","","","","","","","","","","","","","","","","","","","","","","","","","","","","","","","","","","","","","","","","","","","","","","","","","","","","23.8178070360844","","","42.1921844455598","","","38.3331690579668","","","","50.2356196575346","","","58.5397971163848","",
"Uzbekistan","UZB","Domestic credit to private sector (% of GDP)","FS.AST.PRVT.GD.ZS","","","","","","","","","","","","","","","","","","","","","","","","","","","","","","","","","","","","","","","","","","","","","","","","","","","","","","8.25654883409208","8.88087715154549","9.10833974051315","10.3447002844036","13.5626448855059","19.5520797822691","24.7978693544642","30.4841373867845","30.5429238565957","31.2555332746155","32.7949630932238","31.4511091127797","31.2090160739317",
"Uzbekistan","UZB","Risk premium on lending (lending rate minus treasury bill rate, %)","FR.INR.RISK","","","","","","","","","","","","","","","","","","","","","","","","","","","","","","","","","","","","","","","","","","","","","","","","","","","","","","","","","","","5.55158058033844","10.4091122044597","8.46326237872563","8.13420465988948","5.38682486489156","5.16552034752144","6.86160199153959","",
"Uzbekistan","UZB","Deposit interest rate (%)","FR.INR.DPST","","","","","","","","","","","","","","","","","","","","","","","","","","","","","","","","","","","","","","","","","","","","","","","","","","","","","","15.3673562997037","17.2858969321267","13.5877412535697","14.7511218004232","14.6728857315924","14.2555014048143","16.1559811741028","16.3109876908414","16.3177556422062","17.7259472276736","18.0170941772754","18.1215973161979","",
"Uzbekistan","UZB","Broad money growth (annual %)","FM.LBL.BMNY.ZG","","","","","","","","","","","","","","","","","","","","","","","","","","","","","","","","","","","","","","","","","","","","","","","","","","","","","","","15.7395157892315","24.2911855352605","23.4967284380081","40.2059506904501","14.1243831148292","13.8829478920437","17.7006473999362","29.6776167679218","30.174954487344","12.1643927892729","30.6377532137657","36.6395349471526",
"Uzbekistan","UZB","Claims on private sector (annual growth as % of broad money)","FM.AST.PRVT.ZG.M3","","","","","","","","","","","","","","","","","","","","","","","","","","","","","","","","","","","","","","","","","","","","","","","","","","","","","","","15.0968299156081","11.9972425732034","17.028695348247","38.5014462383719","63.6646620160669","68.2348743703324","64.2755430971983","42.9331029172086","43.1089838800973","46.6267955873838","32.5818049812144","34.0524438628724",
"Uzbekistan","UZB","Claims on other sectors of the domestic economy (annual growth as % of broad money)","FM.AST.DOMO.ZG.M3","","","","","","","","","","","","","","","","","","","","","","","","","","","","","","","","","","","","","","","","","","","","","","","","","","","","","","","23.1076230278451","23.5285280552757","28.9161778241065","108.675363898226","78.0459945386187","47.9851469468485","75.3509154013784","46.0380318056436","48.9909921208303","49.5491741486004","32.7161901662905","31.3463057725347",
"Uzbekistan","UZB","Total reserves (% of total external debt)","FI.RES.TOTL.DT.ZS","","","","","","","","","","","","","","","","","","","","","","","","","","","","","","","","","","","","","","","","23.3710540720521","","","","","","","","","","","","","","218.111679668703","198.019669926544","178.960947026614","171.405647857004","168.074995775128","148.298501563733","117.344302596316","93.9414997605802","78.835846636581","66.7513951897263","56.1272983802572","58.6948512837511","",
"Uzbekistan","UZB","Depositors with commercial banks (per 1,000 adults)","FB.CBK.DPTR.P3","","","","","","","","","","","","","","","","","","","","","","","","","","","","","","","","","","","","","","","","","","","","","241.466973443439","292.43439789437","306.494531307648","328.473861301181","380.213651288239","397.387205472713","443.349262308036","422.231179365826","446.253994491433","482.344192656733","517.419551177913","533.542473828482","562.860399025309","588.452277311309","614.497573549404","608.92264752618","643.100162163277","715.656123547925","794.870266476483","876.144300549459","896.651199685008","",
"Uzbekistan","UZB","Automated teller machines (ATMs) (per 100,000 adults)","FB.ATM.TOTL.P5","","","","","","","","","","","","","","","","","","","","","","","","","","","","","","","","","","","","","","","","","","","","","","","","","","","","","","","8.61000454902914","10.6374340603834","22.1563366138784","24.8433001783494","29.8483067189195","39.5121734245664","50.0016102213461","54.1201810976693","84.0068847803466","108.151160875206","119.387311454747","",
"Uzbekistan","UZB","Terrestrial protected areas (% of total land area)","ER.LND.PTLD.ZS","","","","","","","","","","","","","","","","","","","","","","","","","","","","","","","","","","","","","","","","","","","","","","","","","","","","","","3.4","3.4","3.4","3.4","3.4","3.4","3.4","5.8","5.8","5.8","9.5","9.5","14.1",
"Uzbekistan","UZB","Annual freshwater withdrawals, total (billion cubic meters)","ER.H2O.FWTL.K3","","","","","","","","","","","","","","","","","","","","","","","","","","","","","","","","","","","53.763","53.69904762","53.63509524","53.57114286","53.50719048","53.4432381","53.37928571","53.74","52.595","51.45","50.305","49.16","49.30444444","49.44888889","49.59333333","49.73777778","49.88222222","50.02666667","50.17111111","50.31555556","50.46","55.139","54.553","58.904","55.926","52.948","50","42.5","42.9","","","",
"Uzbekistan","UZB","Annual freshwater withdrawals, agriculture (% of total freshwater withdrawal)","ER.H2O.FWAG.ZS","","","","","","","","","","","","","","","","","","","","","","","","","","","","","","","","","","","93.65257084","93.17453718","92.70237097","92.23596483","91.77521399","91.32001623","90.87027174","90.42588313","90.32556574","90.22130726","90.11287077","90","90.160966","90.32466353","90.49116273","90.66053615","90.83285884","91.00820853","91.18666568","91.36831363","91.55323873","92.08139872","91.66055718","92.29202037","92.2766979","92.26137543","92.00779727","90.84668192","92.13483146","","","",
"Uzbekistan","UZB","Aquaculture production (metric tons)","ER.FSH.AQUA.MT","","","","","","","","","","","","","","","","","","","","","","","","","","","","","","","","","18751","19043","14559","10197","5006","7490","6966","6056","5652","3988","3824","3118","3093","3800","3800","4000","4100","5162","6654","8722.1","14832.8","23834.9","29275.4","36896.6","38055","52450","57384","81717","98003","131717","142957","145174","155819","",
"Uzbekistan","UZB","Population in largest city","EN.URB.LCTY","963900","1001171","1039937","1080205","1122090","1165478","1210606","1257482","1306241","1356749","1402740","1442307","1483048","1524822","1567833","1612058","1657593","1704284","1752357","1791114","1817916","1845044","1872615","1900598","1929038","1957824","1987080","2016773","2046952","2074934","2100363","2113647","2114347","2115046","2115746","2116446","2117148","2120104","2125364","2130637","2134602","2137218","2145056","2152922","2160828","2168742","2176695","2184677","2192700","2218383","2244402","2270727","2297397","2324306","2351568","2379149","2407093","2435365","2463969","2490334","2517381","2545159","2573758","2603243","2633661","2665076",
"Uzbekistan","UZB","Rural population living in areas where elevation is below 5 meters (% of total population)","EN.POP.EL5M.RU.ZS","","","","","","","","","","","","","","","","","","","","","","","","","","","","","","","0","","","","","","","","","","0","","","","","","","","","","","","","","","0","","","","","","","","","","",
"Uzbekistan","UZB","Total greenhouse gas emissions excluding LULUCF (% change from 1990)","EN.GHG.TOT.ZG.AR5","","","","","","","","","","","","","","","","","","","","","","","","","","","","","","","","-0.413037523294646","-6.41868890614304","-6.00761239186108","-7.84611962277539","-12.8600519789951","-10.1466896023013","-11.0884641806383","-1.35775361515075","-2.24958374519628","3.81397868505766","7.2513823581501","13.8536094515732","6.71388204408225","7.94202521980154","8.62292431792122","16.0733490908578","12.5134436360049","19.5855162325585","8.19137977206947","17.9326920425318","21.577411137183","14.6341523201494","14.2708141190198","9.15104855764723","6.13060442587479","12.1247961623054","15.2413910172305","13.6883944422553","16.2119066339097","21.4834665491695","28.9846937118408","26.7637284419232","29.5281383344783","39.4083758371823","",
"Uzbekistan","UZB","Nitrous oxide (N2O) emissions from Power Industry (Energy) (Mt CO2e)","EN.GHG.N2O.PI.MT.CE.AR5","","","","","","","","","","","0.0295","0.0295","0.0314","0.034","0.0359","0.0381","0.0394","0.0395","0.0418","0.0424","0.0436","0.0418","0.0431","0.0441","0.0445","0.0449","0.0472","0.0492","0.0493","0.0492","0.0536","0.0524","0.0475","0.0418","0.0388","0.0288","0.0304","0.0303","0.0319","0.0305","0.0323","0.0303","0.0309","0.0269","0.0311","0.0285","0.0311","0.0288","0.0322","0.0305","0.0282","0.0299","0.0335","0.0367","0.0378","0.0354","0.082","0.085","0.0821","0.0902","0.1012","0.1186","0.1212","0.175","0.1921","",
"Uzbekistan","UZB","Nitrous oxide (N2O) emissions from Fugitive Emissions (Energy) (Mt CO2e)","EN.GHG.N2O.FE.MT.CE.AR5","","","","","","","","","","","0.0017","0.0017","0.0018","0.0019","0.002","0.0021","0.0022","0.0023","0.0027","0.0028","0.0029","0.0029","0.0029","0.0029","0.0029","0.003","0.003","0.0031","0.0031","0.0031","0.0032","0.0032","0.0028","0.0018","0.0081","0.0089","0.0113","0.0102","0.0107","0.009","0.0113","0.0141","0.0178","0.0158","0.0149","0.0158","0.0167","0.0143","0.0169","0.0117","0.0126","0.0121","0.0149","0.0124","0.0108","0.0093","0.0086","0.0077","0.0092","0.0079","0.0071","0.0065","0.0062","0.0059","0.0065","",
"Uzbekistan","UZB","Carbon dioxide (CO2) emissions (total) excluding LULUCF (% change from 1990)","EN.GHG.CO2.ZG.AR5","","","","","","","","","","","","","","","","","","","","","","","","","","","","","","","","0.208598285223549","-6.5596221922921","-6.70502309676551","-11.0905928195887","-17.943519687392","-15.4272784298267","-15.5170687678231","-3.45606765248323","-2.83731210902486","2.8694583014609","3.73865693051574","7.06019550516452","0.873422216382203","3.35720442319094","-1.81786327152816","5.13791576915437","2.76989114094737","7.38071885456311","-2.61346198067474","6.21649482923412","8.46657187059554","-3.65066552786237","-5.03420323589361","-11.4927721906496","-15.8799844196556","-10.8292779073533","-7.49890108514908","-11.7779425498266","-9.96164356990116","-3.05686043546749","5.08965737321028","0.825007391277821","3.73646692227192","16.1789987595168","",
"Uzbekistan","UZB","Carbon intensity of GDP (kg CO2e per constant 2015 US$ of GDP)","EN.GHG.CO2.RT.GDP.KD","","","","","","","","","","","","","","","","","","","","","","","","","","","","3.67717219673693","3.45113131439843","3.38933397049962","3.61896031306885","3.64444004744644","3.82690289978473","3.91089859226684","3.93149448404416","3.66141693838089","3.71061294447759","3.52345381147539","3.86047091404117","3.72503632908066","3.79816369086121","3.67714598011669","3.64985547793785","3.29929163424944","3.14617100754275","2.79442997863172","2.78488946816194","2.48660873637767","2.38300632720522","2.00018098043938","2.02750293155971","1.91481809691583","1.5843483784295","1.44697191436539","1.25198902365257","1.10234997311917","1.09504740073517","1.08494996222415","0.978740842233456","0.935349755316789","0.991008621573266","0.992830397553401","0.897895078563187","0.868940481114308","0.912260181027571","",
"Uzbekistan","UZB","Carbon dioxide (CO2) net fluxes from LULUCF - Organic Soil (Mt CO2e)","EN.GHG.CO2.LU.OS.MT.CE.AR5","","","","","","","","","","","","","","","","","","","","","","","","","","","","","","","","","","","","","","","","","0","0","0","0","0","0","0","0","0","0","0","0","0","0","0","0","0","0","0","0","0","","","","","",
"Uzbekistan","UZB","Carbon dioxide (CO2) net fluxes from LULUCF - Deforestation (Mt CO2e)","EN.GHG.CO2.LU.DF.MT.CE.AR5","","","","","","","","","","","","","","","","","","","","","","","","","","","","","","","","","","","","","","","","","1.4","2.1798","2.9596","3.7394","4.5192","5.299","6.0788","6.8586","7.6384","8.4182","9.198","7.806","7.566","8.27","4.72","3.727","3.516","3.575","3.575","3.575","3.575","3.575","3.575","","","",
"Uzbekistan","UZB","Carbon dioxide (CO2) emissions from Building (Energy) (Mt CO2e)","EN.GHG.CO2.BU.MT.CE.AR5","","","","","","","","","","","24.2901","24.2901","25.7483","27.1686","28.5356","33.2695","31.842","33.2148","34.6228","36.0534","42.0606","44.4775","45.8206","47.2988","49.7617","51.8137","53.2233","55.1368","57.1622","58.1693","62.4673","64.0595","56.6056","59.2235","58.8202","38.3786","37.7844","41.3787","42.2722","43.702","46.1616","46.5627","48.954","46.5967","46.6349","44.6499","46.4127","44.9842","46.6628","41.3363","47.6118","48.4238","39.1559","38.5037","33.4693","29.69","33.5137","35.4075","28.0477","27.6286","37.6563","35.9912","31.2293","32.0635","36.6575","",
"Uzbekistan","UZB","Methane (CH4) emissions from Transport (Energy) (Mt CO2e)","EN.GHG.CH4.TR.MT.CE.AR5","","","","","","","","","","","0.0321","0.0318","0.0351","0.038","0.0399","0.0453","0.0486","0.0483","0.0493","0.0509","0.0546","0.0545","0.0543","0.0531","0.0531","0.0528","0.0563","0.0576","0.0581","0.0593","0.0826","0.0706","0.0548","0.0488","0.0425","0.0401","0.0459","0.053","0.0637","0.068","0.067","0.0684","0.0649","0.058","0.0584","0.0586","0.0604","0.0658","0.0617","0.0584","0.0582","0.0531","0.0462","0.0393","0.0374","0.0338","0.0301","0.0324","0.1087","0.1187","0.118","0.1356","0.1548","0.1521","0.1706","",
"Uzbekistan","UZB","Methane (CH4) emissions from Industrial Combustion (Energy) (Mt CO2e)","EN.GHG.CH4.IC.MT.CE.AR5","","","","","","","","","","","0.0006","0.0006","0.0006","0.0006","0.0007","0.0007","0.0007","0.0007","0.0008","0.0008","0.0008","0.0008","0.0008","0.0008","0.0008","0.0007","0.0007","0.0007","0.0007","0.0007","0.0005","0.0005","0.0004","0.0003","0.0003","0.0071","0.0062","0.0049","0.0087","0.0089","0.0091","0.0091","0.0096","0.009","0.0088","0.0085","0.0088","0.0086","0.0089","0.008","0.0091","0.0091","0.0074","0.0068","0.0059","0.0053","0.0057","0.0063","0.0066","0.0076","0.0065","0.0074","0.0085","0.0087","0.0098","",
"Uzbekistan","UZB","Total greenhouse gas emissions excluding LULUCF per capita (t CO2e/capita)","EN.GHG.ALL.PC.CE.AR5","","","","","","","","","","","6.6815029077661","6.5881044900178","6.70944956264311","6.83153136295113","6.98637468013313","7.33966583571846","7.23094133564594","7.26078787009792","7.37933481453494","7.40593182504231","7.66191359554866","7.66919579580509","7.68758607317763","7.73166000331196","7.77534941042691","7.79755841273835","7.85016716750144","7.88603528671579","7.79828299494929","7.64509690880841","7.9736941530683","7.75213460344962","7.10758949578522","6.97554638437272","6.69438418440112","6.20467100618656","6.27885916830782","6.10662251209649","6.66940847433195","6.51701045366548","6.8344144487683","6.97537767907999","7.31448607439848","6.77279552899374","6.7670226110141","6.72506234118293","7.09426176810907","6.78094422191041","7.09739239900644","6.31898161616486","6.77966071839621","6.88305349621881","6.39266352567705","6.2733209606425","5.89333075339922","5.63216206289396","5.8484649684151","5.9100332510161","5.73055917048177","5.75270195837663","5.90234336712521","6.14650065810653","5.92046041445716","5.92852799119002","6.25623678921366","",
"Uzbekistan","UZB","Droughts, floods, extreme temperatures (% of population, average 1990-2009)","EN.CLC.MDAT.ZS","","","","","","","","","","","","","","","","","","","","","","","","","","","","","","","","","","","","","","","","","","","","","","","","","","0.123694001358125","","","","","","","","","","","","","","","","",
"Uzbekistan","UZB","PM2.5 pollution, population exposed to levels exceeding WHO Interim Target-3 value (% of total)","EN.ATM.PM25.MC.T3.ZS","","","","","","","","","","","","","","","","","","","","","","","","","","","","","","","99.9965611905267","","","","","99.9895428699905","","","","","99.9978583189942","","","","","99.9950209632121","","","","","99.9964541233472","99.9980154373594","99.9896708694634","99.9949191371602","98.8696968734355","99.6283792584814","97.4777979711542","97.6814356621289","","","","","","","","",
"Uzbekistan","UZB","Energy use (kg of oil equivalent per capita)","EG.USE.PCAP.KG.OE","","","","","","","","","","","","","","","","","","","","","","","","","","","","","","","2315.79830531938","2291.7728480695","2098.83132080431","2130.91862562729","2062.21084114324","1713.58068520437","1744.87031595541","1746.59887028463","1789.4682125784","1842.93905906342","1871.11315536747","1868.13081503421","1912.25629372757","1827.88704189006","1784.51336428919","1666.13498733072","1699.2589205417","1638.45360927609","1660.63763265876","1492.27478472651","1596.92372277593","1607.25299014153","1391.81210442549","1354.11120586417","1242.64772787674","1167.29385071423","1211.94608494188","1255.97754648177","1276.08532865176","1289.0781755237","1351.14123572996","1465.18513514935","1381.80517132593","1394.09046714259","","",
"Uzbekistan","UZB","Fossil fuel energy consumption (% of total)","EG.USE.COMM.FO.ZS","","","","","","","","","","","","","","","","","","","","","","","","","","","","","","","97.0160739687461","99.0618878979736","99.2741498377613","99.2218473881392","99.3165207250324","","","","","","","","","","","","","","","","93.2411062746085","","","","","","0","0","0","0","0","0","0","0","","",
"Uzbekistan","UZB","GDP per unit of energy use (PPP $ per kg of oil equivalent)","EG.GDP.PUSE.KO.PP","","","","","","","","","","","","","","","","","","","","","","","","","","","","","","","1.28162009328675","1.30061826795043","1.25851123219158","1.21140329313003","1.18636351018117","1.41591132239157","1.41326177939115","1.48501204824239","1.50493774940328","1.52413667083434","1.57406305997568","1.65890576694141","1.69034250721446","1.85684635612697","2.07296617045398","2.41856853691386","2.59305436382102","2.98170536389998","3.21950537988534","3.83308427944132","3.83954058368552","4.14610608205017","4.94380949370837","5.35014392078546","6.0071929394141","6.59333508431989","6.48691092925231","6.45443290587488","6.6546758438378","6.9114253563897","6.60206341212848","6.62414620024632","7.82247618110016","8.37723663700011","","",
"Uzbekistan","UZB","Renewable electricity output (% of total electricity output)","EG.ELC.RNEW.ZS","","","","","","","","","","","","","","","","","","","","","","","","","","","","","","","11.8029294274301","11.1344964460445","12.3372159258314","14.9708030682211","14.9707112970711","13.0402714264641","14.3662343952971","12.5439701220307","12.5351039512354","12.5454585528201","12.5453459092655","12.4251965220292","12.5230277142337","15.6333347010792","18.1291374071913","18.1055281653205","18.5526502339335","13.0582930362572","22.6213708232108","18.6216394227891","15.5844155844156","15.3397469888645","15.2671755725191","14.8171177761522","14.5294370819361","14.1123458510416","13.8028850247799","13.328329496876","9.38713113711524","10.1802269758071","7.54255639097744","7.07677648080938","","","","",
"Uzbekistan","UZB","Electric power transmission and distribution losses (% of output)","EG.ELC.LOSS.ZS","","","","","","","","","","","","","","","","","","","","","","","","","","","","","","","9.38837106080781","9.36398043016708","9.36929150871128","9.07037783067814","9.07112970711297","8.73074410469306","8.9411920121535","8.70282711599427","9.03885925764668","9.24158603513257","9.2505654901626","15.3443566379616","16.4159766787457","17.6254564851668","18.3202881345701","16.8928983530893","13.4182650436473","13.3827100038767","14.7337608028994","15.3044727860607","17.2833092833093","16.6900234830695","16.3377626990859","16.7739575713241","16.4912217778814","15.707517592141","15.5014731679071","16.1624465636304","7.67298397354363","7.40268530323779","15","3.35187702310721","4.54967752359666","4.92546550425143","","",
"Uzbekistan","UZB","Access to electricity (% of population)","EG.ELC.ACCS.ZS","","","","","","","","","","","","","","","","","","","","","","","","","","","","","","","","","","","","","99.6","99.3797454833984","99.449348449707","99.5141143798828","99.6","99.6","99.7","99.5","99.5","99.4","99.5","99.5","99.5","99.5","99.6","99.7","99.7","99.8","99.8","99.9","99.9","100","100","100","100","99.9","100","100","100","",
"Uzbekistan","UZB","Access to clean fuels and technologies for cooking (% of population)","EG.CFT.ACCS.ZS","","","","","","","","","","","","","","","","","","","","","","","","","","","","","","","","","","","","","","","","","83","83.5","83.9","84.2","84.6","85.1","85.2","85.2","85.4","85.4","85.4","85.3","85.2","84.7","84.5","84.2","83.4","83.2","82.25","81.95","80.7","79.8","79","78.1","","",
"Uzbekistan","UZB","Multilateral debt service (TDS, current US$)","DT.TDS.MLAT.CD","","","","","","","","","","","","","","","","","","","","","","","","","","","","","","","","","","","212000","4301073.6","19094870.9","82977372.1","17358000","23798000","54564000","70621000","70815000","78625000","88053000","99381824.6","125042994.1","109327389.4","112885528.3","104469317.5","111181354.6","114330745.1","119036735.8","129552936.5","156165011.8","168106229.1","193443886.3","218958267.9","260269768.7","369744867.1","412634538.6","512385029.2","590236101.7","1166082284.7","1504678362.5","",
"Uzbekistan","UZB","Unemployment, male (% of male labor force) (modeled ILO estimate)","SL.UEM.TOTL.MA.ZS","","","","","","","","","","","","","","","","","","","","","","","","","","","","","","","","1.619","2.471","3.219","4.962","5.471","7.721","8.063","10.068","10.279","9.692","9.048","8.361","7.636","6.848","6.039","5.203","4.353","4.313","4.49","4.75","5.047","4.968","4.975","5.209","5.272","5.285","5.977","5.099","4.2","3.967","4.303","3.268","3.25","3.252","3.499",
"Uzbekistan","UZB","Share of youth not in education, employment or training, total (% of youth population)","SL.UEM.NEET.ZS","","","","","","","","","","","","","","","","","","","","","","","","","","","","","","","","","","","","","","","","","","","","","","","","","","","","","","","","","","","","","","","","","","",
"Uzbekistan","UZB","Share of youth not in education, employment or training, female (% of female youth population)","SL.UEM.NEET.FE.ZS","","","","","","","","","","","","","","","","","","","","","","","","","","","","","","","","","","","","","","","","","","","","","","","","","","","","","","","","","","","","","","","","","","",
"Uzbekistan","UZB","Unemployment with intermediate education, female (% of female labor force with intermediate education)","SL.UEM.INTM.FE.ZS","","","","","","","","","","","","","","","","","","","","","","","","","","","","","","","","","","","","","","","","","","","","","","","","","","","","","","","","","","","","","9.274","","","","","",
"Uzbekistan","UZB","Unemployment with advanced education (% of total labor force with advanced education)","SL.UEM.ADVN.ZS","","","","","","","","","","","","","","","","","","","","","","","","","","","","","","","","","","","","","","","","","","","","","","","","","","","","","","","","","","","","","1.508","","","","","",
"Uzbekistan","UZB","Unemployment, youth total (% of total labor force ages 15-24) (national estimate)","SL.UEM.1524.NE.ZS","","","","","","","","","","","","","","","","","","","","","","","","","","","","","","","","","","","","","","","","","","","","","","","","","","","","","","","","","","","","","13.184","","","","","",
"Uzbekistan","UZB","Unemployment, youth female (% of female labor force ages 15-24) (national estimate)","SL.UEM.1524.FE.NE.ZS","","","","","","","","","","","","","","","","","","","","","","","","","","","","","","","","","","","","","","","","","","","","","","","","","","","","","","","","","","","","","21.448","","","","","",
"Uzbekistan","UZB","Part time employment, male (% of total male employment)","SL.TLF.PART.MA.ZS","","","","","","","","","","","","","","","","","","","","","","","","","","","","","","","","","","","","","","","","","","","","","","","","","","","","","","","","","","","","","","","","","","",
"Uzbekistan","UZB","Labor force with intermediate education, female (% of female working-age population with intermediate education)","SL.TLF.INTM.FE.ZS","","","","","","","","","","","","","","","","","","","","","","","","","","","","","","","","","","","","","","","","","","","","","","","","","","","","","","","","","","","","","38.272","","","","","",
"Uzbekistan","UZB","Labor force participation rate, male (% of male population ages 15+) (national estimate)","SL.TLF.CACT.MA.NE.ZS","","","","","","","","","","","","","","","","","","","","","","","","","","","","","","","","","","","","","","","","","","","41.881","41.496","39.867","41.069","41.636","","","74.8","74.6","74.3","74.5","74.5","75.3","75.6","76.1","76.9","","81.5","73.144","","","","","",
"Uzbekistan","UZB","Labor force participation rate, female (% of female population ages 15+) (national estimate)","SL.TLF.CACT.FE.NE.ZS","","","","","","","","","","","","","","","","","","","","","","","","","","","","","","","","","","","","","","","","","","","32.742","33.218","37.202","37.518","38.119","","","67.5","66.6","64.9","65.3","66.3","67.1","67.9","68.6","69.9","","67.6","39.919","","","","","",
"Uzbekistan","UZB","Labor force with advanced education (% of total working-age population with advanced education)","SL.TLF.ADVN.ZS","","","","","","","","","","","","","","","","","","","","","","","","","","","","","","","","","","","","","","","","","","","","","","","","","","","","","","","","","","","","","72.687","","","","","",
"Uzbekistan","UZB","Labor force participation rate, male (% of male population ages 15-64) (modeled ILO estimate)","SL.TLF.ACTI.MA.ZS","","","","","","","","","","","","","","","","","","","","","","","","","","","","","","","77.838","78.787","79.305","79.825","80.2","80.307","80.024","79.839","79.689","79.553","79.032","78.719","78.132","77.686","77.305","76.876","76.223","75.775","75.541","76.028","75.817","76.206","76.449","76.499","76.803","77.162","77.489","77.574","77.808","77.968","76.596","77.291","79.38","79.544","79.634","79.546",
"Uzbekistan","UZB","Labor force participation rate for ages 15-24, male (%) (modeled ILO estimate)","SL.TLF.ACTI.1524.MA.ZS","","","","","","","","","","","","","","","","","","","","","","","","","","","","","","","56.843","58.244","58.963","59.591","59.825","59.721","58.99","58.275","57.79","57.359","56.238","55.581","54.314","53.423","52.526","51.708","50.475","49.544","48.992","49.723","48.907","49.229","49.096","48.603","48.59","48.568","48.423","47.68","47.263","46.732","45.516","45.683","47.21","47.296","47.392","47.399",
"Uzbekistan","UZB","Children in employment, total (% of children ages 7-14)","SL.TLF.0714.ZS","","","","","","","","","","","","","","","","","","","","","","","","","","","","","","","","","","","","","","","","","18.09417","","","","","5.1","5.1","","","","","","","","","","","","","","","","","","","",
"Uzbekistan","UZB","Average working hours of children, working only, male, ages 7-14 (hours per week)","SL.TLF.0714.WK.MA.TM","","","","","","","","","","","","","","","","","","","","","","","","","","","","","","","","","","","","","","","","","","","","","","","","","","","","","","","","","","","","","","","","","","",
"Uzbekistan","UZB","Average working hours of children, study and work, ages 7-14 (hours per week)","SL.TLF.0714.SW.TM","","","","","","","","","","","","","","","","","","","","","","","","","","","","","","","","","","","","","","","","","","","","","","4.2","","","","","","","","","","","","","","","","","","","","",
"Uzbekistan","UZB","Average working hours of children, study and work, female, ages 7-14 (hours per week)","SL.TLF.0714.SW.FE.TM","","","","","","","","","","","","","","","","","","","","","","","","","","","","","","","","","","","","","","","","","","","","","","4.1","","","","","","","","","","","","","","","","","","","","",
"Uzbekistan","UZB","Employment in services, male (% of male employment) (modeled ILO estimate)","SL.SRV.EMPL.MA.ZS","","","","","","","","","","","","","","","","","","","","","","","","","","","","","","","","37.4156435248944","37.5898310640958","37.6685345474767","37.551983471705","37.7694743593197","38.0757541093453","38.1780871217085","38.6312548646476","38.9737725653357","39.3317941315739","39.7601682865849","40.144909521622","40.5672046125855","41.0268012015744","41.4994333208652","41.9103632531479","42.3692512179483","42.8506473935294","43.1883703129715","43.5358432909527","43.213346117427","43.6386252893874","43.1408442552054","42.7882627964584","42.9026425569213","42.9390131519728","43.605454665732","46.9445212208246","47.0029554711702","46.0001142794649","45.8893575808423","45.9372216302574","45.9726087617419","46.060167925221","46.1333384895008",
"Uzbekistan","UZB","Child employment in services, female (% of female economically active children ages 7-14)","SL.SRV.0714.FE.ZS","","","","","","","","","","","","","","","","","","","","","","","","","","","","","","","","","","","","","","","","","","","","","","","","","","","","","","","","","","","","","","","","","","",
"Uzbekistan","UZB","Child employment in manufacturing (% of economically active children ages 7-14)","SL.MNF.0714.ZS","","","","","","","","","","","","","","","","","","","","","","","","","","","","","","","","","","","","","","","","","","","","","","","","","","","","","","","","","","","","","","","","","","",
"Uzbekistan","UZB","Employment in industry, male (% of male employment) (modeled ILO estimate)","SL.IND.EMPL.MA.ZS","","","","","","","","","","","","","","","","","","","","","","","","","","","","","","","","22.3805282887614","21.8915606783254","21.6527147491046","21.2202486462385","21.0663927632137","20.9829821117586","21.0733206596833","21.275531839812","21.6898514294796","21.9581782780247","22.2726798890606","22.638311670765","23.0541574080849","23.6413830989885","24.2204406594673","24.9057932796851","25.6883189937601","26.4626709816087","27.2462526171394","27.8274708743172","27.9565189591578","28.0083973556274","28.0676961772565","28.1593117540807","28.2057636999469","28.3916565842527","28.2011700290815","26.8186864028697","27.3158563298146","27.4097453349709","28.0259678405606","28.4212489267603","28.8306913705364","29.2363288072366","29.6226790341025",
"Uzbekistan","UZB","Contributing family workers, male (% of male employment) (modeled ILO estimate)","SL.FAM.WORK.MA.ZS","","","","","","","","","","","","","","","","","","","","","","","","","","","","","","","","8.10138583013194","8.29760048510048","8.48091089031493","8.79894953429615","8.91040145257395","8.95867227606067","8.97963380579788","8.8940103130029","8.7565060648239","8.57263810799483","8.33221158323778","8.05849343817836","7.74786927205767","7.39357851511767","7.01209718819525","6.61618431886651","6.20205046937658","5.77239695437345","5.35893237699646","4.96632772929972","4.63215934882216","4.33531683423734","4.0572815061735","3.80418179468199","3.56879418636505","3.35310440772792","3.15263248851176","2.9477247987374","2.74712103726967","2.74581571320331","2.44541906798603","2.22095653649521","2.02070997679499","1.80702984518486","1.5904273826109",
"Uzbekistan","UZB","Children in employment, unpaid family workers, female (% of female children in employment, ages 7-14)","SL.FAM.0714.FE.ZS","","","","","","","","","","","","","","","","","","","","","","","","","","","","","","","","","","","","","","","","","","","","","","80.19","80.19","","","","","","","","","","","","","","","","","","","",
"Uzbekistan","UZB","Vulnerable employment, total (% of total employment) (modeled ILO estimate)","SL.EMP.VULN.ZS","","","","","","","","","","","","","","","","","","","","","","","","","","","","","","","","39.9485038185186","39.7641062700238","39.9914055036506","40.4324208272147","40.4244223205988","40.3506675122475","40.339084983268","40.3360482503133","40.1525187195411","39.8781797952587","39.6041851940602","39.3010634398523","38.9380557567654","38.5264060050159","38.0810304453204","37.7025594928673","37.3451821478749","36.9466549954345","36.5646254898557","36.2545791487383","35.9569096826787","35.6919366152334","35.4441276833098","35.1726595527331","34.9526574951007","34.7450577614768","34.5170415189751","34.2025804450226","33.9563961320338","34.3792121975206","34.0098950743511","33.8797391600532","33.7413811548802","33.5316704367198","33.3153752367206",
"Uzbekistan","UZB","Employment to population ratio, 15+, total (%) (national estimate)","SL.EMP.TOTL.SP.NE.ZS","","","","","","","","","","","","","","","","","","","","","","","","","","","","","","","","","","","","","","","","","","","37.299","37.395","38.685","39.291","39.876","40.829","","67.6","66.9","66.2","66.6","67.1","67.7","68.2","68.7","69.2","67.4","68.1","53.241","","","","","",
"Uzbekistan","UZB","Employment to population ratio, 15+, female (%) (national estimate)","SL.EMP.TOTL.SP.FE.NE.ZS","","","","","","","","","","","","","","","","","","","","","","","","","","","","","","","","","","","","","","","","","","","32.742","33.218","37.202","37.518","38.119","37.642","","63.5","62.4","61.7","62.2","63.2","63.8","64.5","65.2","66","","58.9","36.856","","","","","",
"Uzbekistan","UZB","Self-employed, female (% of female employment) (modeled ILO estimate)","SL.EMP.SELF.FE.ZS","","","","","","","","","","","","","","","","","","","","","","","","","","","","","","","","38.683687547998","38.1468274887202","37.6686923476959","37.0818307171229","36.7314821746503","36.2755206307283","35.9376035786977","35.5690012384449","35.2698167003488","34.9769542261123","34.7053700887321","34.4470812217717","34.1512226490332","33.8773165414341","33.571928968609","33.296393636245","33.0386187853261","32.7642882991004","32.4816926714262","32.1911968308982","31.9772377709006","31.802296873339","31.6415121442445","31.4459703471532","31.2925276788169","31.1403678367169","30.9952096703458","30.785370540111","30.6241225756518","30.7437681709235","30.4100924153522","30.7743413310662","30.654606259984","30.5071570549882","30.3555361995552",
"Uzbekistan","UZB","Employment to population ratio, ages 15-24, total (%) (modeled ILO estimate)","SL.EMP.1524.SP.ZS","","","","","","","","","","","","","","","","","","","","","","","","","","","","","","","","44.127","43.897","42.468","40.499","40.019","36.746","36.092","33.539","33.194","33.452","33.808","33.865","34.147","34.416","34.759","34.743","34.935","34.505","34.781","33.891","34.467","34.331","33.938","33.692","33.653","33.547","32.51","32.533","32.473","31.033","31.273","33.143","33.294","33.372","33.19",
"Uzbekistan","UZB","Employment to population ratio, ages 15-24, female (%) (modeled ILO estimate)","SL.EMP.1524.SP.FE.ZS","","","","","","","","","","","","","","","","","","","","","","","","","","","","","","","","31.215","30.971","28.264","25.94","25.587","22.099","21.821","19.299","19.253","20.031","20.736","21.244","21.779","22.44","23.068","23.316","23.757","23.442","23.609","22.868","24.07","24.008","23.69","23.521","23.477","23.379","22.575","22.131","21.677","19.773","20.463","21.742","21.994","22.067","21.957",
"Uzbekistan","UZB","Employment in agriculture, female (% of female employment) (modeled ILO estimate)","SL.AGR.EMPL.FE.ZS","","","","","","","","","","","","","","","","","","","","","","","","","","","","","","","","36.0367750629359","36.19296878185","35.9292769426342","36.1385386978921","35.8283750663182","35.4728846511343","35.2582910016147","34.3180929693638","33.4816716439044","32.9078462031914","32.1495496919528","31.4167856867749","30.6211063893492","29.7159496871148","28.7824575961353","27.8154698936893","26.7331325131215","25.630981906589","24.6652184543625","23.8282350297768","24.2886870673087","23.7744311413423","24.5558996373651","25.0850097575562","25.1708106352111","25.1277517238565","25.2485297857349","27.4148290357033","27.1039740599694","28.3217589746652","28.7054693756994","28.2733749508248","27.8545380675378","27.393577681665","26.955641105621",
"Uzbekistan","UZB","Prosperity gap (average shortfall from a prosperity standard of $28/day)","SI.SPR.PGAP","","","","","","","","","","","","","","","","","","","","","","","","","","","","","","","","","","","","","","","26.2","","29.8","","26.2","29.1","","","","","","","","","","","","","","","","","","3.8","3.6","3.2","2.8","2.4",
"Uzbekistan","UZB","Survey mean consumption or income per capita, bottom 40% of population (2021 PPP $ per day)","SI.SPR.PC40","","","","","","","","","","","","","","","","","","","","","","","","","","","","","","","","","","","","","","","","","","","","","","","","","","","","","","","","","","","","","","","","","","",
"Uzbekistan","UZB","Poverty headcount ratio at $8.30 a day (2021 PPP) (% of population)","SI.POV.UMIC","","","","","","","","","","","","","","","","","","","","","","","","","","","","","","","","","","","","","","","97.6","","99.6","","99.6","99.7","","","","","","","","","","","","","","","","","","38.1","32.4","24.6","20.7","12.4",
"Uzbekistan","UZB","Multidimensional poverty headcount ratio (UNDP & OPHI) (% of population)","SI.POV.MPUN","","","","","","","","","","","","","","","","","","","","","","","","","","","","","","","","","","","","","","","","","","","","","","","","","","","","","","","","","","","","","","1.7","","","","",
"Uzbekistan","UZB","Poverty gap at $3.00 a day (2021 PPP) (%)","SI.POV.GAPS","","","","","","","","","","","","","","","","","","","","","","","","","","","","","","","","","","","","","","","43.1","","57","","54.3","56.5","","","","","","","","","","","","","","","","","","1.5","1.6","1.6","1","0.8",
"Uzbekistan","UZB","Proportion of people living below 50 percent of median income (%)","SI.DST.50MD","","","","","","","","","","","","","","","","","","","","","","","","","","","","","","","","","","","","","","","20.9","","11.3","","7.9","10.5","","","","","","","","","","","","","","","","","","13.3","13.4","14.4","14.3","12.3",
"Uzbekistan","UZB","Income share held by third 20%","SI.DST.03RD.20","","","","","","","","","","","","","","","","","","","","","","","","","","","","","","","","","","","","","","","14.8","","15.8","","16.1","15.8","","","","","","","","","","","","","","","","","","17.1","17.7","16.9","16.7","17.1",
"Uzbekistan","UZB","UHC service coverage sub-index on infectious diseases","SH_UHC_SCI_ID","","","","","","","","","","","","","","","","","","","","","","","","","","","","","","","","","","","","","","","","","93","94","94","94","94","94","94","94","94","95","95","95","95","95","95","95","95","96","96","96","96","96","96","96","","",
"Uzbekistan","UZB","Proportion of population facing large (but non-impoverishing) out-of-pocket health expenditure (%)","SH_UHC_FH40_LARGE","","","","","","","","","","","","","","","","","","","","","","","","","","","","","","","","","","","","","","","","","1.22","","1.37","1.36","","","","","","","","","","","","","","","","","","","","","","",
"Uzbekistan","UZB","Domestic private health expenditure per capita, PPP (current international $)","SH.XPD.PVTD.PP.CD","","","","","","","","","","","","","","","","","","","","","","","","","","","","","","","","","","","","","","","","","97.1955629660445","104.790625250754","109.463158754696","110.735150975131","113.398228243246","118.106862395787","124.509253179108","137.226813289563","148.534096657992","163.53976148896","170.493447672301","183.415599819603","193.787864640571","206.958267254293","134.361722442196","157.288291340001","180.881459030621","193.522195128269","225.818796517663","241.100931010295","276.701525057025","389.348493393707","449.667558142667","483.341008953943","","",
"Uzbekistan","UZB","Out-of-pocket expenditure per capita (current US$)","SH.XPD.OOPC.PC.CD","","","","","","","","","","","","","","","","","","","","","","","","","","","","","","","","","","","","","","","","","21.64084138","18.53479574","15.2116903","15.1892723","16.69074963","18.73637438","21.60457527","27.26145381","35.13018007","40.59857043","53.90905584","63.91990009","71.96194022","78.87119141","53.78488941","64.19928985","70.95870442","52.95509877","49.80078288","56.89124751","63.88990019","94.35871247","111.8372093","123.06976657","","",
"Uzbekistan","UZB","Domestic general government health expenditure (% of general government expenditure)","SH.XPD.GHED.GE.ZS","","","","","","","","","","","","","","","","","","","","","","","","","","","","","","","","","","","","","","","","","6.10871267","6.64425468","5.58452082","6.01096392","6.13769007","6.46768093","7.8006072","7.23850489","7.23448753","7.26864672","8.03938007","8.83177662","9.76258659","9.51825428","9.30243683","9.59653759","8.82013798","8.99117374","7.82814789","8.27828789","10.79321957","9.89793396","7.12650585","7.89534664","","",
"Uzbekistan","UZB","External health expenditure per capita (current US$)","SH.XPD.EHEX.PC.CD","","","","","","","","","","","","","","","","","","","","","","","","","","","","","","","","","","","","","","","","","0","0.0003281","4.552E-05","0.98769561","0.76403345","1.29306784","0.79635429","0.86631424","0.93107783","1.08998522","1.39187077","1.89341556","1.62272698","2.22640784","2.27435252","1.82526382","1.25183045","0.98527385","0.66890844","0.05233553","0.05815887","0.0395834","0.35934956","0.20033982","","",
"Uzbekistan","UZB","Current health expenditure (% of GDP)","SH.XPD.CHEX.GD.ZS","","","","","","","","","","","","","","","","","","","","","","","","","","","","","","","","","","","","","","","","","5.13293362","5.23737431","5.14164925","5.1882515","4.84063768","4.781991","4.75141335","4.54267979","4.70447445","4.79649639","5.29938841","5.26245499","5.54822111","5.71896601","4.43092394","4.73596573","4.71504498","4.30888557","4.55261564","4.83520985","6.08597755","6.92742586","6.61703825","6.74312878","","",
"Uzbekistan","UZB","Tuberculosis treatment success rate (% of new cases)","SH.TBS.CURE.ZS","","","","","","","","","","","","","","","","","","","","","","","","","","","","","","","","","","","","","","","","","80","76","80","85","89","85","86","81","86","86","86","85","84","83","87","89","88","89","92","90","91","89","88","77","","",
"Uzbekistan","UZB","Prevalence of wasting, weight for height (% of children under 5)","SH.STA.WAST.ZS","","","","","","","","","","","","","","","","","","","","","","","","","","","","","","","","","","","","","12.7","","","","","","9","","","","4.4","","","","","","","","","","","1.8","","","","2.4","","","","",
"Uzbekistan","UZB","Mortality caused by road traffic injury (per 100,000 population)","SH.STA.TRAF.P5","","","","","","","","","","","","","","","","","","","","","","","","","","","","","","","","","","","","","","","","","9.7","9.6","8.2","9.9","12.8","12.9","10","10.3","10.6","12.9","11.3","11.3","10.3","11.6","10.9","11.9","11.5","11.2","10.2","11.7","","","","","","",
"Uzbekistan","UZB","Educational attainment, at least Master's or equivalent, population 25+, male (%) (cumulative)","SE.TER.CUAT.MS.MA.ZS","","","","","","","","","","","","","","","","","","","","","","","","","","","","","","","","","","","","","","","","","","","","","","","","","","","","","","","","","","","","","","","","","","",
"Uzbekistan","UZB","Educational attainment, Doctoral or equivalent, population 25+, female (%) (cumulative)","SE.TER.CUAT.DO.FE.ZS","","","","","","","","","","","","","","","","","","","","","","","","","","","","","","","","","","","","","","","","","","","","","","","","","","","","","","","","","","","","","","","","","","",
"Uzbekistan","UZB","Adolescents out of school (% of lower secondary school age)","SE.SEC.UNER.LO.ZS","","","","","","","","","","","","","","","","","","","","","","","","","","","","","","","","","","","","","","","","","","","","","","","","3.7929699420929","4.47033023834229","4.87825012207031","4.6139497756958","7.55476999282837","6.97850829002864","6.46305546419203","5.11925010510426","5.91763177706437","5.51575646231438","4.9710872117904","4.03290977753873","1.50767812756223","3.70749859009429","2.97966498624682","2.96583947277719","2.87161615706702","3.00158568293816","2.51166838560487",
"Uzbekistan","UZB","Secondary education, teachers, female","SE.SEC.TCHR.FE","","","","","","","","","","","","","","","","","","","","","","","","","","","","","","","","","","","","","","","","175448","175514","184413","190273","196605","200029","201582","214185","222783","224110","232161","214073","204439","207605","175670","187151","193554","195339","195851","192943","192971","199009","201790","205016","213756","275008","289051",
"Uzbekistan","UZB","Trained teachers in upper secondary education, male (% of male teachers)","SE.SEC.TCAQ.UP.MA.ZS","","","","","","","","","","","","","","","","","","","","","","","","","","","","","","","","","","","","","","","","","","","","","","","","","","","","","","","","","100","92.6008987426758","100","100","100","100","100","100","100","100",
"Uzbekistan","UZB","Trained teachers in lower secondary education, male (% of male teachers)","SE.SEC.TCAQ.LO.MA.ZS","","","","","","","","","","","","","","","","","","","","","","","","","","","","","","","","","","","","","","","","","","","","","","","","","","","","","","","66.3282695937403","63.7477029946891","63.981314220228","99.0159794907381","100","100","100","100","100","100","100","100",
"Uzbekistan","UZB","Progression to secondary school, male (%)","SE.SEC.PROG.MA.ZS","","","","","","","","","","","","","","","","","","","","","","","","","","","","","","","","","","","","","","","","","100","99.21174","98.88493","100","100","100","99.90012","99.87867","100","100","100","100","100","100","100","100","100","100","","","","","","","","",
"Uzbekistan","UZB","School enrollment, secondary, female (% net)","SE.SEC.NENR.FE","","","","","","","","","","","","","","","","","","","","","","","","","","","","","","","","","","","","","","","","","","","","","","","","","","","85.67212","86.25317","87.92494","88.10361","87.78567","88.34952","89.2629","90.35013","","","","","","","","",
"Uzbekistan","UZB","School enrollment, secondary (% gross)","SE.SEC.ENRR","","","","","","","","","","","","","","","","","","","","","","107.770576477051","","","","","107.20703125","","","102.668853759766","101.257141113281","99.6036605834961","98.4910202026367","95.2726669311523","93.3939819335938","93.1175384521484","","","","85.7901000976562","85.3468933105469","","","95.4466171264648","96.2950973510742","87.8653335571289","88.7272109985352","89.7682189941406","88.2303695678711","89.0436019897461","89.9835586547852","89.7831726074219","92.0473722973161","92.0626676426806","91.7418371921357","92.2428124917835","92.8148657883702","93.8775736591193","94.9465096520158","96.2074737548828","90.0642970154019","97.2589036917117","97.3779819618405","97.3839945834102","96.8399222342106","98.1198414913864",
"Uzbekistan","UZB","Pupil-teacher ratio, secondary","SE.SEC.ENRL.TC.ZS","","","","","","","","","","","","","","","","","","","","","","14.98855","","","","","13.76491","","","11.26217","10.88961","10.56415","10.29524","9.84891","9.54567","9.75573","","","","11.09398","11.50156","","","12.91747","12.97119","13.30873","13.03556","13.06257","12.57795","12.27106","13.00627","13.27681","12.84043","11.68829","10.90033","10.69989","10.43487","10.32977","","","","","","","","",
"Uzbekistan","UZB","Secondary education, pupils (% female)","SE.SEC.ENRL.FE.ZS","","","","","","","","","","","","","","","","","","","","","","","","","","","","","","","","","","","","","","","","49.05418","48.64717","","","48.32979","48.14155","48.37785","48.48214","48.73064","48.79614","48.93765","48.80559","48.60232","48.64005","48.60805","48.58767","48.59321","48.57865","48.56844","","","","","","","","",
"Uzbekistan","UZB","Educational attainment, at least completed upper secondary, population 25+, male (%) (cumulative)","SE.SEC.CUAT.UP.MA.ZS","","","","","","","","","","","","","","","","","","","","","","","","","","","","","","","","","","","","","","","","","","","","","","","","","","","","","","93.3960723876953","93.7922897338867","93.9281387329102","94.1583404541016","","97.0503234863281","97.5694808959961","98.6365889365134","97.0958786010742","97.6662673950195","","","",
"Uzbekistan","UZB","Educational attainment, at least completed post-secondary, population 25+, female (%) (cumulative)","SE.SEC.CUAT.PO.FE.ZS","","","","","","","","","","","","","","","","","","","","","","","","","","","","","","","","","","","","","","","","","","","","","","","","","","","","","","","","","","","","","","","","","","",
"Uzbekistan","UZB","Lower secondary completion rate, total (% of relevant age group)","SE.SEC.CMPT.LO.ZS","","","","","","","","","","","","","","","","","","","","","","","","","","","","","","","","","","","","","","","","","","90.5245513916016","95.218147277832","95.3053970336914","94.1122436523438","96.2588195800781","98.1426315307617","95.3766326904297","92.2466201782227","92.9898223876953","92.3772126939303","91.1706033354405","91.3521826378536","91.1059488252963","94.7632608472376","91.7226939981784","93.3463567787813","93.8109147178955","92.0906950030926","94.2373262543223","92.6584035285222","96.0602031224925","97.0785461614921","95.5713837120627","95.7139985382965","97.567221905481",
"Uzbekistan","UZB","Children out of school (% of primary school age)","SE.PRM.UNER.ZS","","","","","","","","","","","","","","","","","","","","","","","","","","","","","","","","","","","","","","","","","","","","","","","","5.55917978286743","3.01612997055054","2.51174998283386","3.32286918442805","4.43927624540676","4.86679435834929","4.69112727045001","2.71691315194567","2.34213829972093","1.67422440966654","1.8431509533907","0.373896367832431","1.58556453241373","1.24151080621542","1.45487922871573","4.10981300842443","4.80832625880641","0.565685032172444","0.655471451573637",
"Uzbekistan","UZB","Children out of school, primary, female","SE.PRM.UNER.FE","","","","","","","","","","","","","","","","","","","","","","","","","","","","","","","","","","","","","","","","","","","","","","","","65775","35126","29646","38394","50242","54151","51724","31847","30142","23964","27454","","20611","17423","17498","53023","61295","","",
"Uzbekistan","UZB","Adjusted net enrollment rate, primary (% of primary school age children)","SE.PRM.TENR","","","","","","","","","","","","","","","","","","","","","","","","","","","","","","","","","","","","","","","","","","","","","","","","92.70987","93.87396","90.8622","91.90801","92.69571","94.30893","95.6141","96.87748","97.16237","97.5543","98.59284","96.84487","","","","","","","",
"Uzbekistan","UZB","Trained teachers in primary education, male (% of male teachers)","SE.PRM.TCAQ.MA.ZS","","","","","","","","","","","","","","","","","","","","","","","","","","","","","","","","","","","","","","","","","","","","","","","100","100","100","100","100","100","","","","","","98.9579421704844","99.0316534777176","100","98.4117647058823","100","100","100","100","100",
"Uzbekistan","UZB","Repeaters, primary, female (% of female enrollment)","SE.PRM.REPT.FE.ZS","","","","","","","","","","","","","","","","","","","","","","","","","","","","","","","","","","","","","","","","","","0.03416","0.0252","0.01666","0.01215","0.00914","0.00876","0.00571","0.00447","0.00279","0.00534","0.0018","0.00317","0.00323","0.00386","0.00281","0.00183","0.00173","0.00133","","","","","","","",
"Uzbekistan","UZB","Persistence to grade 5, total (% of cohort)","SE.PRM.PRS5.ZS","","","","","","","","","","","","","","","","","","","","","","","","","","","","","","","","","","","","","","","","","","","","","","","","","","","","","","","","","","","","","","","","","","",
"Uzbekistan","UZB","Over-age students, primary (% of enrollment)","SE.PRM.OENR.ZS","","","","","","","","","","","","","","","","","","","","","","","","","","","","","","","","","","","","","","","","","","","","","","","","1.13913","1.22516","1.0802","0.92799","1.0256","0.9751","0.92741","1.23444","1.05097","0.90763","0.44897","0.4024","","","","","","","",
"Uzbekistan","UZB","Net intake rate in grade 1, male (% of official school-age population)","SE.PRM.NINT.MA.ZS","","","","","","","","","","","","","","","","","","","","","","","","","","","","","","","","","","","","","","","","","","","","","","","","","","78.8272","","","81.49709","81.49927","81.88549","","","90.17922","","","","","","","","",
"Uzbekistan","UZB","School enrollment, primary (% net)","SE.PRM.NENR","","","","","","","","","","","","","","","","","","","","","","","","","","","","","","","","","","","","","","","","","","","","","","","","90.11097","88.69125","88.21265","89.1713","89.70999","91.43744","92.8049","94.09132","94.44588","95.11214","96.26941","94.59704","","","","","","","",
"Uzbekistan","UZB","School enrollment, primary, male (% gross)","SE.PRM.ENRR.MA","","","","","","","","","","","","","","","","","","","","","","111.742149353027","","","","","117.924728393555","","","111.322563171387","111.579322814941","112.227409362793","103.206230163574","101.108581542969","102.12712097168","103.234580993652","99.7793197631836","99.6758728027344","100.608299255371","100.830841064453","99.1416931152344","98.3488693237305","98.6327896118164","97.2179412841797","97.2560729980469","97.122917175293","96.4280624389648","96.7465667724609","96.910026550293","97.3522567749023","96.9924216242432","95.9931202703051","95.6288039947035","95.8471391788572","97.1485459018852","97.2684621423317","98.0889433584162","98.4873820982174","98.6566445525873","98.3113491350062","98.7299149652753","97.9845864141999","94.0804049355564","93.4475952048529","94.5555551731141","123.095985574383",
"Uzbekistan","UZB","Primary education, pupils (% female)","SE.PRM.ENRL.FE.ZS","","","","","","","","","","","","","","","","","","","","","","48.59813","","","","","48.5794","","","49.05523","49.20236","49.0635","49.1983","49.47154","49.05073","48.40703","48.44639","49.13393","49.04679","49.13419","49.04574","48.91169","48.68276","48.95697","48.70204","48.64689","48.63488","48.51926","48.60082","48.57164","48.45301","48.34564","48.37393","48.38957","48.39801","48.39757","48.37809","48.3306","48.30576","","","","","","","",
"Uzbekistan","UZB","Educational attainment, at least completed primary, population 25+ years, male (%) (cumulative)","SE.PRM.CUAT.MA.ZS","","","","","","","","","","","","","","","","","","","","","","","","","","","","","","","","","","","","","","","","","","","","","","","","","","","","","","","","","","","100","100","100","100","100","","","",
"Uzbekistan","UZB","Primary completion rate, female (% of relevant age group)","SE.PRM.CMPT.FE.ZS","","","","","","","","","","","","","","","","","","","","","","","","","","","","","","","","","","","","","","","","","","100.920890808105","97.0428771972656","95.4948501586914","95.8052368164062","99.588981628418","94.8442764282227","95.2248229980469","95.4317932128906","97.3706665039062","96.7000790614335","94.3723356495552","95.2430551300746","92.9933570263434","96.3967462478156","93.4327722963823","97.4084712927779","97.964822326057","96.7305366306999","96.6348801762453","98.8075152277732","98.5476740371154","98.2551185299948","96.3231640338948","97.5320588097139","83.0584947331648",
"Uzbekistan","UZB","Trained teachers in preprimary education, female (% of female teachers)","SE.PRE.TCAQ.FE.ZS","","","","","","","","","","","","","","","","","","","","","","","","","","","","","","","","","","","","","","","","","","","","","","","100","100","100","100","100","100","100","100","100","100","100","100","100","98.7021789550781","100","100","100","100","","",
"Uzbekistan","UZB","Pupil-teacher ratio, preprimary","SE.PRE.ENRL.TC.ZS","","","","","","","","","","","","","","","","","","","","","","18.12277","","","","","16.06452","","","15.66625","15.526","15.02561","14.46436","11.90954","11.64172","11.14672","","","","9.36143","9.56728","9.74147","9.78774","9.59743","9.28847","9.23904","9.27489","9.2711","9.17491","8.91879","8.69691","9.2596","9.6539","9.9033","9.97808","10.76957","10.86654","11.57645","11.58494","","","","","","","",
"Uzbekistan","UZB","Primary school age children out-of-school (%)","SE.LPV.PRIM.SD","","","","","","","","","","","","","","","","","","","","","","","","","","","","","","","","","","","","","","","","","","","","","","","","","","","","","","","","","","","","","","3.1551284790039","","","","",
"Uzbekistan","UZB","Pupils below minimum reading proficiency at end of primary (%). Low GAML threshold","SE.LPV.PRIM.LD","","","","","","","","","","","","","","","","","","","","","","","","","","","","","","","","","","","","","","","","","","","","","","","","","","","","","","","","","","","","","","30.1617736816406","","","","",
"Uzbekistan","UZB","School enrollment, secondary (gross), gender parity index (GPI)","SE.ENR.SECO.FM.ZS","","","","","","","","","","","","","","","","","","","","","","","","","","","","","","","","","","","","","","","","0.984210014343262","0.968779981136322","","","0.963050007820129","0.959330022335052","0.970459997653961","0.97886997461319","0.991729974746704","0.997070014476776","1.00480997562408","1.00060999393463","0.992780029773712","0.993269979953766","0.990660011768341","0.988659977912903","0.988189995288849","0.987410008907318","0.987500011920929","0.991079986095428","0.994539976119995","0.999750018119812","1.00305998325348","","","","",
"Uzbekistan","UZB","Literacy rate, adult total (% of people ages 15 and above)","SE.ADT.LITR.ZS","","","","","","","","","","","","","","","","","","","","","","","","","","","","","","","","","","","","","","","","","98.6399993896484","","","","","","","","","","","","","99.9899978637695","99.9800033569336","99.9800033569336","99.9899978637695","","99.9899978637695","100","","100","100","","","",
"Uzbekistan","UZB","Literacy rate, youth male (% of males ages 15-24)","SE.ADT.1524.LT.MA.ZS","","","","","","","","","","","","","","","","","","","","","","","","","","","","","","","","","","","","","","","","","99.8499984741211","","","","","","","","","","","","","100","100","100","100","","100","100","","100","100","","","",
"Uzbekistan","UZB","Coverage of social insurance programs in richest quintile (% of population)","per_si_allsi.cov_q5_tot","","","","","","","","","","","","","","","","","","","","","","","","","","","","","","","","","","","","","","","","","","","","","","","","","","","","","","","","","","","19.0636785532541","","","","","","","",
"Uzbekistan","UZB","Coverage of social insurance programs in poorest quintile (% of population)","per_si_allsi.cov_q1_tot","","","","","","","","","","","","","","","","","","","","","","","","","","","","","","","","","","","","","","","","","","","","","","","","","","","","","","","","","","","20.778256061164","","","","","","","",
"Uzbekistan","UZB","Coverage of social safety net programs in richest quintile (% of population)","per_sa_allsa.cov_q5_tot","","","","","","","","","","","","","","","","","","","","","","","","","","","","","","","","","","","","","","","","","","","","","","","","","","","","","","","","","","","3.94147040382303","","","","","","","",
"Uzbekistan","UZB","Coverage of social safety net programs in poorest quintile (% of population)","per_sa_allsa.cov_q1_tot","","","","","","","","","","","","","","","","","","","","","","","","","","","","","","","","","","","","","","","","","","","","","","","","","","","","","","","","","","","10.2577379102206","","","","","","","",
"Uzbekistan","UZB","Coverage of unemployment benefits and ALMP in richest quintile (% of population)","per_lm_alllm.cov_q5_tot","","","","","","","","","","","","","","","","","","","","","","","","","","","","","","","","","","","","","","","","","","","","","","","","","","","","","","","","","","","","","","","","","","",
"Uzbekistan","UZB","Coverage of unemployment benefits and ALMP in poorest quintile (% of population)","per_lm_alllm.cov_q1_tot","","","","","","","","","","","","","","","","","","","","","","","","","","","","","","","","","","","","","","","","","","","","","","","","","","","","","","","","","","","","","","","","","","",
"Uzbekistan","UZB","Coverage of social protection and labor programs (% of population)","per_allsp.cov_pop_tot","","","","","","","","","","","","","","","","","","","","","","","","","","","","","","","","","","","","","","","","","","","","","","","","","","","","","","","","","","","25.4577679437466","","","","","","","",
"Uzbekistan","UZB","Price level index (Households and NPISHs Final consumption expenditure)","PA.NUS.PRVT.PLI","","","","","","","","","","","","","","","","","","","","","","","","","","","","","","","","","","","","","","","","","","","","","","","","","","","36.0669223885085","36.7834231553708","38.8721352392069","40.9899600613219","42.3547803438801","43.8481787571097","43.3354798616899","29.7518822427229","22.8882296309351","24.8783154796227","25.8096055890929","27.3961195009467","27.1422907117345","26.9923030822196","26.6591313289921","28.40579010029",
"Uzbekistan","UZB","DEC alternative conversion factor (LCU per US$)","PA.NUS.ATLS","","","","","","","","","","","","","","","","","","","","","","","","","","","","0.0031994","0.00273921","0.002569125","0.002427","0.00446004","0.03426689","0.390273","5.029632","22.679913","40.08","66.25","94.48","124.64","236.59","431.99","769.03","971.34","1019.2","1112.94","1218.92","1263.48","1318.8","1465.62","1586.1659","1715.4279","1889.74","2094.988465","2310.948159","2567.987213","2965.253499","5113.878946","8069.606237","8836.7875","10054.261334","10609.464391","11050.145422","11734.83342","12652.286821","12579.394348",
"Uzbekistan","UZB","Net secondary income (Net current transfers from abroad) (current US$)","NY.TRF.NCTR.CD","","","","","","","","","","","","","","","","","","","","","","","","","","","","","","","","","12957113.9954633","30747707.3740689","25459119.0767038","24939690.0243841","-2000000","28500000","43000000","49000000","13000000","43000000","120000000","319000000","355865287.480377","657885936.79803","732864699.898271","1039000000","1839000000","1164111574.35079","2001895337.30362","2991471924.58511","4240700192.72493","3842386330.99109","4434412876.41624","2291473813.81451","3291643197.4169","4322916764.05279","4207690940.27357","5454549802.25563","4913656665.8493","6238957923.72428","10817159060.2513","8805159008.68484","10579121790.0152","13727398700.1674",
"Uzbekistan","UZB","Patent applications, residents","IP.PAT.RESD","","","","","","","","","","","","","","","","","","","","","","","","","","","","","","","","","","2136","1061","1039","914","815","721","767","755","803","715","931","273","264","323","324","262","238","370","282","257","299","345","288","353","357","470","374","356","413","","","","",
"Uzbekistan","UZB","Industrial design applications, nonresident, by count","IP.IDS.NRCT","","","","","","","","","","","","","","","","","","","","","","","","","","","","","","","","","","","","","","","","","","","","","23","32","23","20","38","28","18","26","37","20","47","22","109","22","26","17","31","42","","","","",
"Uzbekistan","UZB","Public private partnerships investment in energy (current US$)","IE.PPN.ENGY.CD","","","","","","","","","","","","","","","","","","","","","","","","","","","","","","","","","","","","","","","","","","","","","","","","","","","","","","","","","","","","12000000","120000000","1002000000","3027400000","1611940000","1200770000","",
"Uzbekistan","UZB","Investment in energy with private participation (current US$)","IE.PPI.ENGY.CD","","","","","","","","","","","","","","","","","","","","","","","","","","","","","","","","","","","","","","","","","","","","","","","","","","","","","","","","","","","","12000000","120000000","1002000000","3027400000","1611940000","1200770000","",
"Uzbekistan","UZB","Time spent dealing with the requirements of government regulations (% of senior management time)","IC.GOV.DURS.ZS","","","","","","","","","","","","","","","","","","","","","","","","","","","","","","","","","","","","","","","","","","","5.4","7.9","","2.5","","","11.05857563","","","","","18.8353138","","","","","","4.895523071","","","","","1.603266716","",
"Uzbekistan","UZB","Firms that introduced a new product/service and process, and spent on R&D","IC.FRM.NPRD.ZS","","","","","","","","","","","","","","","","","","","","","","","","","","","","","","","","","","","","","","","","","","","","","","","","","","","","","","0","","","","","","2.24304533","","","","","0.9275401831","",
"Uzbekistan","UZB","Firms with at least 10% foreign ownership","IC.FRM.FO.ZS","","","","","","","","","","","","","","","","","","","","","","","","","","","","","","","","","","","","","","","","","","","","","","","","","4.433149815","","","","","6.321457863","","","","","","4.607978821","","","","","2.276071787","",
"Uzbekistan","UZB","Firms adopting energy management measures to reduce emissions (% of firms)","IC.FRM.ENGM.ZS","","","","","","","","","","","","","","","","","","","","","","","","","","","","","","","","","","","","","","","","","","","","","","","","","","","","","","","","","","","","","","","","","39.24007034","",
"Uzbekistan","UZB","Informal payments to public officials (% of firms)","IC.FRM.CORR.ZS","","","","","","","","","","","","","","","","","","","","","","","","","","","","","","","","","","","","","","","","","","","48","52.4","","37.6","","","59.47600174","","","","","4.128927231","","","","","","7.345537186","","","","","6.705952168","",
"Uzbekistan","UZB","Bribery incidence (% of firms experiencing at least one bribe payment request)","IC.FRM.BRIB.ZS","","","","","","","","","","","","","","","","","","","","","","","","","","","","","","","","","","","","","","","","","","","","","","","","","55.51237106","","","","","6.005354881","","","","","","5.943791866","","","","","7.454375267","",
"Uzbekistan","UZB","Firms experiencing electrical outages (% of firms)","IC.ELC.OUTG.ZS","","","","","","","","","","","","","","","","","","","","","","","","","","","","","","","","","","","","","","","","","","","","","","","","","52.900177","","","","","43.57548904","","","","","","35.77058411","","","","","14.70072174","",
"Uzbekistan","UZB","New businesses registered (number)","IC.BUS.NREG","","","","","","","","","","","","","","","","","","","","","","","","","","","","","","","","","","","","","","","","","","","","","","","7554","8605","9084","13146","14487","15999","12801","16950","17072","17785","21893","26186","35801","60814","61677","70464","66078","69517","64020","",
"Uzbekistan","UZB","B-READY: Utility Services Pillar 1: Quality of Regulations on Utility Services","IC.BRE.US.P1","","","","","","","","","","","","","","","","","","","","","","","","","","","","","","","","","","","","","","","","","","","","","","","","","","","","","","","","","","","","","","","","","","",
"Uzbekistan","UZB","B-READY: Taxation Pillar 1: Quality of Regulations on Taxation","IC.BRE.TX.P1","","","","","","","","","","","","","","","","","","","","","","","","","","","","","","","","","","","","","","","","","","","","","","","","","","","","","","","","","","","","","","","","","","",
"Uzbekistan","UZB","B-READY: Pillar 1: Regulatory Framework","IC.BRE.P1.RF","","","","","","","","","","","","","","","","","","","","","","","","","","","","","","","","","","","","","","","","","","","","","","","","","","","","","","","","","","","","","","","","","","",
"Uzbekistan","UZB","B-READY: Market Competition: Overall Score","IC.BRE.MC.OS","","","","","","","","","","","","","","","","","","","","","","","","","","","","","","","","","","","","","","","","","","","","","","","","","","","","","","","","","","","","","","","","","","",
"Uzbekistan","UZB","B-READY: Labor: Overall Score","IC.BRE.LB.OS","","","","","","","","","","","","","","","","","","","","","","","","","","","","","","","","","","","","","","","","","","","","","","","","","","","","","","","","","","","","","","","","","","",
"Uzbekistan","UZB","B-READY: International Trade: Overall Score","IC.BRE.IT.OS","","","","","","","","","","","","","","","","","","","","","","","","","","","","","","","","","","","","","","","","","","","","","","","","","","","","","","","","","","","","","","","","","","",
"Uzbekistan","UZB","B-READY: Financial Services: Overall Score","IC.BRE.FS.OS","","","","","","","","","","","","","","","","","","","","","","","","","","","","","","","","","","","","","","","","","","","","","","","","","","","","","","","","","","","","","","","","","","",
"Uzbekistan","UZB","B-READY: Dispute Resolution: Overall Score","IC.BRE.DR.OS","","","","","","","","","","","","","","","","","","","","","","","","","","","","","","","","","","","","","","","","","","","","","","","","","","","","","","","","","","","","","","","","","","",
"Uzbekistan","UZB","B-READY: Business Location: Overall Score","IC.BRE.BL.OS","","","","","","","","","","","","","","","","","","","","","","","","","","","","","","","","","","","","","","","","","","","","","","","","","","","","","","","","","","","","","","","","","","",
"Uzbekistan","UZB","B-READY: Business Insolvency: Overall Score","IC.BRE.BI.OS","","","","","","","","","","","","","","","","","","","","","","","","","","","","","","","","","","","","","","","","","","","","","","","","","","","","","","","","","","","","","","","","","","",
"Uzbekistan","UZB","B-READY: Business Entry: Overall Score","IC.BRE.BE.OS","","","","","","","","","","","","","","","","","","","","","","","","","","","","","","","","","","","","","","","","","","","","","","","","","","","","","","","","","","","","","","","","","","",
"Uzbekistan","UZB","Human capital index plus (HCI+): on-the-job learning pillar score, total (scale -30–87)","HD_HCIP_OTJL_TO","","","","","","","","","","","","","","","","","","","","","","","","","","","","","","","","","","","","","","","","","","","","","","","","","","","35.6972028673068","","","","","34.1575992908842","","","","","32.6413696810156","","","","","27.712580089438",
"Uzbekistan","UZB","Human capital index plus (HCI+): health pillar score, male (scale 0–50)","HD_HCIP_HLTH_MA","","","","","","","","","","","","","","","","","","","","","","","","","","","","","","","","","","","","","","","","","","","","","","","","","","","39.7275885307789","","","","","40.9309685754776","","","","","41.1994566965103","","","","","42.524337927103",
"Uzbekistan","UZB","Human capital index plus (HCI+): education pillar score, female (scale 0–188)","HD_HCIP_EDUC_FE","","","","","","","","","","","","","","","","","","","","","","","","","","","","","","","","","","","","","","","","","","","","","","","","","","","","","","","","","","","","","111.12217941268","","","","","95.4183361416107",
"Uzbekistan","UZB","Regulatory Quality - Governance estimate (approx. -2.5 to +2.5)","GOV_WGI_RQ_EST","","","","","","","","","","","","","","","","","","","","","","","","","","","","","","","","","","","","","-1.8243401","","-2.0351444","","-2.13159889999999","","-1.7245787","-1.6968231","-1.6385296","-1.61280659999999","-1.5906725","-1.4473985","-1.4130371","-1.4821917","-1.5049808","-1.58081579999999","-1.4475479","-1.4471998","-1.46679539999999","-1.4349451","-1.4002382","-1.2927183","-1.1476921","-0.9215511","-1.0224974","-0.6939061","-0.648251799999999","-0.6716791","-0.526744299999999","",
"Uzbekistan","UZB","Political Stability - Governance estimate (approx. -2.5 to +2.5)","GOV_WGI_PV_EST","","","","","","","","","","","","","","","","","","","","","","","","","","","","","","","","","","","","","-0.6058852","","-0.884042099999999","","-1.20219759999999","","-0.971751399999999","-1.33981139999999","-1.2856128","-1.8095801","-1.5779657","-1.12814899999999","-0.995043799999999","-0.862932799999999","-0.650179","-0.611603999999999","-0.561242799999999","-0.5624156","-0.2604881","-0.3053458","-0.2080446","-0.2138791","-0.2119487","-0.2167593","-0.3614058","-0.221247","-0.2325524","-0.2504784","-0.0267335","",
"Uzbekistan","UZB","Control of Corruption - Governance estimate (approx. -2.5 to +2.5)","GOV_WGI_CC_EST","","","","","","","","","","","","","","","","","","","","","","","","","","","","","","","","","","","","","-1.23622909999999","","-1.1608581","","-1.29076219999999","","-1.0900414","-1.1057682","-1.24355289999999","-1.4380121","-1.2178175","-1.2191216","-1.221967","-1.3731472","-1.3718693","-1.4422773","-1.3688011","-1.2602046","-1.2360262","-1.25906189999999","-1.2283125","-1.24484559999999","-1.2111454","-1.1224344","-0.835694199999999","-0.7419446","-0.699129999999999","-0.701745899999999","-0.754316299999999","",
"Uzbekistan","UZB","WBL: Enforcement Perceptions Index (scale 0-100)","GD_WBL_OVL_ENF","","","","","","","","","","","","","","","","","","","","","","","","","","","","","","","","","","","","","","","","","","","","","","","","","","","","","","","","","","","","","","","","","","57.2",
"Uzbekistan","UZB","Expense (current LCU)","GC.XPN.TOTL.CN","","","","","","","","","","","","","","","","","","","","","","","","","","","","","","","","","","","","","","","","","","","","","","","","","","","","14774849000000","18191862100000","23225200000000","27967283437600","33346719434527.5","36614517400540.1","45310646762662.9","69642286710556.3","89173313121715","127232651346506","188345594302485","229732852963118","281942559280857","","",
"Uzbekistan","UZB","Interest payments (% of revenue)","GC.XPN.INTP.RV.ZS","","","","","","","","","","","","","","","","","","","","","","","","","","","","","","","","","","","","","","","","","","","","","","","","","","","","0.143375660372206","0.113481315522644","0.100070798574892","0.123522693198855","0.130745435525159","0.110555525473012","0.194564454166463","0.284610191769451","0.970931912133264","1.33747129240554","1.33859459011557","1.52945305482558","3.28124674930809","","",
"Uzbekistan","UZB","Compensation of employees (% of expense)","GC.XPN.COMP.ZS","","","","","","","","","","","","","","","","","","","","","","","","","","","","","","","","","","","","","","","","","","","","","","","","","","","","","","","","","7.64349685669138","12.3871335988631","9.25522276230957","7.35965429359584","21.0978778899856","18.0292427506408","22.0873913737063","21.3481141294301","","",
"Uzbekistan","UZB","Taxes on income, profits and capital gains (current LCU)","GC.TAX.YPKG.CN","","","","","","","","","","","","","","","","","","","","","","","","","","","","","","","","","","","","","","","","","","","","","","","","","","","","4820684100000","5856967400000","6612110000000","7727786624220","8101121636364.98","10029413409406.8","12883474308743.2","16045960724039.1","16291584613958.9","32739992433830.1","43272234711995.2","43460952230789.1","47547871145610","","",
"Uzbekistan","UZB","Other taxes (current LCU)","GC.TAX.OTHR.CN","","","","","","","","","","","","","","","","","","","","","","","","","","","","","","","","","","","","","","","","","","","","","","","","","","","","111900000","210800000","142562710","","212963010","133722090","3759000","5123990","26351340","","","9218717103.2432","3717151138.39","","",
"Uzbekistan","UZB","Customs and other import duties (current LCU)","GC.TAX.IMPT.CN","","","","","","","","","","","","","","","","","","","","","","","","","","","","","","","","","","","","","","","","","","","","","","","","","","","","629270500000","855714100000","1132150000000","1486485828000","1651059860700","1578932121480","1917052975790","2196404816000","2703267919160","3962403715330","5313446193340","6706418882600","11126911928350","","",
"Uzbekistan","UZB","Taxes on exports (% of tax revenue)","GC.TAX.EXPT.ZS","","","","","","","","","","","","","","","","","","","","","","","","","","","","","","","","","","","","","","","","","","","","","","","","","","","","","","","","","","1.65443374700993","","","","","","","","",
"Uzbekistan","UZB","Social contributions (% of revenue)","GC.REV.SOCL.ZS","","","","","","","","","","","","","","","","","","","","","","","","","","","","","","","","","","","","","","","","","","","","","","","","","","","","19.3057812699297","18.8668098004916","23.3259313085957","24.6872459281096","24.2368280941116","24.4430322508352","24.7827961342984","20.6360812334745","21.9764974934752","15.810808951245","15.5783116916266","14.2810867541573","15.3638562088752","","",
"Uzbekistan","UZB","Net lending (+) / net borrowing (-) (% of GDP)","GC.NLD.TOTL.GD.ZS","","","","","","","","","","","","","","","","","","","","","","","","","","","","","","","","","","","","","","","","","","","","","","","","","","","","6.29483068006773","7.87789670853213","3.9017763452269","3.42555205909821","2.31888103169482","3.06420505858676","1.19225244333732","2.33543843932854","0.428914942194539","-1.62467529778057","-3.99062780630644","-3.39863770838486","-4.08074522774552","","",
"Uzbekistan","UZB","Net incurrence of liabilities, total (% of GDP)","GC.LBL.TOTL.GD.ZS","","","","","","","","","","","","","","","","","","","","","","","","","","","","","","","","","","","","","","","","","","","","","","","","","","","","-0.152973901259337","-0.0265967765356021","-0.0579313856783532","-0.00377889580770346","0.101640934214699","0.0799135992685906","0.0225119545680252","-0.211498608383574","-0.14379797473892","0.000338375991240045","-0.740048359986478","0.344959056905658","4.23762401202854","","",
"Uzbekistan","UZB","Net acquisition of financial assets (% of GDP)","GC.AST.TOTL.GD.ZS","","","","","","","","","","","","","","","","","","","","","","","","","","","","","","","","","","","","","","","","","","","","","","","","","","","","6.14319477926767","7.85232801375648","3.84149208912512","3.41141513048411","2.4268892463438","3.14816769634716","1.21476443618519","2.12404077242879","0.285114310674341","-1.62433692178791","-4.73067616629298","-3.05367865147984","0.156878783986275","","",
"Uzbekistan","UZB","Account ownership at a financial institution or with a mobile-money-service provider, young adults (% of population ages 15-24)","FX.OWN.TOTL.YG.ZS","","","","","","","","","","","","","","","","","","","","","","","","","","","","","","","","","","","","","","","","","","","","","","","","","","","","15.0205667106027","","","24.8653072742292","","","20.8981165666026","","","","24.4000249700926","","","35.414358743409","",
